1      85.000000     304.000000 0.0000000e+00
2      85.000000     308.000000 0.0000000e+00
3      85.000000     312.000000 0.0000000e+00
4      85.000000     316.000000 0.0000000e+00
5      85.000000     320.000000 0.0000000e+00
6      85.000000     324.000000 0.0000000e+00
7      85.000000     328.000000 0.0000000e+00
8      85.000000     332.000000 0.0000000e+00
9      85.000000     336.000000 0.0000000e+00
10      85.000000     340.000000 0.0000000e+00
11      85.000000     344.000000 0.0000000e+00
12      85.000000     348.000000 0.0000000e+00
13      85.000000     352.000000 0.0000000e+00
14      85.000000     356.000000 0.0000000e+00
15      85.000000     360.000000 0.0000000e+00
16      85.000000     364.000000 0.0000000e+00
17      85.000000     368.000000 0.0000000e+00
18      85.000000     372.000000 0.0000000e+00
19      85.000000     376.000000 0.0000000e+00
20      85.000000     380.000000 0.0000000e+00
21      85.000000     384.000000 0.0000000e+00
22      85.000000     388.000000 0.0000000e+00
23      85.000000     392.000000 0.0000000e+00
24      85.000000     396.000000 0.0000000e+00
25      85.000000     400.000000 0.0000000e+00
26      85.000000     404.000000 0.0000000e+00
27      85.000000     408.000000 0.0000000e+00
28      85.000000     412.000000 0.0000000e+00
29      85.000000     416.000000 0.0000000e+00
30      85.000000     420.000000 0.0000000e+00
31      85.000000     424.000000 0.0000000e+00
32      85.000000     428.000000 0.0000000e+00
33      85.000000     432.000000 0.0000000e+00
34      85.000000     436.000000 0.0000000e+00
35      85.000000     440.000000 0.0000000e+00
36      85.000000     444.000000 0.0000000e+00
37      85.000000     448.000000 0.0000000e+00
38      85.000000     452.000000 0.0000000e+00
39      85.000000     456.000000 0.0000000e+00
40      85.000000     460.000000 0.0000000e+00
41      85.000000     464.000000 0.0000000e+00
42      85.000000     468.000000 0.0000000e+00
43      85.000000     472.000000 0.0000000e+00
44      85.000000     476.000000 0.0000000e+00
45      85.000000     480.000000 0.0000000e+00
46      85.000000     484.000000 0.0000000e+00
47      85.000000     488.000000 0.0000000e+00
48      85.000000     492.000000 0.0000000e+00
49      85.000000     496.000000 0.0000000e+00
50      85.000000     500.000000 0.0000000e+00
51      85.000000     504.000000 0.0000000e+00
52      85.000000     508.000000 0.0000000e+00
53      85.000000     512.000000 0.0000000e+00
54      85.000000     516.000000 0.0000000e+00
55      85.000000     520.000000 0.0000000e+00
56      85.000000     524.000000 0.0000000e+00
57      85.000000     528.000000 0.0000000e+00
58      85.000000     532.000000 0.0000000e+00
59      85.000000     536.000000 0.0000000e+00
60      85.000000     540.000000 0.0000000e+00
61      85.000000     544.000000 0.0000000e+00
62      85.000000     548.000000 0.0000000e+00
63      85.000000     552.000000 0.0000000e+00
64      85.000000     556.000000 0.0000000e+00
65      85.000000     560.000000 0.0000000e+00
66      85.000000     564.000000 0.0000000e+00
67      85.000000     568.000000 0.0000000e+00
68      85.000000     572.000000 0.0000000e+00
69      85.000000     576.000000 0.0000000e+00
70      85.000000     580.000000 0.0000000e+00
71      85.000000     584.000000 0.0000000e+00
72      85.000000     588.000000 0.0000000e+00
73      85.000000     592.000000 0.0000000e+00
74      85.000000     596.000000 0.0000000e+00
75      85.000000     600.000000 0.0000000e+00
76      85.000000     604.000000 0.0000000e+00
77      85.000000     608.000000 0.0000000e+00
78      85.000000     612.000000 0.0000000e+00
79      85.000000     616.000000 0.0000000e+00
80      85.000000     620.000000 0.0000000e+00
81      85.000000     624.000000 0.0000000e+00
82      85.000000     628.000000 0.0000000e+00
83      85.000000     632.000000 0.0000000e+00
84      85.000000     636.000000 0.0000000e+00
85      85.000000     640.000000 0.0000000e+00
86      85.000000     644.000000 0.0000000e+00
87      85.000000     648.000000 0.0000000e+00
88      85.000000     652.000000 0.0000000e+00
89      85.000000     656.000000 0.0000000e+00
90      85.000000     660.000000 0.0000000e+00
91      85.000000     664.000000 0.0000000e+00
92      85.000000     668.000000 0.0000000e+00
93      85.000000     672.000000 0.0000000e+00
94      85.000000     676.000000 0.0000000e+00
95      85.000000     680.000000 0.0000000e+00
96      85.000000     684.000000 0.0000000e+00
97      85.000000     688.000000 0.0000000e+00
98      85.000000     692.000000 0.0000000e+00
99      85.000000     696.000000 0.0000000e+00
100      85.000000     700.000000 0.0000000e+00
101      85.000000     704.000000 0.0000000e+00
102      85.000000     708.000000 0.0000000e+00
103      85.000000     712.000000 0.0000000e+00
104      85.000000     716.000000 0.0000000e+00
105      85.000000     720.000000 0.0000000e+00
106      85.000000     724.000000 0.0000000e+00
107      85.000000     728.000000 0.0000000e+00
108      85.000000     732.000000 0.0000000e+00
109      85.000000     736.000000 0.0000000e+00
110      85.000000     740.000000 0.0000000e+00
111      85.000000     744.000000 0.0000000e+00
112      85.000000     748.000000 0.0000000e+00
113      85.000000     752.000000 0.0000000e+00
114      85.000000     756.000000 0.0000000e+00
115      85.000000     760.000000 0.0000000e+00
116      85.000000     764.000000 0.0000000e+00
117      85.000000     768.000000 0.0000000e+00
118      85.000000     772.000000 0.0000000e+00
119      85.000000     776.000000 0.0000000e+00
120      85.000000     780.000000 0.0000000e+00
121      85.000000     784.000000 0.0000000e+00
122      85.000000     788.000000 0.0000000e+00
123      85.000000     792.000000 0.0000000e+00
124      85.000000     796.000000 0.0000000e+00
125      85.000000     800.000000 0.0000000e+00
126      85.000000     804.000000 0.0000000e+00
127      85.000000     808.000000 0.0000000e+00
128      85.000000     812.000000 0.0000000e+00
129      85.000000     816.000000 0.0000000e+00
130      85.000000     820.000000 0.0000000e+00
131      85.000000     824.000000 0.0000000e+00
132      85.000000     828.000000 0.0000000e+00
133      85.000000     832.000000 0.0000000e+00
134      85.000000     836.000000 0.0000000e+00
135      85.000000     840.000000 0.0000000e+00
136      85.000000     844.000000 0.0000000e+00
137      85.000000     848.000000 0.0000000e+00
138      85.000000     852.000000 0.0000000e+00
139      85.000000     856.000000 0.0000000e+00
140      85.000000     860.000000 0.0000000e+00
141      85.000000     864.000000 0.0000000e+00
142      85.000000     868.000000 0.0000000e+00
143      85.000000     872.000000 0.0000000e+00
144      85.000000     876.000000 0.0000000e+00
145      85.000000     880.000000 0.0000000e+00
146      85.000000     884.000000 0.0000000e+00
147      85.000000     888.000000 0.0000000e+00
148      85.000000     892.000000 0.0000000e+00
149      85.000000     896.000000 0.0000000e+00
150      85.000000     900.000000 0.0000000e+00
151      85.000000     904.000000 0.0000000e+00
152      85.000000     908.000000 0.0000000e+00
153      85.000000     912.000000 0.0000000e+00
154      85.000000     916.000000 0.0000000e+00
155      85.000000     920.000000 0.0000000e+00
156      85.000000     924.000000 0.0000000e+00
157      85.000000     928.000000 0.0000000e+00
158      85.000000     932.000000 0.0000000e+00
159      85.000000     936.000000 0.0000000e+00
160      85.000000     940.000000 0.0000000e+00
161      85.000000     944.000000 0.0000000e+00
162      85.000000     948.000000 0.0000000e+00
163      85.000000     952.000000 0.0000000e+00
164      85.000000     956.000000 0.0000000e+00
165      85.000000     960.000000 0.0000000e+00
166      85.000000     964.000000 0.0000000e+00
167      85.000000     968.000000 0.0000000e+00
168      85.000000     972.000000 0.0000000e+00
169      85.000000     976.000000 0.0000000e+00
170      85.000000     980.000000 0.0000000e+00
171      85.000000     984.000000 0.0000000e+00
172      85.000000     988.000000 0.0000000e+00
173      85.000000     992.000000 0.0000000e+00
174      85.000000     996.000000 0.0000000e+00
175      85.000000    1000.000000 0.0000000e+00
176      85.000000    1004.000000 0.0000000e+00
177      85.000000    1008.000000 0.0000000e+00
178      85.000000    1012.000000 0.0000000e+00
179      85.000000    1016.000000 0.0000000e+00
180      85.000000    1020.000000 0.0000000e+00
181      85.000000    1024.000000 0.0000000e+00
182      85.000000    1028.000000 0.0000000e+00
183      85.000000    1032.000000 0.0000000e+00
184      85.000000    1036.000000 0.0000000e+00
185      85.000000    1040.000000 0.0000000e+00
186      85.000000    1044.000000 0.0000000e+00
187      85.000000    1048.000000 0.0000000e+00
188      85.000000    1052.000000 0.0000000e+00
189      85.000000    1056.000000 0.0000000e+00
190      85.000000    1060.000000 0.0000000e+00
191      85.000000    1064.000000 0.0000000e+00
192      85.000000    1068.000000 0.0000000e+00
193      85.000000    1072.000000 0.0000000e+00
194      85.000000    1076.000000 0.0000000e+00
195      85.000000    1080.000000 0.0000000e+00
196      85.000000    1084.000000 0.0000000e+00
197      85.000000    1088.000000 0.0000000e+00
198      85.000000    1092.000000 0.0000000e+00
199      85.000000    1096.000000 0.0000000e+00
200      85.000000    1100.000000 0.0000000e+00
201      85.000000    1104.000000 0.0000000e+00
202      85.000000    1108.000000 0.0000000e+00
203      85.000000    1112.000000 0.0000000e+00
204      85.000000    1116.000000 0.0000000e+00
205      85.000000    1120.000000 0.0000000e+00
206      85.000000    1124.000000 0.0000000e+00
207      85.000000    1128.000000 0.0000000e+00
208      85.000000    1132.000000 0.0000000e+00
209      85.000000    1136.000000 0.0000000e+00
210      85.000000    1140.000000 0.0000000e+00
211      85.000000    1144.000000 0.0000000e+00
212      85.000000    1148.000000 0.0000000e+00
213      85.000000    1152.000000 0.0000000e+00
214      85.000000    1156.000000 0.0000000e+00
215      85.000000    1160.000000 0.0000000e+00
216      85.000000    1164.000000 0.0000000e+00
217      85.000000    1168.000000 0.0000000e+00
218      85.000000    1172.000000 0.0000000e+00
219      85.000000    1176.000000 0.0000000e+00
220      85.000000    1180.000000 0.0000000e+00
221      85.000000    1184.000000 0.0000000e+00
222      85.000000    1188.000000 0.0000000e+00
223      85.000000    1192.000000 0.0000000e+00
224      85.000000    1196.000000 0.0000000e+00
225      85.000000    1200.000000 0.0000000e+00
226      85.000000    1204.000000 0.0000000e+00
227      85.000000    1208.000000 0.0000000e+00
228      85.000000    1212.000000 0.0000000e+00
229      85.000000    1216.000000 0.0000000e+00
230      85.000000    1220.000000 0.0000000e+00
231      85.000000    1224.000000 0.0000000e+00
232      85.000000    1228.000000 0.0000000e+00
233      85.000000    1232.000000 0.0000000e+00
234      85.000000    1236.000000 0.0000000e+00
235      85.000000    1240.000000 0.0000000e+00
236      85.000000    1244.000000 0.0000000e+00
237      85.000000    1248.000000 0.0000000e+00
238      85.000000    1252.000000 0.0000000e+00
239      85.000000    1256.000000 0.0000000e+00
240      85.000000    1260.000000 0.0000000e+00
241      85.000000    1264.000000 0.0000000e+00
242      85.000000    1268.000000 0.0000000e+00
243      85.000000    1272.000000 0.0000000e+00
244      85.000000    1276.000000 0.0000000e+00
245      85.000000    1280.000000 0.0000000e+00
246      85.000000    1284.000000 0.0000000e+00
247      85.000000    1288.000000 0.0000000e+00
248      85.000000    1292.000000 0.0000000e+00
249      85.000000    1296.000000 0.0000000e+00
250      85.000000    1300.000000 0.0000000e+00
251      85.000000    1304.000000 0.0000000e+00
252      85.000000    1308.000000 0.0000000e+00
253      85.000000    1312.000000 0.0000000e+00
254      85.000000    1316.000000 0.0000000e+00
255      85.000000    1320.000000 0.0000000e+00
256      85.000000    1324.000000 0.0000000e+00
257      85.000000    1328.000000 0.0000000e+00
258      85.000000    1332.000000 0.0000000e+00
259      85.000000    1336.000000 0.0000000e+00
260      85.000000    1340.000000 0.0000000e+00
261      85.000000    1344.000000 0.0000000e+00
262      85.000000    1348.000000 0.0000000e+00
263      85.000000    1352.000000 0.0000000e+00
264      85.000000    1356.000000 0.0000000e+00
265      85.000000    1360.000000 0.0000000e+00
266      85.000000    1364.000000 0.0000000e+00
267      85.000000    1368.000000 0.0000000e+00
268      85.000000    1372.000000 0.0000000e+00
269      85.000000    1376.000000 0.0000000e+00
270      85.000000    1380.000000 0.0000000e+00
271      85.000000    1384.000000 0.0000000e+00
272      85.000000    1388.000000 0.0000000e+00
273      85.000000    1392.000000 0.0000000e+00
274      85.000000    1396.000000 0.0000000e+00
275      85.000000    1400.000000 0.0000000e+00
276      85.000000    1404.000000 0.0000000e+00
277      85.000000    1408.000000 0.0000000e+00
278      85.000000    1412.000000 0.0000000e+00
279      85.000000    1416.000000 0.0000000e+00
280      85.000000    1420.000000 0.0000000e+00
281      85.000000    1424.000000 0.0000000e+00
282      85.000000    1428.000000 0.0000000e+00
283      85.000000    1432.000000 0.0000000e+00
284      85.000000    1436.000000 0.0000000e+00
285      85.000000    1440.000000 0.0000000e+00
286      85.000000    1444.000000 0.0000000e+00
287      85.000000    1448.000000 0.0000000e+00
288      85.000000    1452.000000 0.0000000e+00
289      85.000000    1456.000000 0.0000000e+00
290      85.000000    1460.000000 0.0000000e+00
291      85.000000    1464.000000 0.0000000e+00
292      85.000000    1468.000000 0.0000000e+00
293      85.000000    1472.000000 0.0000000e+00
294      85.000000    1476.000000 0.0000000e+00
295      85.000000    1480.000000 0.0000000e+00
296      85.000000    1484.000000 0.0000000e+00
297      85.000000    1488.000000 0.0000000e+00
298      85.000000    1492.000000 0.0000000e+00
299      85.000000    1496.000000 0.0000000e+00
300      85.000000    1500.000000 0.0000000e+00
301      85.000000    1504.000000 0.0000000e+00
302      85.000000    1508.000000 0.0000000e+00
303      85.000000    1512.000000 0.0000000e+00
304      85.000000    1516.000000 0.0000000e+00
305      85.000000    1520.000000 0.0000000e+00
306      85.000000    1524.000000 0.0000000e+00
307      85.000000    1528.000000 0.0000000e+00
308      85.000000    1532.000000 0.0000000e+00
309      85.000000    1536.000000 0.0000000e+00
310      85.000000    1540.000000 0.0000000e+00
311      85.000000    1544.000000 0.0000000e+00
312      85.000000    1548.000000 0.0000000e+00
313      85.000000    1552.000000 0.0000000e+00
314      85.000000    1556.000000 0.0000000e+00
315      85.000000    1560.000000 0.0000000e+00
316      85.000000    1564.000000 0.0000000e+00
317      85.000000    1568.000000 0.0000000e+00
318      85.000000    1572.000000 0.0000000e+00
319      85.000000    1576.000000 0.0000000e+00
320      85.000000    1580.000000 0.0000000e+00
321      85.000000    1584.000000 0.0000000e+00
322      85.000000    1588.000000 0.0000000e+00
323      85.000000    1592.000000 0.0000000e+00
324      85.000000    1596.000000 0.0000000e+00
325      85.000000    1600.000000 0.0000000e+00
326      89.000000    1600.000000 2.0000000e+00
327      93.000000    1600.000000 2.0000000e+00
328      97.000000    1600.000000 2.0000000e+00
329     101.000000    1600.000000 2.0000000e+00
330     105.000000    1600.000000 2.0000000e+00
331     109.000000    1600.000000 2.0000000e+00
332     113.000000    1600.000000 2.0000000e+00
333     117.000000    1600.000000 2.0000000e+00
334     121.000000    1600.000000 2.0000000e+00
335     125.000000    1600.000000 2.0000000e+00
336     129.000000    1600.000000 2.0000000e+00
337     133.000000    1600.000000 2.0000000e+00
338     137.000000    1600.000000 2.0000000e+00
339     141.000000    1600.000000 2.0000000e+00
340     145.000000    1600.000000 2.0000000e+00
341     149.000000    1600.000000 2.0000000e+00
342     153.015075    1600.000000 2.0000000e+00
343     157.082392    1600.000000 2.0000000e+00
344     161.204303    1600.000000 2.0000000e+00
345     165.381542    1600.000000 2.0000000e+00
346     169.614851    1600.000000 2.0000000e+00
347     173.904984    1600.000000 2.0000000e+00
348     178.252702    1600.000000 2.0000000e+00
349     182.658778    1600.000000 2.0000000e+00
350     187.123997    1600.000000 2.0000000e+00
351     191.649151    1600.000000 2.0000000e+00
352     196.235046    1600.000000 2.0000000e+00
353     200.882496    1600.000000 2.0000000e+00
354     205.592328    1600.000000 2.0000000e+00
355     210.365379    1600.000000 2.0000000e+00
356     215.202499    1600.000000 2.0000000e+00
357     220.104545    1600.000000 2.0000000e+00
358     225.072416    1600.000000 2.0000000e+00
359     230.249825    1600.000000 2.0000000e+00
360     235.784295    1600.000000 2.0000000e+00
361     241.700453    1600.000000 2.0000000e+00
362     248.024623    1600.000000 2.0000000e+00
363     254.784941    1600.000000 2.0000000e+00
364     262.011489    1600.000000 2.0000000e+00
365     269.736419    1600.000000 2.0000000e+00
366     277.994103    1600.000000 2.0000000e+00
367     286.821283    1600.000000 2.0000000e+00
368     296.257233    1600.000000 2.0000000e+00
369     306.307878    1600.000000 2.0000000e+00
370     316.887769    1600.000000 2.0000000e+00
371     328.010218    1600.000000 2.0000000e+00
372     339.703050    1600.000000 2.0000000e+00
373     351.995513    1600.000000 2.0000000e+00
374     364.918360    1600.000000 2.0000000e+00
375     378.503917    1600.000000 2.0000000e+00
376     392.786169    1600.000000 2.0000000e+00
377     407.738095    1600.000000 2.0000000e+00
378     423.058020    1600.000000 2.0000000e+00
379     438.687437    1600.000000 2.0000000e+00
380     454.632599    1600.000000 2.0000000e+00
381     470.899884    1600.000000 2.0000000e+00
382     487.495799    1600.000000 2.0000000e+00
383     504.426985    1600.000000 2.0000000e+00
384     521.700213    1600.000000 2.0000000e+00
385     539.322394    1600.000000 2.0000000e+00
386     557.300577    1600.000000 2.0000000e+00
387     575.641954    1600.000000 2.0000000e+00
388     594.353863    1600.000000 2.0000000e+00
389     613.443789    1600.000000 2.0000000e+00
390     632.919368    1600.000000 2.0000000e+00
391     652.791517    1600.000000 2.0000000e+00
392     673.319753    1600.000000 2.0000000e+00
393     694.682464    1600.000000 2.0000000e+00
394     716.913572    1600.000000 2.0000000e+00
395     740.048375    1600.000000 2.0000000e+00
396     764.123610    1600.000000 2.0000000e+00
397     789.177506    1600.000000 2.0000000e+00
398     815.249845    1600.000000 2.0000000e+00
399     842.382026    1600.000000 2.0000000e+00
400     870.617133    1600.000000 2.0000000e+00
401     900.000000    1600.000000 2.0000000e+00
402     900.000000    1569.767440 2.0000000e+00
403     900.000000    1539.534880 2.0000000e+00
404     900.000000    1509.302330 2.0000000e+00
405     900.000000    1479.069770 2.0000000e+00
406     900.000000    1448.837210 2.0000000e+00
407     900.000000    1418.604650 2.0000000e+00
408     900.000000    1388.372090 2.0000000e+00
409     900.000000    1358.139530 2.0000000e+00
410     900.000000    1327.906980 2.0000000e+00
411     900.000000    1297.674420 2.0000000e+00
412     900.000000    1267.441860 2.0000000e+00
413     900.000000    1237.209300 2.0000000e+00
414     900.000000    1206.976740 2.0000000e+00
415     900.000000    1176.744190 2.0000000e+00
416     900.000000    1146.511630 2.0000000e+00
417     900.000000    1116.279070 2.0000000e+00
418     900.000000    1086.046510 2.0000000e+00
419     900.000000    1055.813950 2.0000000e+00
420     900.000000    1025.581400 2.0000000e+00
421     900.000000     995.348837 2.0000000e+00
422     900.000000     965.116279 2.0000000e+00
423     900.000000     934.883721 2.0000000e+00
424     900.000000     904.651163 2.0000000e+00
425     900.000000     874.418605 2.0000000e+00
426     900.000000     844.186047 2.0000000e+00
427     900.000000     813.953488 2.0000000e+00
428     900.000000     783.720930 2.0000000e+00
429     900.000000     753.488372 2.0000000e+00
430     900.000000     723.255814 2.0000000e+00
431     900.000000     693.023256 2.0000000e+00
432     900.000000     662.790698 2.0000000e+00
433     900.000000     632.558140 2.0000000e+00
434     900.000000     602.325581 2.0000000e+00
435     900.000000     572.093023 2.0000000e+00
436     900.000000     541.860465 2.0000000e+00
437     900.000000     511.627907 2.0000000e+00
438     900.000000     481.395349 2.0000000e+00
439     900.000000     451.162791 2.0000000e+00
440     900.000000     420.930233 2.0000000e+00
441     900.000000     390.697674 2.0000000e+00
442     900.000000     360.465116 2.0000000e+00
443     900.000000     330.232558 2.0000000e+00
444     900.000000     300.000000 2.0000000e+00
445     870.625000     300.000000 2.0000000e+00
446     842.397461     300.000000 2.0000000e+00
447     815.272560     300.000000 2.0000000e+00
448     789.207226     300.000000 2.0000000e+00
449     764.160068     300.000000 2.0000000e+00
450     740.091316     300.000000 2.0000000e+00
451     716.962749     300.000000 2.0000000e+00
452     694.737641     300.000000 2.0000000e+00
453     673.380702     300.000000 2.0000000e+00
454     652.858019     300.000000 2.0000000e+00
455     632.995718     300.000000 2.0000000e+00
456     613.530457     300.000000 2.0000000e+00
457     594.450646     300.000000 2.0000000e+00
458     575.748653     300.000000 2.0000000e+00
459     557.416996     300.000000 2.0000000e+00
460     539.448343     300.000000 2.0000000e+00
461     521.835504     300.000000 2.0000000e+00
462     504.571435     300.000000 2.0000000e+00
463     487.649228     300.000000 2.0000000e+00
464     471.062115     300.000000 2.0000000e+00
465     454.803459     300.000000 2.0000000e+00
466     438.866757     300.000000 2.0000000e+00
467     423.245633     300.000000 2.0000000e+00
468     407.933838     300.000000 2.0000000e+00
469     392.975313     300.000000 2.0000000e+00
470     378.683835     300.000000 2.0000000e+00
471     365.089501     300.000000 2.0000000e+00
472     352.158306     300.000000 2.0000000e+00
473     339.857901     300.000000 2.0000000e+00
474     328.157515     300.000000 2.0000000e+00
475     317.027881     300.000000 2.0000000e+00
476     306.441155     300.000000 2.0000000e+00
477     296.383213     300.000000 2.0000000e+00
478     286.939135     300.000000 2.0000000e+00
479     278.104352     300.000000 2.0000000e+00
480     269.839555     300.000000 2.0000000e+00
481     262.105808     300.000000 2.0000000e+00
482     254.871014     300.000000 2.0000000e+00
483     248.102983     300.000000 2.0000000e+00
484     241.771601     300.000000 2.0000000e+00
485     235.848697     300.000000 2.0000000e+00
486     230.307918     300.000000 2.0000000e+00
487     225.124610     300.000000 2.0000000e+00
488     220.154424     300.000000 2.0000000e+00
489     215.250161     300.000000 2.0000000e+00
490     210.410855     300.000000 2.0000000e+00
491     205.635646     300.000000 2.0000000e+00
492     200.923685     300.000000 2.0000000e+00
493     196.274134     300.000000 2.0000000e+00
494     191.686167     300.000000 2.0000000e+00
495     187.158967     300.000000 2.0000000e+00
496     182.691730     300.000000 2.0000000e+00
497     178.283663     300.000000 2.0000000e+00
498     173.933980     300.000000 2.0000000e+00
499     169.641909     300.000000 2.0000000e+00
500     165.406686     300.000000 2.0000000e+00
501     161.227560     300.000000 2.0000000e+00
502     157.103786     300.000000 2.0000000e+00
503     153.034631     300.000000 2.0000000e+00
504     149.017908     300.000000 2.0000000e+00
505     145.016788     300.000000 2.0000000e+00
506     141.015669     300.000000 2.0000000e+00
507     137.014550     300.000000 2.0000000e+00
508     133.013431     300.000000 2.0000000e+00
509     129.012311     300.000000 2.0000000e+00
510     125.011192     300.000000 2.0000000e+00
511     121.010073     300.000000 2.0000000e+00
512     117.008954     300.000000 2.0000000e+00
513     113.007835     300.000000 2.0000000e+00
514     109.006715     300.000000 2.0000000e+00
515     105.005596     300.000000 2.0000000e+00
516     101.004477     300.000000 2.0000000e+00
517      97.003358     300.000000 2.0000000e+00
518      93.002239     300.000000 2.0000000e+00
519      89.001119     300.000000 2.0000000e+00
520      85.000000     300.000000 0.0000000e+00
521     251.932996     742.108213 0.0000000e+00
522     251.503206     750.808277 0.0000000e+00
523     252.677215     760.333485 0.0000000e+00
524     251.289532     770.625085 0.0000000e+00
525     252.901931     780.327836 0.0000000e+00
526     251.667098     790.594336 0.0000000e+00
527     252.870724     800.866956 0.0000000e+00
528     251.494167     811.203146 0.0000000e+00
529     252.675188     821.646444 0.0000000e+00
530     251.700788     831.798655 0.0000000e+00
531     251.683302     842.183660 0.0000000e+00
532     252.789565     852.023298 0.0000000e+00
533     251.565058     862.452884 0.0000000e+00
534     252.717340     872.139724 0.0000000e+00
535     251.308269     882.294359 0.0000000e+00
536     252.909954     892.172637 0.0000000e+00
537     251.672123     902.300541 0.0000000e+00
538     252.900070     912.705259 0.0000000e+00
539     251.622387     922.615688 0.0000000e+00
540     251.425056     933.307426 0.0000000e+00
541     252.857646     943.313847 0.0000000e+00
542     251.642071     953.826437 0.0000000e+00
543     252.897950     963.912957 0.0000000e+00
544     251.564663     974.108571 0.0000000e+00
545     252.576716     983.979984 0.0000000e+00
546     251.296142     994.026559 0.0000000e+00
547     252.910288    1004.042380 0.0000000e+00
548     251.727784    1013.979260 0.0000000e+00
549     251.683874    1024.338110 0.0000000e+00
550     252.917706    1034.162620 0.0000000e+00
551     251.536363    1044.899560 0.0000000e+00
552     252.651114    1055.010090 0.0000000e+00
553     251.642763    1065.499720 0.0000000e+00
554     252.885925    1075.768830 0.0000000e+00
555     251.635531    1085.891350 0.0000000e+00
556     252.777212    1096.258300 0.0000000e+00
557     251.269283    1105.733470 0.0000000e+00
558     252.242992    1118.038640 0.0000000e+00
559     252.393378    1125.536760 0.0000000e+00
560     251.707591    1135.949570 0.0000000e+00
561     252.818166    1145.942050 0.0000000e+00
562     251.397856    1156.198720 0.0000000e+00
563     250.650761    1167.935770 0.0000000e+00
564     253.883347     731.664900 0.0000000e+00
565     255.758922     738.694499 0.0000000e+00
566     255.961267     746.440636 0.0000000e+00
567     256.037984     754.215228 0.0000000e+00
568     258.043257     760.861026 0.0000000e+00
569     255.077082     766.380367 0.0000000e+00
570     256.121009     773.286879 0.0000000e+00
571     257.887378     779.334154 0.0000000e+00
572     256.051358     786.372753 0.0000000e+00
573     256.056626     794.329969 0.0000000e+00
574     257.977135     800.941829 0.0000000e+00
575     256.009394     807.567172 0.0000000e+00
576     255.947893     815.541290 0.0000000e+00
577     257.869238     822.544435 0.0000000e+00
578     256.083512     828.886949 0.0000000e+00
579     256.027199     837.112039 0.0000000e+00
580     256.065519     845.294911 0.0000000e+00
581     257.620411     851.662360 0.0000000e+00
582     255.765125     858.427180 0.0000000e+00
583     256.125061     866.168271 0.0000000e+00
584     258.077786     872.905183 0.0000000e+00
585     255.089626     878.312097 0.0000000e+00
586     256.151269     885.281380 0.0000000e+00
587     258.006797     891.495360 0.0000000e+00
588     256.144380     898.385161 0.0000000e+00
589     256.132279     906.307424 0.0000000e+00
590     257.976230     913.109152 0.0000000e+00
591     255.983643     919.593910 0.0000000e+00
592     255.820790     927.932141 0.0000000e+00
593     255.895691     936.219803 0.0000000e+00
594     257.948721     942.633833 0.0000000e+00
595     256.128360     949.548725 0.0000000e+00
596     256.093719     957.488577 0.0000000e+00
597     258.009613     964.275270 0.0000000e+00
598     256.132887     970.672620 0.0000000e+00
599     255.852903     978.299239 0.0000000e+00
600     257.551127     985.249952 0.0000000e+00
601     255.068740     990.381666 0.0000000e+00
602     256.143468     997.341690 0.0000000e+00
603     257.994249    1003.641660 0.0000000e+00
604     256.134756    1010.478460 0.0000000e+00
605     256.022773    1018.776410 0.0000000e+00
606     256.104782    1026.905280 0.0000000e+00
607     257.940780    1033.196700 0.0000000e+00
608     256.066438    1040.312170 0.0000000e+00
609     255.919288    1048.310100 0.0000000e+00
610     257.902809    1054.835850 0.0000000e+00
611     256.026340    1061.487090 0.0000000e+00
612     256.001443    1069.488270 0.0000000e+00
613     257.890605    1076.447860 0.0000000e+00
614     256.124932    1082.747500 0.0000000e+00
615     256.112822    1090.550320 0.0000000e+00
616     257.650541    1097.479600 0.0000000e+00
617     255.720498    1103.480220 0.0000000e+00
618     254.973394    1110.786710 0.0000000e+00
619     257.796329    1115.976740 0.0000000e+00
620     257.227569    1122.852840 0.0000000e+00
621     256.174763    1130.842220 0.0000000e+00
622     256.115633    1138.906490 0.0000000e+00
623     257.885326    1145.240300 0.0000000e+00
624     255.914889    1152.048590 0.0000000e+00
625     255.755497    1159.569900 0.0000000e+00
626     255.081211    1165.920240 0.0000000e+00
627     252.954049    1173.016340 0.0000000e+00
628     249.773921    1180.147010 0.0000000e+00
629     248.082858    1174.992800 0.0000000e+00
630     246.608992    1169.644560 0.0000000e+00
631     248.783424    1162.358560 0.0000000e+00
632     246.850078    1155.929360 0.0000000e+00
633     248.662913    1149.873210 0.0000000e+00
634     248.806520    1142.360990 0.0000000e+00
635     246.923658    1136.530510 0.0000000e+00
636     248.672449    1130.327910 0.0000000e+00
637     247.707438    1123.386920 0.0000000e+00
638     247.022358    1117.439140 0.0000000e+00
639     248.544094    1111.610490 0.0000000e+00
640     246.778421    1105.215960 0.0000000e+00
641     248.505453    1099.270980 0.0000000e+00
642     248.554819    1091.880810 0.0000000e+00
643     246.893876    1085.512700 0.0000000e+00
644     248.810430    1079.518440 0.0000000e+00
645     248.756185    1071.991170 0.0000000e+00
646     246.948284    1066.063660 0.0000000e+00
647     248.718453    1059.524900 0.0000000e+00
648     248.262691    1051.530010 0.0000000e+00
649     246.931917    1044.742660 0.0000000e+00
650     248.764968    1038.478280 0.0000000e+00
651     248.791170    1030.893130 0.0000000e+00
652     246.854172    1025.251210 0.0000000e+00
653     248.538270    1019.168750 0.0000000e+00
654     246.927728    1013.037590 0.0000000e+00
655     248.780059    1007.411940 0.0000000e+00
656     248.768838     999.994273 0.0000000e+00
657     246.771075     993.805456 0.0000000e+00
658     248.287265     987.633424 0.0000000e+00
659     248.414417     980.274637 0.0000000e+00
660     246.853751     974.098752 0.0000000e+00
661     248.790413     967.959021 0.0000000e+00
662     248.775054     960.463747 0.0000000e+00
663     246.958491     954.700846 0.0000000e+00
664     248.738397     948.099234 0.0000000e+00
665     248.687157     940.388481 0.0000000e+00
666     246.519817     934.385238 0.0000000e+00
667     248.432188     927.681294 0.0000000e+00
668     246.929542     921.129727 0.0000000e+00
669     248.763872     915.665588 0.0000000e+00
670     248.774406     908.181280 0.0000000e+00
671     246.938305     901.822512 0.0000000e+00
672     248.764859     895.907378 0.0000000e+00
673     248.789553     888.449833 0.0000000e+00
674     246.764212     882.429010 0.0000000e+00
675     248.255428     876.093073 0.0000000e+00
676     248.503813     868.759939 0.0000000e+00
677     246.860510     862.712350 0.0000000e+00
678     248.681379     856.413514 0.0000000e+00
679     248.770216     848.934361 0.0000000e+00
680     246.952693     843.464094 0.0000000e+00
681     248.559515     837.233667 0.0000000e+00
682     246.872386     831.219174 0.0000000e+00
683     248.750242     825.272946 0.0000000e+00
684     248.214626     817.192487 0.0000000e+00
685     246.976246     810.037485 0.0000000e+00
686     248.763889     804.244365 0.0000000e+00
687     248.765618     796.671480 0.0000000e+00
688     246.924922     790.441706 0.0000000e+00
689     248.743207     784.378443 0.0000000e+00
690     248.789116     776.925816 0.0000000e+00
691     246.758316     771.059805 0.0000000e+00
692     248.235639     764.607968 0.0000000e+00
693     248.464584     757.294279 0.0000000e+00
694     246.781548     751.488143 0.0000000e+00
695     248.285386     745.393995 0.0000000e+00
696     248.677650     737.942092 0.0000000e+00
697     247.811273     732.152757 0.0000000e+00
698     249.279311     725.855020 0.0000000e+00
699     248.651825     718.500932 0.0000000e+00
700     242.261047    1195.134270 0.0000000e+00
701     243.765094    1188.919770 0.0000000e+00
702     244.071404    1182.654810 0.0000000e+00
703     243.275558    1176.020030 0.0000000e+00
704     241.880568    1169.894090 0.0000000e+00
705     243.025160    1164.195280 0.0000000e+00
706     242.800769    1158.402470 0.0000000e+00
707     242.845740    1151.890150 0.0000000e+00
708     243.364200    1145.846020 0.0000000e+00
709     242.792818    1139.834130 0.0000000e+00
710     242.765614    1133.312690 0.0000000e+00
711     243.004802    1127.359830 0.0000000e+00
712     242.381720    1121.135580 0.0000000e+00
713     242.552229    1114.781720 0.0000000e+00
714     242.791572    1108.791220 0.0000000e+00
715     242.730174    1102.039360 0.0000000e+00
716     242.854207    1095.406420 0.0000000e+00
717     242.811133    1088.806590 0.0000000e+00
718     242.828334    1082.051900 0.0000000e+00
719     243.392854    1075.964570 0.0000000e+00
720     242.861517    1069.934530 0.0000000e+00
721     242.835189    1063.377670 0.0000000e+00
722     243.365365    1057.362320 0.0000000e+00
723     242.408932    1052.147080 0.0000000e+00
724     242.720250    1046.872510 0.0000000e+00
725     242.871419    1040.503980 0.0000000e+00
726     243.320464    1034.460740 0.0000000e+00
727     242.535601    1028.375480 0.0000000e+00
728     242.588797    1021.897490 0.0000000e+00
729     242.733263    1015.967960 0.0000000e+00
730     242.794743    1009.493580 0.0000000e+00
731     243.373344    1003.514640 0.0000000e+00
732     242.851413     997.454427 0.0000000e+00
733     242.714064     990.700644 0.0000000e+00
734     242.789862     984.038400 0.0000000e+00
735     242.758752     977.429830 0.0000000e+00
736     242.837355     970.689557 0.0000000e+00
737     243.389241     964.588884 0.0000000e+00
738     242.848017     958.585500 0.0000000e+00
739     242.843794     951.999755 0.0000000e+00
740     243.351717     945.852686 0.0000000e+00
741     242.881665     940.129128 0.0000000e+00
742     241.704240     934.721290 0.0000000e+00
743     242.697184     929.040440 0.0000000e+00
744     242.574463     923.267508 0.0000000e+00
745     242.828066     916.775836 0.0000000e+00
746     243.377072     910.852434 0.0000000e+00
747     242.843551     904.764114 0.0000000e+00
748     242.837195     898.195844 0.0000000e+00
749     243.382180     892.155035 0.0000000e+00
750     242.834021     886.111517 0.0000000e+00
751     242.720288     879.354032 0.0000000e+00
752     242.790788     872.678086 0.0000000e+00
753     242.764067     866.089081 0.0000000e+00
754     242.834075     859.350013 0.0000000e+00
755     243.358492     853.208805 0.0000000e+00
756     242.766203     847.252230 0.0000000e+00
757     242.694762     840.839554 0.0000000e+00
758     242.723163     835.013469 0.0000000e+00
759     242.567815     828.463566 0.0000000e+00
760     243.205100     822.498837 0.0000000e+00
761     242.382800     817.000923 0.0000000e+00
762     242.762038     811.769569 0.0000000e+00
763     242.904931     805.430799 0.0000000e+00
764     243.393896     799.498546 0.0000000e+00
765     242.826388     793.415547 0.0000000e+00
766     242.847900     786.851549 0.0000000e+00
767     243.375263     780.787829 0.0000000e+00
768     242.811198     774.765606 0.0000000e+00
769     242.724788     768.008672 0.0000000e+00
770     242.769947     761.338249 0.0000000e+00
771     242.667073     754.749513 0.0000000e+00
772     242.649946     748.091430 0.0000000e+00
773     243.186352     741.917274 0.0000000e+00
774     242.903345     735.794141 0.0000000e+00
775     242.956341     729.333810 0.0000000e+00
776     243.344062     723.339059 0.0000000e+00
777     242.737753     717.442765 0.0000000e+00
778     244.338737     711.559309 0.0000000e+00
779     242.626337     705.480285 0.0000000e+00
780     243.972228     693.131737 0.0000000e+00
781     243.910704     699.358446 0.0000000e+00
782     248.052351     704.560595 0.0000000e+00
783     250.662769     710.737899 0.0000000e+00
784     254.478384     716.153193 0.0000000e+00
785     255.674297     723.126882 0.0000000e+00
786     259.882123     728.789100 0.0000000e+00
787     261.152662     735.457246 0.0000000e+00
788     262.062510     742.851047 0.0000000e+00
789     262.367767     750.392200 0.0000000e+00
790     263.086537     757.929499 0.0000000e+00
791     262.178612     766.636190 0.0000000e+00
792     262.952362     774.259336 0.0000000e+00
793     262.694198     782.143410 0.0000000e+00
794     262.158307     789.633473 0.0000000e+00
795     263.040443     796.674387 0.0000000e+00
796     263.071631     804.514858 0.0000000e+00
797     262.433320     811.840940 0.0000000e+00
798     263.001304     819.194075 0.0000000e+00
799     263.028934     827.120248 0.0000000e+00
800     262.430971     834.448117 0.0000000e+00
801     262.467685     842.053524 0.0000000e+00
802     263.100356     849.303812 0.0000000e+00
803     261.876407     856.017014 0.0000000e+00
804     262.414795     862.445960 0.0000000e+00
805     263.067804     869.845080 0.0000000e+00
806     262.197041     878.541197 0.0000000e+00
807     262.946679     886.156615 0.0000000e+00
808     263.116245     894.205044 0.0000000e+00
809     262.505493     901.659521 0.0000000e+00
810     263.036993     908.999733 0.0000000e+00
811     263.073135     916.878395 0.0000000e+00
812     262.010032     924.037093 0.0000000e+00
813     261.994217     931.718934 0.0000000e+00
814     263.047796     938.853177 0.0000000e+00
815     263.024895     946.726759 0.0000000e+00
816     262.497967     954.086868 0.0000000e+00
817     263.126593     961.462609 0.0000000e+00
818     263.049014     969.349957 0.0000000e+00
819     262.519440     976.420772 0.0000000e+00
820     262.105624     982.889749 0.0000000e+00
821     262.217225     990.703090 0.0000000e+00
822     262.882702     998.085131 0.0000000e+00
823     263.030154    1006.112950 0.0000000e+00
824     262.347630    1013.713010 0.0000000e+00
825     262.401358    1021.299130 0.0000000e+00
826     263.014644    1028.600530 0.0000000e+00
827     263.015700    1036.546930 0.0000000e+00
828     262.436976    1043.955840 0.0000000e+00
829     263.047026    1051.245470 0.0000000e+00
830     263.029694    1059.070450 0.0000000e+00
831     262.146277    1066.111710 0.0000000e+00
832     262.694141    1073.514750 0.0000000e+00
833     263.014039    1081.254770 0.0000000e+00
834     262.526301    1088.478260 0.0000000e+00
835     263.095915    1095.762350 0.0000000e+00
836     261.976551    1102.679010 0.0000000e+00
837     262.111317    1109.504760 0.0000000e+00
838     263.317909    1117.663140 0.0000000e+00
839     262.797040    1125.608750 0.0000000e+00
840     262.485620    1133.204700 0.0000000e+00
841     262.996888    1140.477910 0.0000000e+00
842     262.960574    1148.357810 0.0000000e+00
843     262.188663    1155.644590 0.0000000e+00
844     261.652344    1162.982980 0.0000000e+00
845     259.890416    1170.154320 0.0000000e+00
846     257.316854    1176.928600 0.0000000e+00
847     255.155463    1183.034050 0.0000000e+00
848     250.346289    1187.789280 0.0000000e+00
849     248.333216    1194.514280 0.0000000e+00
850     245.328253    1200.784530 0.0000000e+00
851     242.768116    1206.730750 0.0000000e+00
852     242.948008     679.347274 0.0000000e+00
853     244.737107     685.787240 0.0000000e+00
854     249.082291     690.700585 0.0000000e+00
855     250.518963     697.436960 0.0000000e+00
856     254.428089     703.879067 0.0000000e+00
857     257.922495     710.158156 0.0000000e+00
858     261.200499     717.048150 0.0000000e+00
859     264.249452     723.520165 0.0000000e+00
860     267.158039     730.747279 0.0000000e+00
861     268.495802     738.348219 0.0000000e+00
862     269.162608     746.191196 0.0000000e+00
863     269.523149     754.103698 0.0000000e+00
864     269.314742     762.361824 0.0000000e+00
865     269.447816     770.294629 0.0000000e+00
866     269.610108     778.255320 0.0000000e+00
867     268.473774     785.301424 0.0000000e+00
868     269.600565     791.972326 0.0000000e+00
869     269.698145     799.789163 0.0000000e+00
870     269.613964     807.811848 0.0000000e+00
871     269.588115     815.666935 0.0000000e+00
872     269.641030     823.714454 0.0000000e+00
873     269.572751     831.818563 0.0000000e+00
874     269.424709     839.793025 0.0000000e+00
875     269.567266     847.910345 0.0000000e+00
876     268.637097     856.358344 0.0000000e+00
877     269.129622     865.062199 0.0000000e+00
878     269.247682     873.383549 0.0000000e+00
879     269.342873     881.310790 0.0000000e+00
880     269.616296     889.365690 0.0000000e+00
881     269.615754     897.457929 0.0000000e+00
882     269.613151     905.336616 0.0000000e+00
883     269.701111     913.364399 0.0000000e+00
884     269.578372     921.249554 0.0000000e+00
885     268.230710     928.012729 0.0000000e+00
886     269.555107     934.795103 0.0000000e+00
887     269.670571     942.675487 0.0000000e+00
888     269.588010     950.715359 0.0000000e+00
889     269.622707     958.589825 0.0000000e+00
890     269.652219     966.719300 0.0000000e+00
891     269.518724     975.087681 0.0000000e+00
892     268.775794     983.812663 0.0000000e+00
893     269.362539     992.420758 0.0000000e+00
894     269.204226    1000.553630 0.0000000e+00
895     269.212536    1008.774750 0.0000000e+00
896     269.305967    1016.438100 0.0000000e+00
897     269.459480    1024.301330 0.0000000e+00
898     269.555263    1032.385160 0.0000000e+00
899     269.581082    1040.403640 0.0000000e+00
900     269.615864    1048.255140 0.0000000e+00
901     269.694169    1056.267080 0.0000000e+00
902     269.594779    1064.093000 0.0000000e+00
903     268.492645    1070.697680 0.0000000e+00
904     269.640406    1077.742600 0.0000000e+00
905     269.622501    1085.701140 0.0000000e+00
906     269.560989    1093.844390 0.0000000e+00
907     268.853287    1102.739760 0.0000000e+00
908     269.291027    1111.372720 0.0000000e+00
909     269.625589    1119.813930 0.0000000e+00
910     269.493480    1127.884560 0.0000000e+00
911     269.570986    1135.800940 0.0000000e+00
912     269.612236    1143.866280 0.0000000e+00
913     269.440432    1151.901130 0.0000000e+00
914     268.838098    1159.693480 0.0000000e+00
915     267.541621    1167.380060 0.0000000e+00
916     265.190552    1174.653630 0.0000000e+00
917     262.353826    1181.547500 0.0000000e+00
918     258.620123    1188.163440 0.0000000e+00
919     255.172317    1194.064990 0.0000000e+00
920     252.243565    1200.440020 0.0000000e+00
921     249.136096    1206.298490 0.0000000e+00
922     245.972400    1212.328770 0.0000000e+00
923     243.702886    1218.040260 0.0000000e+00
924     241.833629    1224.076470 0.0000000e+00
925     238.775565    1230.449590 0.0000000e+00
926     236.937447    1225.228690 0.0000000e+00
927     237.578592    1218.969120 0.0000000e+00
928     239.206030    1212.524230 0.0000000e+00
929     237.570649    1206.429400 0.0000000e+00
930     238.887201    1200.764090 0.0000000e+00
931     237.250530    1195.020490 0.0000000e+00
932     238.135274    1189.717350 0.0000000e+00
933     238.444434    1184.117750 0.0000000e+00
934     238.332344    1178.382620 0.0000000e+00
935     237.772734    1172.510730 0.0000000e+00
936     237.675117    1166.397420 0.0000000e+00
937     237.864956    1160.719920 0.0000000e+00
938     237.961832    1154.847720 0.0000000e+00
939     238.004729    1148.908750 0.0000000e+00
940     237.986217    1143.145750 0.0000000e+00
941     237.912183    1137.182350 0.0000000e+00
942     237.737151    1131.197070 0.0000000e+00
943     237.760595    1125.234970 0.0000000e+00
944     237.436478    1118.625670 0.0000000e+00
945     237.827740    1112.131680 0.0000000e+00
946     237.972386    1106.056010 0.0000000e+00
947     237.964356    1100.196550 0.0000000e+00
948     237.329221    1095.104290 0.0000000e+00
949     237.990134    1090.155170 0.0000000e+00
950     237.999997    1084.416040 0.0000000e+00
951     238.034252    1078.466060 0.0000000e+00
952     238.017170    1072.702590 0.0000000e+00
953     237.980325    1066.766510 0.0000000e+00
954     237.960089    1060.827370 0.0000000e+00
955     237.753255    1055.223200 0.0000000e+00
956     237.635110    1049.406280 0.0000000e+00
957     237.898567    1043.581940 0.0000000e+00
958     237.831500    1037.588920 0.0000000e+00
959     237.809969    1031.664880 0.0000000e+00
960     237.473750    1025.002530 0.0000000e+00
961     237.805753    1018.574040 0.0000000e+00
962     237.926697    1012.514410 0.0000000e+00
963     237.987832    1006.537650 0.0000000e+00
964     238.026555    1000.772290 0.0000000e+00
965     237.997093     994.837370 0.0000000e+00
966     237.972115     989.026385 0.0000000e+00
967     237.317089     983.990172 0.0000000e+00
968     237.972258     978.994322 0.0000000e+00
969     237.995667     973.230024 0.0000000e+00
970     238.031603     967.287401 0.0000000e+00
971     238.004610     961.524997 0.0000000e+00
972     237.967801     955.574334 0.0000000e+00
973     237.946226     949.593399 0.0000000e+00
974     237.770907     943.833728 0.0000000e+00
975     237.442516     938.124588 0.0000000e+00
976     237.585966     931.800991 0.0000000e+00
977     237.416452     925.436841 0.0000000e+00
978     237.899094     919.133305 0.0000000e+00
979     237.997702     913.061462 0.0000000e+00
980     238.008908     907.269589 0.0000000e+00
981     237.978254     901.319176 0.0000000e+00
982     238.013003     895.362987 0.0000000e+00
983     238.031335     889.599786 0.0000000e+00
984     237.994031     883.660736 0.0000000e+00
985     237.975476     877.868568 0.0000000e+00
986     237.316303     872.885210 0.0000000e+00
987     237.961639     867.837001 0.0000000e+00
988     237.987396     862.056402 0.0000000e+00
989     238.011784     856.107883 0.0000000e+00
990     237.943399     850.324814 0.0000000e+00
991     237.708324     844.324485 0.0000000e+00
992     237.620837     838.407641 0.0000000e+00
993     237.865285     832.238976 0.0000000e+00
994     237.524486     825.677718 0.0000000e+00
995     237.763906     819.508114 0.0000000e+00
996     237.689833     813.470358 0.0000000e+00
997     237.942003     807.700805 0.0000000e+00
998     238.025770     801.823430 0.0000000e+00
999     238.019493     796.080107 0.0000000e+00
1000     237.981258     790.134589 0.0000000e+00
1001     238.015635     784.187667 0.0000000e+00
1002     238.021803     778.424976 0.0000000e+00
1003     237.979474     772.481043 0.0000000e+00
1004     237.962450     766.713351 0.0000000e+00
1005     237.304208     761.773286 0.0000000e+00
1006     237.902697     756.653483 0.0000000e+00
1007     237.761612     750.785943 0.0000000e+00
1008     237.788061     744.822797 0.0000000e+00
1009     237.939595     738.844464 0.0000000e+00
1010     237.953788     732.689715 0.0000000e+00
1011     237.615399     726.214485 0.0000000e+00
1012     237.922353     719.982470 0.0000000e+00
1013     238.212652     713.805550 0.0000000e+00
1014     238.171757     708.200422 0.0000000e+00
1015     238.148469     702.012527 0.0000000e+00
1016     238.446862     696.140642 0.0000000e+00
1017     238.825842     690.033938 0.0000000e+00
1018     238.617090     684.376820 0.0000000e+00
1019     237.562733     679.081372 0.0000000e+00
1020     239.311759     673.797596 0.0000000e+00
1021     237.954150     668.251567 0.0000000e+00
1022     232.707778    1247.207560 0.0000000e+00
1023     233.687542    1241.884390 0.0000000e+00
1024     234.788491    1235.999690 0.0000000e+00
1025     233.349254    1230.085210 0.0000000e+00
1026     232.573311    1223.884860 0.0000000e+00
1027     232.549240    1218.366170 0.0000000e+00
1028     233.609301    1213.471200 0.0000000e+00
1029     233.349609    1208.254180 0.0000000e+00
1030     233.340109    1202.464390 0.0000000e+00
1031     233.185310    1197.173910 0.0000000e+00
1032     233.027507    1191.430660 0.0000000e+00
1033     233.285965    1185.992920 0.0000000e+00
1034     233.328017    1180.538880 0.0000000e+00
1035     233.188168    1175.030860 0.0000000e+00
1036     232.959462    1169.338540 0.0000000e+00
1037     232.925349    1163.724610 0.0000000e+00
1038     233.147425    1158.069400 0.0000000e+00
1039     233.195923    1152.463670 0.0000000e+00
1040     233.185720    1146.895400 0.0000000e+00
1041     233.195918    1141.290410 0.0000000e+00
1042     233.158786    1135.569630 0.0000000e+00
1043     232.781415    1129.603360 0.0000000e+00
1044     233.175963    1123.548050 0.0000000e+00
1045     232.448176    1118.512660 0.0000000e+00
1046     233.150627    1113.715090 0.0000000e+00
1047     233.151258    1108.255290 0.0000000e+00
1048     233.121047    1102.746450 0.0000000e+00
1049     232.887822    1097.320270 0.0000000e+00
1050     232.957186    1091.759940 0.0000000e+00
1051     233.186806    1086.397010 0.0000000e+00
1052     233.217269    1080.889210 0.0000000e+00
1053     233.193079    1075.340940 0.0000000e+00
1054     233.195737    1069.781300 0.0000000e+00
1055     233.168846    1064.192670 0.0000000e+00
1056     232.942971    1058.606810 0.0000000e+00
1057     232.924119    1053.040150 0.0000000e+00
1058     233.079382    1047.296390 0.0000000e+00
1059     233.163537    1041.542750 0.0000000e+00
1060     232.782683    1035.518370 0.0000000e+00
1061     233.172390    1029.500490 0.0000000e+00
1062     232.458599    1024.384240 0.0000000e+00
1063     233.144766    1019.677960 0.0000000e+00
1064     233.168047    1014.266130 0.0000000e+00
1065     233.186919    1008.719030 0.0000000e+00
1066     233.178672    1003.150180 0.0000000e+00
1067     233.198969     997.601244 0.0000000e+00
1068     233.175366     992.063739 0.0000000e+00
1069     232.930173     986.653705 0.0000000e+00
1070     232.939172     981.107571 0.0000000e+00
1071     233.174921     975.720995 0.0000000e+00
1072     233.203030     970.197465 0.0000000e+00
1073     233.175462     964.647515 0.0000000e+00
1074     233.174603     959.073002 0.0000000e+00
1075     233.152764     953.442337 0.0000000e+00
1076     232.958133     947.699311 0.0000000e+00
1077     232.570187     941.683052 0.0000000e+00
1078     233.053921     935.423431 0.0000000e+00
1079     233.073256     929.710917 0.0000000e+00
1080     232.426828     924.727123 0.0000000e+00
1081     233.158007     920.067310 0.0000000e+00
1082     233.202059     914.698014 0.0000000e+00
1083     233.188082     909.167247 0.0000000e+00
1084     233.202147     903.618865 0.0000000e+00
1085     233.205021     898.036698 0.0000000e+00
1086     233.194173     892.469747 0.0000000e+00
1087     233.212909     886.915696 0.0000000e+00
1088     233.184054     881.384514 0.0000000e+00
1089     232.940642     876.003152 0.0000000e+00
1090     232.918652     870.457810 0.0000000e+00
1091     233.154631     865.039039 0.0000000e+00
1092     233.176470     859.492232 0.0000000e+00
1093     233.140998     853.895884 0.0000000e+00
1094     233.090465     848.147480 0.0000000e+00
1095     232.586993     842.084008 0.0000000e+00
1096     232.974583     835.887517 0.0000000e+00
1097     233.165776     830.150880 0.0000000e+00
1098     232.456525     825.157645 0.0000000e+00
1099     233.116599     820.475530 0.0000000e+00
1100     233.110180     815.113254 0.0000000e+00
1101     233.124461     809.550656 0.0000000e+00
1102     233.193806     804.021163 0.0000000e+00
1103     233.192719     798.478664 0.0000000e+00
1104     233.207427     792.926722 0.0000000e+00
1105     233.205426     787.344465 0.0000000e+00
1106     233.191458     781.783810 0.0000000e+00
1107     233.205160     776.227257 0.0000000e+00
1108     233.170918     770.707836 0.0000000e+00
1109     232.937186     765.345574 0.0000000e+00
1110     232.886072     759.753892 0.0000000e+00
1111     233.087447     754.148119 0.0000000e+00
1112     232.746746     748.184924 0.0000000e+00
1113     233.136993     741.997404 0.0000000e+00
1114     233.055956     736.156694 0.0000000e+00
1115     233.045657     730.628424 0.0000000e+00
1116     232.484593     725.600890 0.0000000e+00
1117     233.180156     720.907679 0.0000000e+00
1118     233.269260     715.509363 0.0000000e+00
1119     233.239462     709.985947 0.0000000e+00
1120     233.297993     704.429546 0.0000000e+00
1121     233.285055     698.771709 0.0000000e+00
1122     233.443942     693.179686 0.0000000e+00
1123     233.453493     687.705989 0.0000000e+00
1124     233.185304     682.275602 0.0000000e+00
1125     233.350082     676.563897 0.0000000e+00
1126     233.506195     671.370046 0.0000000e+00
1127     233.843091     665.610847 0.0000000e+00
1128     234.251753     660.378293 0.0000000e+00
1129     233.151264     654.430695 0.0000000e+00
1130     233.528224     642.603657 0.0000000e+00
1131     234.473269     648.057988 0.0000000e+00
1132     238.138122     652.580523 0.0000000e+00
1133     239.437560     657.818647 0.0000000e+00
1134     240.721292     663.275373 0.0000000e+00
1135     243.008350     668.893498 0.0000000e+00
1136     246.121734     673.681665 0.0000000e+00
1137     249.121557     679.426233 0.0000000e+00
1138     252.038165     685.122148 0.0000000e+00
1139     255.327035     691.645793 0.0000000e+00
1140     258.347072     698.005802 0.0000000e+00
1141     262.167449     704.399894 0.0000000e+00
1142     265.846281     711.190332 0.0000000e+00
1143     269.552558     718.143046 0.0000000e+00
1144     272.871088     725.441453 0.0000000e+00
1145     275.231634     733.283987 0.0000000e+00
1146     276.306210     741.466694 0.0000000e+00
1147     276.710016     749.875931 0.0000000e+00
1148     276.651325     758.373159 0.0000000e+00
1149     276.648778     766.941279 0.0000000e+00
1150     276.695758     775.705733 0.0000000e+00
1151     276.188979     784.930819 0.0000000e+00
1152     276.835751     794.088691 0.0000000e+00
1153     276.880740     802.819214 0.0000000e+00
1154     276.886312     811.356945 0.0000000e+00
1155     276.877494     819.842803 0.0000000e+00
1156     276.861720     828.336530 0.0000000e+00
1157     276.831968     836.836834 0.0000000e+00
1158     276.845420     845.281606 0.0000000e+00
1159     276.643203     853.577194 0.0000000e+00
1160     275.446158     860.745775 0.0000000e+00
1161     276.305739     868.258528 0.0000000e+00
1162     276.474273     876.583470 0.0000000e+00
1163     276.835379     884.706480 0.0000000e+00
1164     276.886745     893.109616 0.0000000e+00
1165     276.896016     901.578861 0.0000000e+00
1166     276.883290     910.111301 0.0000000e+00
1167     276.830254     918.872066 0.0000000e+00
1168     276.064221     928.037472 0.0000000e+00
1169     276.703366     937.246689 0.0000000e+00
1170     276.783989     946.016995 0.0000000e+00
1171     276.885023     954.494731 0.0000000e+00
1172     276.872634     962.983269 0.0000000e+00
1173     276.818182     971.532703 0.0000000e+00
1174     276.555331     980.156325 0.0000000e+00
1175     276.590116     988.591821 0.0000000e+00
1176     276.825585     996.970479 0.0000000e+00
1177     275.663900    1004.290850 0.0000000e+00
1178     276.820507    1011.652870 0.0000000e+00
1179     276.440638    1019.689900 0.0000000e+00
1180     276.503886    1028.168690 0.0000000e+00
1181     276.882408    1036.351460 0.0000000e+00
1182     276.899823    1044.735120 0.0000000e+00
1183     276.881989    1053.249850 0.0000000e+00
1184     276.813902    1062.003050 0.0000000e+00
1185     276.184336    1071.195370 0.0000000e+00
1186     276.816287    1080.432230 0.0000000e+00
1187     276.820116    1089.199310 0.0000000e+00
1188     276.461278    1097.862010 0.0000000e+00
1189     276.387793    1106.395350 0.0000000e+00
1190     276.645894    1115.011300 0.0000000e+00
1191     276.851069    1123.543030 0.0000000e+00
1192     276.865151    1132.006400 0.0000000e+00
1193     276.876571    1140.480480 0.0000000e+00
1194     276.818880    1148.966980 0.0000000e+00
1195     276.530391    1157.411150 0.0000000e+00
1196     275.527875    1165.580620 0.0000000e+00
1197     273.346238    1173.395890 0.0000000e+00
1198     270.087052    1180.728250 0.0000000e+00
1199     266.319048    1187.801190 0.0000000e+00
1200     262.590461    1194.531270 0.0000000e+00
1201     259.183619    1200.955340 0.0000000e+00
1202     256.007652    1207.178590 0.0000000e+00
1203     252.357569    1212.035270 0.0000000e+00
1204     250.563754    1217.812240 0.0000000e+00
1205     247.942274    1223.685960 0.0000000e+00
1206     244.814985    1229.514150 0.0000000e+00
1207     241.596125    1235.443180 0.0000000e+00
1208     239.532565    1240.814140 0.0000000e+00
1209     237.776277    1246.579040 0.0000000e+00
1210     234.617270    1252.225090 0.0000000e+00
1211     233.528391    1257.542920 0.0000000e+00
1212     232.638588     628.149455 0.0000000e+00
1213     234.318447     633.542604 0.0000000e+00
1214     236.630041     638.432485 0.0000000e+00
1215     239.216213     643.928663 0.0000000e+00
1216     241.748197     649.105980 0.0000000e+00
1217     244.525589     654.904114 0.0000000e+00
1218     246.680238     660.778247 0.0000000e+00
1219     248.055940     666.664310 0.0000000e+00
1220     252.297942     672.096354 0.0000000e+00
1221     255.636075     678.277014 0.0000000e+00
1222     258.597252     684.766716 0.0000000e+00
1223     262.220682     691.327869 0.0000000e+00
1224     266.056543     697.580078 0.0000000e+00
1225     270.045934     704.340960 0.0000000e+00
1226     274.161950     711.394907 0.0000000e+00
1227     278.209759     718.821154 0.0000000e+00
1228     281.793210     726.791643 0.0000000e+00
1229     283.748815     735.294948 0.0000000e+00
1230     284.321462     744.346328 0.0000000e+00
1231     284.501626     753.364236 0.0000000e+00
1232     284.089265     762.160721 0.0000000e+00
1233     284.122626     771.250973 0.0000000e+00
1234     284.312203     780.098010 0.0000000e+00
1235     284.335283     788.996118 0.0000000e+00
1236     284.570800     798.103078 0.0000000e+00
1237     284.609661     807.150785 0.0000000e+00
1238     284.614063     816.164738 0.0000000e+00
1239     284.601863     825.152665 0.0000000e+00
1240     284.497007     834.093609 0.0000000e+00
1241     284.431267     843.182117 0.0000000e+00
1242     284.370834     852.431902 0.0000000e+00
1243     283.768630     861.792002 0.0000000e+00
1244     283.323149     870.617995 0.0000000e+00
1245     284.573214     878.514587 0.0000000e+00
1246     284.637849     887.290847 0.0000000e+00
1247     284.624164     896.257545 0.0000000e+00
1248     284.612780     905.264804 0.0000000e+00
1249     284.569091     914.314166 0.0000000e+00
1250     284.309184     923.411019 0.0000000e+00
1251     283.867926     932.147066 0.0000000e+00
1252     284.128659     941.326798 0.0000000e+00
1253     284.606263     950.080357 0.0000000e+00
1254     284.621036     959.008773 0.0000000e+00
1255     284.588568     968.001887 0.0000000e+00
1256     284.494827     977.035929 0.0000000e+00
1257     284.457263     986.078012 0.0000000e+00
1258     284.475804     995.291675 0.0000000e+00
1259     283.903393    1004.957280 0.0000000e+00
1260     284.579775    1014.661500 0.0000000e+00
1261     283.367496    1022.835040 0.0000000e+00
1262     284.627120    1030.483730 0.0000000e+00
1263     284.662110    1039.209690 0.0000000e+00
1264     284.626662    1048.169680 0.0000000e+00
1265     284.565734    1057.208740 0.0000000e+00
1266     284.227029    1066.299080 0.0000000e+00
1267     284.182054    1075.315250 0.0000000e+00
1268     284.444342    1084.488710 0.0000000e+00
1269     284.474835    1093.467710 0.0000000e+00
1270     284.012530    1102.175910 0.0000000e+00
1271     284.023380    1111.192440 0.0000000e+00
1272     284.552476    1119.946060 0.0000000e+00
1273     284.603904    1128.887280 0.0000000e+00
1274     284.583091    1137.875030 0.0000000e+00
1275     284.530106    1146.887510 0.0000000e+00
1276     284.335383    1155.943040 0.0000000e+00
1277     283.809035    1165.045460 0.0000000e+00
1278     281.854624    1173.420620 0.0000000e+00
1279     278.109399    1181.160350 0.0000000e+00
1280     273.826916    1188.170520 0.0000000e+00
1281     269.621662    1195.341080 0.0000000e+00
1282     266.089315    1202.268880 0.0000000e+00
1283     262.323863    1209.038090 0.0000000e+00
1284     258.075615    1215.750100 0.0000000e+00
1285     255.013670    1222.972540 0.0000000e+00
1286     251.808850    1229.276970 0.0000000e+00
1287     248.146972    1234.285470 0.0000000e+00
1288     246.588207    1239.637960 0.0000000e+00
1289     244.114739    1245.240340 0.0000000e+00
1290     241.379006    1251.002730 0.0000000e+00
1291     239.119784    1256.487340 0.0000000e+00
1292     236.352977    1262.072070 0.0000000e+00
1293     233.592549    1267.177740 0.0000000e+00
1294     232.893223    1272.956270 0.0000000e+00
1295     228.650771    1283.023000 0.0000000e+00
1296     229.597976    1277.632920 0.0000000e+00
1297     228.379309    1271.453450 0.0000000e+00
1298     228.467463    1266.031200 0.0000000e+00
1299     229.825137    1261.254170 0.0000000e+00
1300     229.033038    1255.307000 0.0000000e+00
1301     228.823182    1250.179790 0.0000000e+00
1302     228.577162    1244.622970 0.0000000e+00
1303     229.106723    1239.295590 0.0000000e+00
1304     229.134412    1234.209130 0.0000000e+00
1305     228.686401    1228.971090 0.0000000e+00
1306     227.861772    1224.467890 0.0000000e+00
1307     228.329956    1219.855080 0.0000000e+00
1308     228.534780    1214.684850 0.0000000e+00
1309     228.693006    1209.671280 0.0000000e+00
1310     228.701173    1204.470900 0.0000000e+00
1311     228.600552    1199.211120 0.0000000e+00
1312     228.587711    1193.950770 0.0000000e+00
1313     228.563243    1188.619360 0.0000000e+00
1314     228.614324    1183.360770 0.0000000e+00
1315     228.602369    1178.071110 0.0000000e+00
1316     228.553032    1172.629980 0.0000000e+00
1317     228.170227    1166.907610 0.0000000e+00
1318     228.559939    1161.061000 0.0000000e+00
1319     228.606115    1155.610220 0.0000000e+00
1320     228.609868    1150.287230 0.0000000e+00
1321     228.618333    1144.992840 0.0000000e+00
1322     228.641001    1139.723720 0.0000000e+00
1323     228.628225    1134.590140 0.0000000e+00
1324     227.927182    1130.113010 0.0000000e+00
1325     228.601246    1125.503050 0.0000000e+00
1326     228.356788    1120.459680 0.0000000e+00
1327     228.373557    1115.181400 0.0000000e+00
1328     228.562182    1110.060990 0.0000000e+00
1329     228.431067    1104.757150 0.0000000e+00
1330     228.358369    1099.511600 0.0000000e+00
1331     228.488547    1094.132460 0.0000000e+00
1332     228.534410    1088.813580 0.0000000e+00
1333     228.601631    1083.565790 0.0000000e+00
1334     228.608449    1078.300250 0.0000000e+00
1335     228.606210    1073.015000 0.0000000e+00
1336     228.609942    1067.699790 0.0000000e+00
1337     228.572487    1062.276000 0.0000000e+00
1338     228.173115    1056.515890 0.0000000e+00
1339     228.548267    1050.702220 0.0000000e+00
1340     228.606659    1045.244970 0.0000000e+00
1341     228.612410    1040.029210 0.0000000e+00
1342     227.911476    1035.412850 0.0000000e+00
1343     228.592633    1030.922570 0.0000000e+00
1344     228.352475    1025.888930 0.0000000e+00
1345     228.386656    1020.617500 0.0000000e+00
1346     228.590241    1015.555040 0.0000000e+00
1347     228.608589    1010.351980 0.0000000e+00
1348     228.603824    1005.088730 0.0000000e+00
1349     228.566404     999.790829 0.0000000e+00
1350     228.544623     994.532981 0.0000000e+00
1351     228.495446     989.303814 0.0000000e+00
1352     228.501621     983.996735 0.0000000e+00
1353     228.527649     978.702570 0.0000000e+00
1354     228.597419     973.455287 0.0000000e+00
1355     228.603562     968.188545 0.0000000e+00
1356     228.602835     962.902331 0.0000000e+00
1357     228.612726     957.583318 0.0000000e+00
1358     228.603183     952.175149 0.0000000e+00
1359     228.200716     946.607270 0.0000000e+00
1360     227.901095     941.389373 0.0000000e+00
1361     228.558555     936.729225 0.0000000e+00
1362     228.562045     931.550034 0.0000000e+00
1363     228.314917     926.357229 0.0000000e+00
1364     228.375038     921.061208 0.0000000e+00
1365     228.594284     915.999654 0.0000000e+00
1366     228.612386     910.806002 0.0000000e+00
1367     228.611087     905.549342 0.0000000e+00
1368     228.614620     900.276608 0.0000000e+00
1369     228.610342     894.996172 0.0000000e+00
1370     228.610006     889.713181 0.0000000e+00
1371     228.606031     884.444513 0.0000000e+00
1372     228.540415     879.206905 0.0000000e+00
1373     228.505996     873.917567 0.0000000e+00
1374     228.522802     868.627939 0.0000000e+00
1375     228.593290     863.373268 0.0000000e+00
1376     228.601792     858.099919 0.0000000e+00
1377     228.614264     852.827187 0.0000000e+00
1378     228.602397     847.690525 0.0000000e+00
1379     227.961649     843.140153 0.0000000e+00
1380     228.186571     837.831188 0.0000000e+00
1381     228.570949     832.209263 0.0000000e+00
1382     228.337104     826.893271 0.0000000e+00
1383     228.363611     821.562017 0.0000000e+00
1384     228.564700     816.485242 0.0000000e+00
1385     228.590242     811.279096 0.0000000e+00
1386     228.598585     806.014448 0.0000000e+00
1387     228.607416     800.749261 0.0000000e+00
1388     228.608375     795.472452 0.0000000e+00
1389     228.611700     790.192565 0.0000000e+00
1390     228.605588     784.910500 0.0000000e+00
1391     228.604179     779.628120 0.0000000e+00
1392     228.597636     774.363092 0.0000000e+00
1393     228.535579     769.132031 0.0000000e+00
1394     228.498995     763.841654 0.0000000e+00
1395     228.523432     758.567052 0.0000000e+00
1396     228.588514     753.489572 0.0000000e+00
1397     227.932187     749.107912 0.0000000e+00
1398     228.582514     744.327437 0.0000000e+00
1399     228.591126     738.944783 0.0000000e+00
1400     228.193688     733.190362 0.0000000e+00
1401     228.333203     727.527222 0.0000000e+00
1402     228.389464     722.078990 0.0000000e+00
1403     228.612846     716.962995 0.0000000e+00
1404     228.628837     711.755982 0.0000000e+00
1405     228.632514     706.482783 0.0000000e+00
1406     228.629757     701.169964 0.0000000e+00
1407     228.518465     695.766384 0.0000000e+00
1408     228.533556     690.492809 0.0000000e+00
1409     228.620893     685.168812 0.0000000e+00
1410     228.651885     679.809044 0.0000000e+00
1411     228.663369     674.540867 0.0000000e+00
1412     228.832396     669.247789 0.0000000e+00
1413     228.956371     664.042880 0.0000000e+00
1414     228.983072     659.020518 0.0000000e+00
1415     228.089880     654.395873 0.0000000e+00
1416     229.111603     649.688682 0.0000000e+00
1417     229.004953     644.454002 0.0000000e+00
1418     229.906498     638.477163 0.0000000e+00
1419     228.961182     633.027086 0.0000000e+00
1420     227.703432     627.594471 0.0000000e+00
1421     230.270136     622.839201 0.0000000e+00
1422     228.226131     617.644032 0.0000000e+00
1423     223.395263    1296.769510 0.0000000e+00
1424     224.320463    1292.184580 0.0000000e+00
1425     225.230555    1287.083460 0.0000000e+00
1426     224.520189    1281.290210 0.0000000e+00
1427     224.655732    1276.239710 0.0000000e+00
1428     223.650759    1271.784860 0.0000000e+00
1429     224.167023    1267.318060 0.0000000e+00
1430     224.496937    1262.327370 0.0000000e+00
1431     224.657762    1257.531870 0.0000000e+00
1432     224.337883    1252.380000 0.0000000e+00
1433     224.291431    1247.272580 0.0000000e+00
1434     224.313007    1242.083440 0.0000000e+00
1435     224.399906    1237.066290 0.0000000e+00
1436     224.345205    1232.093860 0.0000000e+00
1437     223.990311    1227.169080 0.0000000e+00
1438     223.915374    1222.087240 0.0000000e+00
1439     224.132508    1217.118460 0.0000000e+00
1440     224.185343    1212.104800 0.0000000e+00
1441     224.239067    1207.090160 0.0000000e+00
1442     224.229954    1202.048660 0.0000000e+00
1443     224.208181    1196.977830 0.0000000e+00
1444     224.209688    1191.903470 0.0000000e+00
1445     224.205954    1186.825770 0.0000000e+00
1446     224.221476    1181.760440 0.0000000e+00
1447     224.238665    1176.705460 0.0000000e+00
1448     224.227316    1171.793480 0.0000000e+00
1449     223.566072    1167.519990 0.0000000e+00
1450     224.208557    1163.009410 0.0000000e+00
1451     224.233477    1158.026710 0.0000000e+00
1452     224.221323    1152.965190 0.0000000e+00
1453     224.218188    1147.891930 0.0000000e+00
1454     224.221286    1142.823680 0.0000000e+00
1455     224.206929    1137.799540 0.0000000e+00
1456     223.976503    1132.904380 0.0000000e+00
1457     223.969656    1127.828330 0.0000000e+00
1458     224.123047    1122.931700 0.0000000e+00
1459     224.110650    1117.877570 0.0000000e+00
1460     224.128505    1112.764530 0.0000000e+00
1461     224.161532    1107.565100 0.0000000e+00
1462     223.798637    1102.045080 0.0000000e+00
1463     224.164109    1096.463620 0.0000000e+00
1464     224.189789    1091.226660 0.0000000e+00
1465     224.199052    1086.109460 0.0000000e+00
1466     224.215228    1081.037270 0.0000000e+00
1467     224.220345    1075.967440 0.0000000e+00
1468     224.227797    1070.894950 0.0000000e+00
1469     224.245640    1065.834370 0.0000000e+00
1470     224.226572    1060.869880 0.0000000e+00
1471     223.550360    1056.442420 0.0000000e+00
1472     224.215415    1052.083450 0.0000000e+00
1473     224.231749    1047.144260 0.0000000e+00
1474     224.208988    1042.108610 0.0000000e+00
1475     223.965501    1037.148180 0.0000000e+00
1476     224.012007    1032.069170 0.0000000e+00
1477     224.138419    1027.208720 0.0000000e+00
1478     224.129688    1022.196060 0.0000000e+00
1479     224.155656    1017.138360 0.0000000e+00
1480     224.208584    1012.122240 0.0000000e+00
1481     224.216119    1007.067740 0.0000000e+00
1482     224.192928    1001.968460 0.0000000e+00
1483     224.042977     996.789995 0.0000000e+00
1484     224.019918     991.707473 0.0000000e+00
1485     224.155923     986.560782 0.0000000e+00
1486     224.173286     981.457276 0.0000000e+00
1487     224.189862     976.376396 0.0000000e+00
1488     224.211526     971.313575 0.0000000e+00
1489     224.220594     966.246568 0.0000000e+00
1490     224.233861     961.175457 0.0000000e+00
1491     224.260328     956.120497 0.0000000e+00
1492     224.239807     951.197003 0.0000000e+00
1493     223.555980     946.822996 0.0000000e+00
1494     223.958121     942.478429 0.0000000e+00
1495     224.041792     937.540205 0.0000000e+00
1496     224.207881     932.686259 0.0000000e+00
1497     224.148036     927.707834 0.0000000e+00
1498     224.130752     922.639100 0.0000000e+00
1499     224.161160     917.562622 0.0000000e+00
1500     224.214045     912.544006 0.0000000e+00
1501     224.221320     907.498514 0.0000000e+00
1502     224.221481     902.436058 0.0000000e+00
1503     224.221106     897.368323 0.0000000e+00
1504     224.220493     892.297391 0.0000000e+00
1505     224.219136     887.228287 0.0000000e+00
1506     224.205671     882.168038 0.0000000e+00
1507     224.195972     877.097183 0.0000000e+00
1508     224.194656     872.021252 0.0000000e+00
1509     224.209005     866.950397 0.0000000e+00
1510     224.232991     861.890783 0.0000000e+00
1511     224.245378     856.835202 0.0000000e+00
1512     224.242475     851.833023 0.0000000e+00
1513     224.069827     846.981073 0.0000000e+00
1514     223.993088     842.035903 0.0000000e+00
1515     223.551582     837.678594 0.0000000e+00
1516     224.216694     833.310999 0.0000000e+00
1517     224.139353     828.396269 0.0000000e+00
1518     224.084438     823.347912 0.0000000e+00
1519     224.117439     818.281576 0.0000000e+00
1520     224.202657     813.241101 0.0000000e+00
1521     224.215480     808.185780 0.0000000e+00
1522     224.216604     803.120561 0.0000000e+00
1523     224.217632     798.052848 0.0000000e+00
1524     224.217691     792.982280 0.0000000e+00
1525     224.217398     787.911715 0.0000000e+00
1526     224.216823     782.840273 0.0000000e+00
1527     224.215623     777.772917 0.0000000e+00
1528     224.203991     772.715307 0.0000000e+00
1529     224.195638     767.646470 0.0000000e+00
1530     224.195697     762.582141 0.0000000e+00
1531     224.195637     757.580093 0.0000000e+00
1532     224.013110     752.727447 0.0000000e+00
1533     223.968606     747.638726 0.0000000e+00
1534     224.210014     742.664175 0.0000000e+00
1535     224.214635     737.767970 0.0000000e+00
1536     223.560373     733.461095 0.0000000e+00
1537     224.142790     729.019104 0.0000000e+00
1538     224.152977     724.041793 0.0000000e+00
1539     224.162092     718.968421 0.0000000e+00
1540     224.209224     713.940046 0.0000000e+00
1541     224.215613     708.879446 0.0000000e+00
1542     224.218994     703.766331 0.0000000e+00
1543     224.207367     698.515443 0.0000000e+00
1544     223.845166     692.948557 0.0000000e+00
1545     224.206588     687.401396 0.0000000e+00
1546     224.235882     682.170460 0.0000000e+00
1547     224.231096     677.049861 0.0000000e+00
1548     224.268584     671.951676 0.0000000e+00
1549     224.318913     666.891899 0.0000000e+00
1550     224.332459     661.887639 0.0000000e+00
1551     224.103966     656.991748 0.0000000e+00
1552     224.139509     651.847723 0.0000000e+00
1553     224.400280     646.916056 0.0000000e+00
1554     224.684966     641.725048 0.0000000e+00
1555     224.675372     636.798240 0.0000000e+00
1556     224.217295     631.849368 0.0000000e+00
1557     223.470293     627.103478 0.0000000e+00
1558     224.888402     622.351019 0.0000000e+00
1559     223.772534     617.317891 0.0000000e+00
1560     225.306947     612.370523 0.0000000e+00
1561     224.301027     607.072236 0.0000000e+00
1562     223.461584     602.172878 0.0000000e+00
1563     224.270034     592.505203 0.0000000e+00
1564     225.226697     597.499286 0.0000000e+00
1565     227.964580     602.790456 0.0000000e+00
1566     229.399815     608.030850 0.0000000e+00
1567     230.978252     613.006680 0.0000000e+00
1568     233.507944     618.246400 0.0000000e+00
1569     235.983115     623.287863 0.0000000e+00
1570     238.348524     628.651484 0.0000000e+00
1571     240.707155     634.045804 0.0000000e+00
1572     243.279969     639.595430 0.0000000e+00
1573     246.085591     645.285741 0.0000000e+00
1574     248.933312     651.205416 0.0000000e+00
1575     251.899252     657.550940 0.0000000e+00
1576     254.599241     664.521830 0.0000000e+00
1577     259.077137     671.210731 0.0000000e+00
1578     262.791125     677.819072 0.0000000e+00
1579     265.140926     684.248027 0.0000000e+00
1580     269.475919     689.508142 0.0000000e+00
1581     273.596845     696.234560 0.0000000e+00
1582     278.047292     703.348794 0.0000000e+00
1583     282.677526     710.816220 0.0000000e+00
1584     287.154682     718.943894 0.0000000e+00
1585     291.356884     728.159063 0.0000000e+00
1586     292.241058     738.492227 0.0000000e+00
1587     292.686233     748.305118 0.0000000e+00
1588     292.760307     757.731977 0.0000000e+00
1589     291.408147     766.022658 0.0000000e+00
1590     292.719382     774.207812 0.0000000e+00
1591     292.730416     783.433984 0.0000000e+00
1592     292.738415     792.889581 0.0000000e+00
1593     292.807207     802.436612 0.0000000e+00
1594     292.822554     811.977948 0.0000000e+00
1595     292.828376     821.504082 0.0000000e+00
1596     292.796005     830.950485 0.0000000e+00
1597     292.322956     840.152126 0.0000000e+00
1598     292.138507     849.789486 0.0000000e+00
1599     292.252924     859.540466 0.0000000e+00
1600     291.716727     869.920594 0.0000000e+00
1601     292.722211     880.333416 0.0000000e+00
1602     292.803400     890.165905 0.0000000e+00
1603     292.807899     899.784607 0.0000000e+00
1604     292.804640     909.348943 0.0000000e+00
1605     292.769888     918.892975 0.0000000e+00
1606     292.699831     928.185729 0.0000000e+00
1607     291.375683     936.446132 0.0000000e+00
1608     292.820769     944.588965 0.0000000e+00
1609     292.872947     953.851374 0.0000000e+00
1610     292.830215     963.334026 0.0000000e+00
1611     292.785769     972.863652 0.0000000e+00
1612     292.746624     982.394653 0.0000000e+00
1613     292.706756     991.955343 0.0000000e+00
1614     292.458488    1001.651120 0.0000000e+00
1615     292.475966    1011.472940 0.0000000e+00
1616     291.991031    1022.114680 0.0000000e+00
1617     292.741104    1032.485100 0.0000000e+00
1618     292.820612    1042.299600 0.0000000e+00
1619     292.822365    1051.914600 0.0000000e+00
1620     292.746245    1061.408850 0.0000000e+00
1621     292.260363    1070.574740 0.0000000e+00
1622     292.264455    1080.112160 0.0000000e+00
1623     292.706227    1089.370900 0.0000000e+00
1624     292.657836    1098.692810 0.0000000e+00
1625     291.322852    1106.959770 0.0000000e+00
1626     292.759875    1115.109380 0.0000000e+00
1627     292.888816    1124.297120 0.0000000e+00
1628     292.843752    1133.755620 0.0000000e+00
1629     292.788420    1143.288550 0.0000000e+00
1630     292.649768    1152.921320 0.0000000e+00
1631     292.189865    1162.862240 0.0000000e+00
1632     291.290159    1173.637550 0.0000000e+00
1633     286.497645    1182.476380 0.0000000e+00
1634     281.852628    1189.880030 0.0000000e+00
1635     276.705497    1195.621960 0.0000000e+00
1636     273.929794    1202.694940 0.0000000e+00
1637     270.079479    1209.425710 0.0000000e+00
1638     265.836246    1216.148750 0.0000000e+00
1639     262.079631    1222.851170 0.0000000e+00
1640     258.588354    1229.744800 0.0000000e+00
1641     254.376580    1236.500700 0.0000000e+00
1642     251.490103    1243.329600 0.0000000e+00
1643     248.448120    1249.525490 0.0000000e+00
1644     245.665302    1255.428660 0.0000000e+00
1645     242.886266    1261.203520 0.0000000e+00
1646     240.162817    1266.740560 0.0000000e+00
1647     238.052249    1272.119710 0.0000000e+00
1648     235.647618    1277.721560 0.0000000e+00
1649     233.524069    1282.749160 0.0000000e+00
1650     231.096101    1287.899520 0.0000000e+00
1651     229.007729    1292.355160 0.0000000e+00
1652     227.486885    1297.426740 0.0000000e+00
1653     224.630330    1301.687720 0.0000000e+00
1654     224.785037    1306.716250 0.0000000e+00
1655     223.617483     578.888265 0.0000000e+00
1656     224.967584     583.932253 0.0000000e+00
1657     226.871129     588.501241 0.0000000e+00
1658     229.168448     593.532259 0.0000000e+00
1659     231.051091     598.508846 0.0000000e+00
1660     233.373983     603.661005 0.0000000e+00
1661     235.108591     608.676418 0.0000000e+00
1662     236.223129     613.673476 0.0000000e+00
1663     239.281210     617.956167 0.0000000e+00
1664     241.854549     623.068080 0.0000000e+00
1665     244.438146     628.615527 0.0000000e+00
1666     247.163024     634.350231 0.0000000e+00
1667     250.077244     640.219229 0.0000000e+00
1668     253.071699     646.273534 0.0000000e+00
1669     256.252560     652.583303 0.0000000e+00
1670     259.516938     659.177617 0.0000000e+00
1671     263.230703     665.604478 0.0000000e+00
1672     267.526584     672.514312 0.0000000e+00
1673     271.556178     680.340174 0.0000000e+00
1674     276.915149     687.691400 0.0000000e+00
1675     281.858492     695.088798 0.0000000e+00
1676     286.940739     702.558571 0.0000000e+00
1677     292.020258     710.298892 0.0000000e+00
1678     296.584990     718.428573 0.0000000e+00
1679     300.869491     726.016975 0.0000000e+00
1680     300.786816     734.782960 0.0000000e+00
1681     301.153808     744.620384 0.0000000e+00
1682     301.253811     755.017467 0.0000000e+00
1683     300.547149     766.005200 0.0000000e+00
1684     301.407192     776.902807 0.0000000e+00
1685     301.461363     787.232925 0.0000000e+00
1686     301.482721     797.355426 0.0000000e+00
1687     301.513762     807.427660 0.0000000e+00
1688     301.536449     817.480386 0.0000000e+00
1689     301.582612     827.494561 0.0000000e+00
1690     301.540857     837.202661 0.0000000e+00
1691     300.059010     845.669772 0.0000000e+00
1692     300.815259     854.469406 0.0000000e+00
1693     300.709124     864.489698 0.0000000e+00
1694     301.132104     874.141718 0.0000000e+00
1695     301.447511     884.221647 0.0000000e+00
1696     301.474149     894.303190 0.0000000e+00
1697     301.478160     904.382517 0.0000000e+00
1698     301.466713     914.527350 0.0000000e+00
1699     301.426959     924.903697 0.0000000e+00
1700     300.654022     935.914153 0.0000000e+00
1701     301.437912     946.742867 0.0000000e+00
1702     301.493307     957.058627 0.0000000e+00
1703     301.484280     967.183553 0.0000000e+00
1704     301.474876     977.252998 0.0000000e+00
1705     301.460275     987.311522 0.0000000e+00
1706     301.376841     997.376894 0.0000000e+00
1707     301.210161    1007.369400 0.0000000e+00
1708     300.927259    1017.591070 0.0000000e+00
1709     301.066937    1027.728690 0.0000000e+00
1710     301.467586    1037.924740 0.0000000e+00
1711     301.528637    1048.047530 0.0000000e+00
1712     301.566152    1058.091370 0.0000000e+00
1713     301.546917    1067.809010 0.0000000e+00
1714     300.106280    1076.203510 0.0000000e+00
1715     301.444833    1085.161170 0.0000000e+00
1716     301.014553    1095.135830 0.0000000e+00
1717     300.329310    1106.314940 0.0000000e+00
1718     301.491445    1116.712770 0.0000000e+00
1719     301.553923    1126.876360 0.0000000e+00
1720     301.521221    1136.959420 0.0000000e+00
1721     301.456601    1147.051820 0.0000000e+00
1722     301.203202    1157.231650 0.0000000e+00
1723     300.524718    1167.584890 0.0000000e+00
1724     300.428299    1178.095400 0.0000000e+00
1725     294.212491    1185.691400 0.0000000e+00
1726     289.021237    1193.811790 0.0000000e+00
1727     282.811384    1200.015230 0.0000000e+00
1728     279.589677    1208.181630 0.0000000e+00
1729     274.675421    1215.133950 0.0000000e+00
1730     270.328284    1222.196660 0.0000000e+00
1731     266.674431    1228.952850 0.0000000e+00
1732     262.660239    1235.603920 0.0000000e+00
1733     259.049773    1242.059820 0.0000000e+00
1734     255.758463    1248.546640 0.0000000e+00
1735     252.556138    1254.770900 0.0000000e+00
1736     249.488110    1260.831910 0.0000000e+00
1737     246.548972    1266.721300 0.0000000e+00
1738     243.883240    1272.446200 0.0000000e+00
1739     241.274286    1278.065280 0.0000000e+00
1740     238.836959    1283.588840 0.0000000e+00
1741     236.355083    1288.828040 0.0000000e+00
1742     234.093926    1293.884320 0.0000000e+00
1743     231.715171    1297.986730 0.0000000e+00
1744     229.812658    1303.151740 0.0000000e+00
1745     229.048170    1308.480210 0.0000000e+00
1746     225.505971    1312.439620 0.0000000e+00
1747     224.199447    1317.917220 0.0000000e+00
1748     220.443860    1328.983100 0.0000000e+00
1749     221.643083    1323.170060 0.0000000e+00
1750     219.705913    1318.576550 0.0000000e+00
1751     220.461386    1313.933340 0.0000000e+00
1752     220.540164    1309.133200 0.0000000e+00
1753     220.209241    1304.043650 0.0000000e+00
1754     219.852216    1299.117090 0.0000000e+00
1755     219.603129    1293.819230 0.0000000e+00
1756     220.086751    1288.897700 0.0000000e+00
1757     220.308323    1284.009050 0.0000000e+00
1758     220.079471    1278.919620 0.0000000e+00
1759     219.814862    1274.095610 0.0000000e+00
1760     219.713648    1269.077030 0.0000000e+00
1761     219.967743    1264.219650 0.0000000e+00
1762     220.047135    1259.344620 0.0000000e+00
1763     220.050019    1254.480800 0.0000000e+00
1764     219.971782    1249.504550 0.0000000e+00
1765     219.976216    1244.528400 0.0000000e+00
1766     219.977923    1239.561870 0.0000000e+00
1767     219.981952    1234.637870 0.0000000e+00
1768     219.900276    1229.738220 0.0000000e+00
1769     219.836268    1224.769670 0.0000000e+00
1770     219.848919    1219.793970 0.0000000e+00
1771     219.911181    1214.869520 0.0000000e+00
1772     219.932728    1209.933850 0.0000000e+00
1773     219.947159    1204.998680 0.0000000e+00
1774     219.947240    1200.054270 0.0000000e+00
1775     219.946361    1195.103460 0.0000000e+00
1776     219.949651    1190.153780 0.0000000e+00
1777     219.954054    1185.204130 0.0000000e+00
1778     219.964118    1180.263750 0.0000000e+00
1779     219.954112    1175.370580 0.0000000e+00
1780     219.742363    1170.602850 0.0000000e+00
1781     219.709742    1165.632980 0.0000000e+00
1782     219.931297    1160.792630 0.0000000e+00
1783     219.947013    1155.875560 0.0000000e+00
1784     219.945841    1150.932480 0.0000000e+00
1785     219.946820    1145.984700 0.0000000e+00
1786     219.942459    1141.047800 0.0000000e+00
1787     219.885865    1136.142760 0.0000000e+00
1788     219.851786    1131.180860 0.0000000e+00
1789     219.857303    1126.233780 0.0000000e+00
1790     219.910766    1121.306440 0.0000000e+00
1791     219.920326    1116.354400 0.0000000e+00
1792     219.947917    1111.412430 0.0000000e+00
1793     219.952752    1106.598920 0.0000000e+00
1794     219.292700    1102.355530 0.0000000e+00
1795     219.935774    1097.987730 0.0000000e+00
1796     219.956894    1093.135930 0.0000000e+00
1797     219.943080    1088.193870 0.0000000e+00
1798     219.939962    1083.241530 0.0000000e+00
1799     219.941523    1078.292070 0.0000000e+00
1800     219.942801    1073.341750 0.0000000e+00
1801     219.946285    1068.394000 0.0000000e+00
1802     219.933330    1063.475160 0.0000000e+00
1803     219.703171    1058.655970 0.0000000e+00
1804     219.721001    1053.682180 0.0000000e+00
1805     219.931337    1048.892060 0.0000000e+00
1806     219.936100    1043.999580 0.0000000e+00
1807     219.862799    1039.094490 0.0000000e+00
1808     219.841959    1034.134330 0.0000000e+00
1809     219.853061    1029.181720 0.0000000e+00
1810     219.860965    1024.251610 0.0000000e+00
1811     219.854087    1019.322880 0.0000000e+00
1812     219.882703    1014.387580 0.0000000e+00
1813     219.926943    1009.422430 0.0000000e+00
1814     219.935185    1004.425040 0.0000000e+00
1815     219.915104     999.292890 0.0000000e+00
1816     219.540449     993.802124 0.0000000e+00
1817     219.893190     988.400087 0.0000000e+00
1818     219.917304     983.302221 0.0000000e+00
1819     219.918222     978.307643 0.0000000e+00
1820     219.923370     973.345314 0.0000000e+00
1821     219.929996     968.393978 0.0000000e+00
1822     219.936089     963.442694 0.0000000e+00
1823     219.944857     958.494080 0.0000000e+00
1824     219.931588     953.575148 0.0000000e+00
1825     219.695941     948.752966 0.0000000e+00
1826     219.669204     943.806222 0.0000000e+00
1827     219.849045     938.999101 0.0000000e+00
1828     219.897589     934.101897 0.0000000e+00
1829     219.927262     929.217522 0.0000000e+00
1830     219.921878     924.289020 0.0000000e+00
1831     219.923601     919.339343 0.0000000e+00
1832     219.931548     914.389532 0.0000000e+00
1833     219.943192     909.450769 0.0000000e+00
1834     219.944845     904.506462 0.0000000e+00
1835     219.944224     899.558258 0.0000000e+00
1836     219.943571     894.608464 0.0000000e+00
1837     219.942644     889.658272 0.0000000e+00
1838     219.939134     884.709660 0.0000000e+00
1839     219.936413     879.759628 0.0000000e+00
1840     219.935404     874.807878 0.0000000e+00
1841     219.937597     869.855382 0.0000000e+00
1842     219.944057     864.904951 0.0000000e+00
1843     219.951845     859.958887 0.0000000e+00
1844     219.949958     855.024715 0.0000000e+00
1845     219.901558     850.126944 0.0000000e+00
1846     219.855866     845.220177 0.0000000e+00
1847     219.661152     840.403216 0.0000000e+00
1848     219.692545     835.450207 0.0000000e+00
1849     219.885113     830.626425 0.0000000e+00
1850     219.745804     825.628690 0.0000000e+00
1851     219.745227     820.658049 0.0000000e+00
1852     219.896094     815.617687 0.0000000e+00
1853     219.928193     810.644815 0.0000000e+00
1854     219.934890     805.689484 0.0000000e+00
1855     219.937258     800.737924 0.0000000e+00
1856     219.939435     795.787362 0.0000000e+00
1857     219.941445     790.837070 0.0000000e+00
1858     219.943774     785.887054 0.0000000e+00
1859     219.945927     780.937907 0.0000000e+00
1860     219.946194     775.991135 0.0000000e+00
1861     219.947308     771.043072 0.0000000e+00
1862     219.949618     766.096127 0.0000000e+00
1863     219.947603     761.162896 0.0000000e+00
1864     219.902145     756.262991 0.0000000e+00
1865     219.874498     751.307218 0.0000000e+00
1866     219.893633     746.350780 0.0000000e+00
1867     219.948241     741.478056 0.0000000e+00
1868     219.752459     736.716837 0.0000000e+00
1869     219.686842     731.759699 0.0000000e+00
1870     219.903513     726.911124 0.0000000e+00
1871     219.921946     721.985905 0.0000000e+00
1872     219.926747     717.042366 0.0000000e+00
1873     219.941524     712.099937 0.0000000e+00
1874     219.951011     707.147855 0.0000000e+00
1875     219.973318     702.201980 0.0000000e+00
1876     219.965521     697.373674 0.0000000e+00
1877     219.303966     693.104784 0.0000000e+00
1878     219.953307     688.760814 0.0000000e+00
1879     219.976169     683.917270 0.0000000e+00
1880     219.960536     678.978603 0.0000000e+00
1881     219.960904     674.021873 0.0000000e+00
1882     219.971486     669.068101 0.0000000e+00
1883     219.975911     664.129837 0.0000000e+00
1884     219.916167     659.221697 0.0000000e+00
1885     219.908837     654.257041 0.0000000e+00
1886     219.941437     649.278581 0.0000000e+00
1887     220.083674     644.324250 0.0000000e+00
1888     220.109809     639.418808 0.0000000e+00
1889     220.018585     634.561283 0.0000000e+00
1890     219.732843     629.680317 0.0000000e+00
1891     219.870679     624.555081 0.0000000e+00
1892     219.938414     619.860334 0.0000000e+00
1893     220.063293     614.662121 0.0000000e+00
1894     220.245213     609.747489 0.0000000e+00
1895     219.444453     604.249608 0.0000000e+00
1896     220.072626     598.648739 0.0000000e+00
1897     220.201674     593.703809 0.0000000e+00
1898     220.998499     588.178139 0.0000000e+00
1899     220.139222     583.020039 0.0000000e+00
1900     219.337363     578.239229 0.0000000e+00
1901     220.946253     573.755517 0.0000000e+00
1902     220.033984     568.930865 0.0000000e+00
1903     215.169655    1344.844940 0.0000000e+00
1904     215.963398    1340.030910 0.0000000e+00
1905     217.036164    1334.716350 0.0000000e+00
1906     215.652142    1330.158940 0.0000000e+00
1907     216.438261    1325.488120 0.0000000e+00
1908     216.062967    1320.935170 0.0000000e+00
1909     215.756588    1315.895510 0.0000000e+00
1910     215.956395    1311.113710 0.0000000e+00
1911     215.928019    1306.300790 0.0000000e+00
1912     215.756215    1301.381290 0.0000000e+00
1913     215.682198    1296.276440 0.0000000e+00
1914     215.351248    1290.732920 0.0000000e+00
1915     215.790728    1285.488720 0.0000000e+00
1916     215.799906    1280.525410 0.0000000e+00
1917     215.668376    1275.599760 0.0000000e+00
1918     215.624203    1270.695680 0.0000000e+00
1919     215.647332    1265.771660 0.0000000e+00
1920     215.711861    1260.919940 0.0000000e+00
1921     215.726961    1256.067650 0.0000000e+00
1922     215.723307    1251.210170 0.0000000e+00
1923     215.710833    1246.323490 0.0000000e+00
1924     215.711200    1241.440180 0.0000000e+00
1925     215.708971    1236.560540 0.0000000e+00
1926     215.692479    1231.693970 0.0000000e+00
1927     215.675127    1226.818050 0.0000000e+00
1928     215.668001    1221.928550 0.0000000e+00
1929     215.677398    1217.043000 0.0000000e+00
1930     215.694286    1212.171050 0.0000000e+00
1931     215.701482    1207.297140 0.0000000e+00
1932     215.705791    1202.422780 0.0000000e+00
1933     215.707217    1197.545880 0.0000000e+00
1934     215.708516    1192.667720 0.0000000e+00
1935     215.710894    1187.789740 0.0000000e+00
1936     215.713832    1182.913010 0.0000000e+00
1937     215.709955    1178.047270 0.0000000e+00
1938     215.652316    1173.210320 0.0000000e+00
1939     215.626290    1168.325510 0.0000000e+00
1940     215.644843    1163.428710 0.0000000e+00
1941     215.703921    1158.580070 0.0000000e+00
1942     215.710578    1153.713060 0.0000000e+00
1943     215.711630    1148.838370 0.0000000e+00
1944     215.710931    1143.964250 0.0000000e+00
1945     215.698018    1139.097350 0.0000000e+00
1946     215.687733    1134.220040 0.0000000e+00
1947     215.680756    1129.338220 0.0000000e+00
1948     215.689457    1124.458300 0.0000000e+00
1949     215.705857    1119.585630 0.0000000e+00
1950     215.713186    1114.713820 0.0000000e+00
1951     215.705313    1109.882980 0.0000000e+00
1952     215.496325    1105.169190 0.0000000e+00
1953     215.475317    1100.265630 0.0000000e+00
1954     215.688590    1095.507470 0.0000000e+00
1955     215.702589    1090.667250 0.0000000e+00
1956     215.698866    1085.797360 0.0000000e+00
1957     215.696790    1080.920790 0.0000000e+00
1958     215.695958    1076.043160 0.0000000e+00
1959     215.695393    1071.165920 0.0000000e+00
1960     215.689719    1066.297500 0.0000000e+00
1961     215.631448    1061.456910 0.0000000e+00
1962     215.601856    1056.560530 0.0000000e+00
1963     215.620128    1051.673100 0.0000000e+00
1964     215.675444    1046.825990 0.0000000e+00
1965     215.633483    1041.959360 0.0000000e+00
1966     215.609549    1037.095220 0.0000000e+00
1967     215.626162    1032.224760 0.0000000e+00
1968     215.648732    1027.310050 0.0000000e+00
1969     215.515741    1022.355770 0.0000000e+00
1970     215.536798    1017.450220 0.0000000e+00
1971     215.674830    1012.465340 0.0000000e+00
1972     215.703887    1007.543490 0.0000000e+00
1973     215.728340    1002.656190 0.0000000e+00
1974     215.717042     997.869197 0.0000000e+00
1975     215.065588     993.566214 0.0000000e+00
1976     215.711393     989.346811 0.0000000e+00
1977     215.725792     984.593190 0.0000000e+00
1978     215.708508     979.728697 0.0000000e+00
1979     215.699901     974.849703 0.0000000e+00
1980     215.697903     969.973873 0.0000000e+00
1981     215.701250     965.099281 0.0000000e+00
1982     215.707731     960.222458 0.0000000e+00
1983     215.705758     955.350956 0.0000000e+00
1984     215.639977     950.503093 0.0000000e+00
1985     215.609146     945.618543 0.0000000e+00
1986     215.629745     940.725168 0.0000000e+00
1987     215.682975     935.877520 0.0000000e+00
1988     215.696671     931.016926 0.0000000e+00
1989     215.704823     926.154215 0.0000000e+00
1990     215.705580     921.281467 0.0000000e+00
1991     215.706267     916.404584 0.0000000e+00
1992     215.707746     911.527636 0.0000000e+00
1993     215.709681     906.652478 0.0000000e+00
1994     215.709473     901.776187 0.0000000e+00
1995     215.708704     896.898998 0.0000000e+00
1996     215.707863     892.021457 0.0000000e+00
1997     215.706452     887.144050 0.0000000e+00
1998     215.705082     882.266328 0.0000000e+00
1999     215.704187     877.388183 0.0000000e+00
2000     215.704060     872.509587 0.0000000e+00
2001     215.704933     867.630838 0.0000000e+00
2002     215.706682     862.752877 0.0000000e+00
2003     215.706486     857.878118 0.0000000e+00
2004     215.693628     853.011958 0.0000000e+00
2005     215.676755     848.147246 0.0000000e+00
2006     215.619120     843.302126 0.0000000e+00
2007     215.597986     838.402167 0.0000000e+00
2008     215.625750     833.474157 0.0000000e+00
2009     215.664172     828.457000 0.0000000e+00
2010     215.306034     823.080045 0.0000000e+00
2011     215.663334     817.724243 0.0000000e+00
2012     215.691237     812.691306 0.0000000e+00
2013     215.694286     807.770680 0.0000000e+00
2014     215.696147     802.881615 0.0000000e+00
2015     215.697880     798.000585 0.0000000e+00
2016     215.699691     793.121551 0.0000000e+00
2017     215.701576     788.243008 0.0000000e+00
2018     215.703497     783.364761 0.0000000e+00
2019     215.705008     778.486992 0.0000000e+00
2020     215.706730     773.609227 0.0000000e+00
2021     215.708680     768.731662 0.0000000e+00
2022     215.708945     763.856565 0.0000000e+00
2023     215.698142     758.988534 0.0000000e+00
2024     215.691558     754.112141 0.0000000e+00
2025     215.690360     749.229401 0.0000000e+00
2026     215.695493     744.359635 0.0000000e+00
2027     215.656897     739.529911 0.0000000e+00
2028     215.625643     734.650969 0.0000000e+00
2029     215.637589     729.753497 0.0000000e+00
2030     215.698051     724.901757 0.0000000e+00
2031     215.705603     720.033270 0.0000000e+00
2032     215.709504     715.158201 0.0000000e+00
2033     215.715918     710.282292 0.0000000e+00
2034     215.722843     705.409763 0.0000000e+00
2035     215.712972     700.576418 0.0000000e+00
2036     215.502117     695.855826 0.0000000e+00
2037     215.480794     690.952133 0.0000000e+00
2038     215.697080     686.199449 0.0000000e+00
2039     215.711601     681.362453 0.0000000e+00
2040     215.709024     676.492876 0.0000000e+00
2041     215.709419     671.615366 0.0000000e+00
2042     215.709587     666.739785 0.0000000e+00
2043     215.695422     661.872505 0.0000000e+00
2044     215.687750     656.991871 0.0000000e+00
2045     215.692193     652.104623 0.0000000e+00
2046     215.719608     647.212455 0.0000000e+00
2047     215.746745     642.349023 0.0000000e+00
2048     215.730042     637.500062 0.0000000e+00
2049     215.660282     632.651792 0.0000000e+00
2050     215.638708     627.700821 0.0000000e+00
2051     215.508612     622.765815 0.0000000e+00
2052     215.607873     617.845419 0.0000000e+00
2053     215.742570     612.856464 0.0000000e+00
2054     215.726590     608.093465 0.0000000e+00
2055     215.003706     603.693814 0.0000000e+00
2056     215.769868     599.490596 0.0000000e+00
2057     215.814357     594.723803 0.0000000e+00
2058     216.114170     589.819042 0.0000000e+00
2059     215.987200     585.020049 0.0000000e+00
2060     215.559759     580.083865 0.0000000e+00
2061     215.847698     574.961063 0.0000000e+00
2062     215.975614     570.229885 0.0000000e+00
2063     216.779611     564.896375 0.0000000e+00
2064     215.973202     559.944922 0.0000000e+00
2065     215.166798     555.348406 0.0000000e+00
2066     215.804475     546.250696 0.0000000e+00
2067     216.755704     550.912106 0.0000000e+00
2068     219.425697     555.791907 0.0000000e+00
2069     220.764524     560.705715 0.0000000e+00
2070     222.610034     565.111958 0.0000000e+00
2071     224.774120     569.956942 0.0000000e+00
2072     226.507274     574.722895 0.0000000e+00
2073     228.656689     579.712361 0.0000000e+00
2074     230.546130     584.635049 0.0000000e+00
2075     232.687327     589.678531 0.0000000e+00
2076     235.007668     594.895502 0.0000000e+00
2077     237.396489     600.152119 0.0000000e+00
2078     239.846343     605.648628 0.0000000e+00
2079     241.021111     611.421703 0.0000000e+00
2080     244.695723     616.216676 0.0000000e+00
2081     247.579253     621.965821 0.0000000e+00
2082     250.544676     627.907192 0.0000000e+00
2083     253.680645     633.967621 0.0000000e+00
2084     256.962858     640.149011 0.0000000e+00
2085     260.024595     646.528282 0.0000000e+00
2086     263.668607     653.153738 0.0000000e+00
2087     267.728455     659.453278 0.0000000e+00
2088     271.894442     666.226030 0.0000000e+00
2089     276.283907     673.447258 0.0000000e+00
2090     281.093661     680.612751 0.0000000e+00
2091     286.485966     687.971810 0.0000000e+00
2092     292.022951     695.526635 0.0000000e+00
2093     297.743379     703.286023 0.0000000e+00
2094     303.270751     711.457737 0.0000000e+00
2095     308.238673     720.201052 0.0000000e+00
2096     310.467772     730.299841 0.0000000e+00
2097     310.378484     740.655500 0.0000000e+00
2098     309.997376     750.889647 0.0000000e+00
2099     309.708933     761.669676 0.0000000e+00
2100     310.258617     771.951951 0.0000000e+00
2101     310.550280     782.610108 0.0000000e+00
2102     310.587706     793.212771 0.0000000e+00
2103     310.597054     803.774849 0.0000000e+00
2104     310.601052     814.335288 0.0000000e+00
2105     310.609438     824.955622 0.0000000e+00
2106     310.598927     835.770835 0.0000000e+00
2107     309.744757     846.856505 0.0000000e+00
2108     309.076330     857.327830 0.0000000e+00
2109     310.454513     866.536236 0.0000000e+00
2110     310.538023     876.793386 0.0000000e+00
2111     310.470141     887.272022 0.0000000e+00
2112     310.451880     897.844224 0.0000000e+00
2113     310.498704     908.448595 0.0000000e+00
2114     310.528328     918.983601 0.0000000e+00
2115     310.238078     929.711018 0.0000000e+00
2116     310.229613     940.251413 0.0000000e+00
2117     310.532340     950.944409 0.0000000e+00
2118     310.595433     961.533395 0.0000000e+00
2119     310.605722     972.087957 0.0000000e+00
2120     310.609556     982.630195 0.0000000e+00
2121     310.598853     993.161789 0.0000000e+00
2122     310.551779    1003.594960 0.0000000e+00
2123     309.995201    1013.763790 0.0000000e+00
2124     309.900836    1024.334760 0.0000000e+00
2125     310.484165    1034.626020 0.0000000e+00
2126     310.569751    1045.168410 0.0000000e+00
2127     310.568298    1055.803340 0.0000000e+00
2128     310.513587    1066.640460 0.0000000e+00
2129     309.790030    1077.866990 0.0000000e+00
2130     310.528709    1089.414090 0.0000000e+00
2131     308.869325    1099.388220 0.0000000e+00
2132     310.302300    1108.372800 0.0000000e+00
2133     310.592047    1118.655490 0.0000000e+00
2134     310.594490    1129.161070 0.0000000e+00
2135     310.580461    1139.712860 0.0000000e+00
2136     310.507645    1150.298520 0.0000000e+00
2137     310.120464    1160.875600 0.0000000e+00
2138     309.661408    1171.430480 0.0000000e+00
2139     309.394874    1181.990850 0.0000000e+00
2140     302.477806    1189.731520 0.0000000e+00
2141     296.346557    1197.781430 0.0000000e+00
2142     289.582976    1205.751560 0.0000000e+00
2143     284.507996    1214.654180 0.0000000e+00
2144     278.970323    1220.898550 0.0000000e+00
2145     276.002890    1227.600670 0.0000000e+00
2146     271.665433    1234.368210 0.0000000e+00
2147     267.482502    1241.110880 0.0000000e+00
2148     263.593689    1247.751900 0.0000000e+00
2149     259.901334    1254.220570 0.0000000e+00
2150     256.403019    1260.593870 0.0000000e+00
2151     253.120325    1266.830170 0.0000000e+00
2152     250.111139    1272.869260 0.0000000e+00
2153     247.164600    1278.749250 0.0000000e+00
2154     244.374967    1284.509210 0.0000000e+00
2155     241.682243    1290.114810 0.0000000e+00
2156     238.904002    1295.434340 0.0000000e+00
2157     235.810609    1301.073580 0.0000000e+00
2158     234.237066    1306.993800 0.0000000e+00
2159     231.898073    1312.440110 0.0000000e+00
2160     229.106788    1316.436940 0.0000000e+00
2161     228.015494    1321.181730 0.0000000e+00
2162     226.045461    1325.742360 0.0000000e+00
2163     225.184692    1330.285020 0.0000000e+00
2164     222.444029    1334.315830 0.0000000e+00
2165     220.797743    1339.053700 0.0000000e+00
2166     219.417925    1344.106910 0.0000000e+00
2167     216.759209    1349.336820 0.0000000e+00
2168     215.950548    1354.689840 0.0000000e+00
2169     214.952792     532.922806 0.0000000e+00
2170     216.289659     537.695982 0.0000000e+00
2171     218.093731     541.959992 0.0000000e+00
2172     220.309505     546.574180 0.0000000e+00
2173     221.976650     551.209227 0.0000000e+00
2174     224.051027     556.003528 0.0000000e+00
2175     225.871495     560.714759 0.0000000e+00
2176     227.858783     565.496669 0.0000000e+00
2177     229.987931     570.413086 0.0000000e+00
2178     232.090507     575.416283 0.0000000e+00
2179     234.341651     580.510650 0.0000000e+00
2180     236.309125     585.681714 0.0000000e+00
2181     238.730994     591.076043 0.0000000e+00
2182     241.415971     596.355631 0.0000000e+00
2183     244.115594     602.204878 0.0000000e+00
2184     246.633737     608.869933 0.0000000e+00
2185     250.544406     615.022377 0.0000000e+00
2186     253.890247     621.248975 0.0000000e+00
2187     257.300614     627.512815 0.0000000e+00
2188     260.899648     633.864478 0.0000000e+00
2189     264.552173     640.261370 0.0000000e+00
2190     266.985480     646.653852 0.0000000e+00
2191     271.490332     651.937057 0.0000000e+00
2192     275.848851     658.704630 0.0000000e+00
2193     280.538527     665.873739 0.0000000e+00
2194     285.610168     673.159943 0.0000000e+00
2195     291.097611     680.591076 0.0000000e+00
2196     297.033679     688.219258 0.0000000e+00
2197     303.271729     696.046485 0.0000000e+00
2198     309.591583     704.209014 0.0000000e+00
2199     315.316084     713.249560 0.0000000e+00
2200     319.729824     724.194291 0.0000000e+00
2201     320.005191     736.313038 0.0000000e+00
2202     320.059903     747.368288 0.0000000e+00
2203     318.460378     756.957225 0.0000000e+00
2204     319.989013     766.526162 0.0000000e+00
2205     320.085288     777.257879 0.0000000e+00
2206     320.103654     788.259345 0.0000000e+00
2207     320.092214     799.293640 0.0000000e+00
2208     320.083799     810.333376 0.0000000e+00
2209     320.074092     821.387679 0.0000000e+00
2210     320.047555     832.529110 0.0000000e+00
2211     319.705876     844.046650 0.0000000e+00
2212     318.929622     856.171208 0.0000000e+00
2213     319.961818     868.295487 0.0000000e+00
2214     320.054388     879.645931 0.0000000e+00
2215     319.538794     890.493261 0.0000000e+00
2216     319.609414     901.609263 0.0000000e+00
2217     320.088345     912.290201 0.0000000e+00
2218     319.901997     923.193987 0.0000000e+00
2219     319.822435     934.218537 0.0000000e+00
2220     319.909094     945.244145 0.0000000e+00
2221     320.116385     956.223914 0.0000000e+00
2222     320.135983     967.238943 0.0000000e+00
2223     320.136273     978.258485 0.0000000e+00
2224     320.136958     989.282608 0.0000000e+00
2225     320.166283    1000.277060 0.0000000e+00
2226     320.106708    1010.977440 0.0000000e+00
2227     318.533258    1020.320590 0.0000000e+00
2228     320.066113    1029.958150 0.0000000e+00
2229     320.138344    1040.731620 0.0000000e+00
2230     320.097966    1051.732220 0.0000000e+00
2231     320.035086    1062.807540 0.0000000e+00
2232     319.735904    1074.038100 0.0000000e+00
2233     319.701594    1085.442230 0.0000000e+00
2234     319.019373    1097.932850 0.0000000e+00
2235     319.882093    1109.847890 0.0000000e+00
2236     320.059117    1121.194430 0.0000000e+00
2237     320.085181    1132.322470 0.0000000e+00
2238     320.095274    1143.385450 0.0000000e+00
2239     320.010878    1154.373440 0.0000000e+00
2240     319.340431    1165.035530 0.0000000e+00
2241     319.153473    1175.771250 0.0000000e+00
2242     318.961393    1185.110390 0.0000000e+00
2243     312.416733    1192.546250 0.0000000e+00
2244     305.904376    1200.311240 0.0000000e+00
2245     299.235345    1208.102890 0.0000000e+00
2246     293.112824    1216.064830 0.0000000e+00
2247     286.540908    1224.405880 0.0000000e+00
2248     281.534634    1232.747910 0.0000000e+00
2249     276.605504    1240.126050 0.0000000e+00
2250     272.068661    1247.167400 0.0000000e+00
2251     267.865450    1253.960830 0.0000000e+00
2252     263.735145    1260.261360 0.0000000e+00
2253     260.015837    1266.804170 0.0000000e+00
2254     256.912387    1273.136310 0.0000000e+00
2255     253.608444    1279.270980 0.0000000e+00
2256     250.411912    1285.233560 0.0000000e+00
2257     247.392006    1291.141720 0.0000000e+00
2258     244.594807    1296.751620 0.0000000e+00
2259     241.398187    1301.186430 0.0000000e+00
2260     239.992051    1306.451830 0.0000000e+00
2261     237.573110    1312.122750 0.0000000e+00
2262     234.436039    1317.881850 0.0000000e+00
2263     232.389655    1323.458620 0.0000000e+00
2264     230.472062    1328.542470 0.0000000e+00
2265     228.361398    1333.629410 0.0000000e+00
2266     226.174203    1338.246250 0.0000000e+00
2267     224.401153    1343.030970 0.0000000e+00
2268     222.352147    1347.875400 0.0000000e+00
2269     220.686252    1352.460220 0.0000000e+00
2270     219.621961    1357.131030 0.0000000e+00
2271     216.419970    1360.514490 0.0000000e+00
2272     215.232461    1365.635880 0.0000000e+00
2273     214.516962    1370.214470 0.0000000e+00
2274     211.789119    1373.782870 0.0000000e+00
2275     210.801511    1367.963200 0.0000000e+00
2276     211.669032    1362.431700 0.0000000e+00
2277     211.905907    1357.422210 0.0000000e+00
2278     211.877206    1352.257910 0.0000000e+00
2279     211.659974    1347.571920 0.0000000e+00
2280     211.441868    1342.492240 0.0000000e+00
2281     211.935831    1337.602510 0.0000000e+00
2282     211.822755    1333.013280 0.0000000e+00
2283     211.626165    1328.062850 0.0000000e+00
2284     211.727599    1323.385540 0.0000000e+00
2285     211.634627    1318.590910 0.0000000e+00
2286     211.570662    1313.719830 0.0000000e+00
2287     211.614117    1308.926490 0.0000000e+00
2288     211.590802    1304.125810 0.0000000e+00
2289     211.567573    1299.293060 0.0000000e+00
2290     211.553457    1294.522970 0.0000000e+00
2291     210.925062    1290.204780 0.0000000e+00
2292     211.582871    1286.076090 0.0000000e+00
2293     211.602824    1281.411350 0.0000000e+00
2294     211.562361    1276.628500 0.0000000e+00
2295     211.527870    1271.801930 0.0000000e+00
2296     211.525314    1266.972330 0.0000000e+00
2297     211.534859    1262.143360 0.0000000e+00
2298     211.547281    1257.331220 0.0000000e+00
2299     211.548624    1252.519010 0.0000000e+00
2300     211.546741    1247.704680 0.0000000e+00
2301     211.543171    1242.884700 0.0000000e+00
2302     211.541228    1238.065460 0.0000000e+00
2303     211.535545    1233.247850 0.0000000e+00
2304     211.529689    1228.430490 0.0000000e+00
2305     211.525893    1223.610890 0.0000000e+00
2306     211.525114    1218.788970 0.0000000e+00
2307     211.527525    1213.968400 0.0000000e+00
2308     211.530780    1209.150730 0.0000000e+00
2309     211.531856    1204.332720 0.0000000e+00
2310     211.532152    1199.514400 0.0000000e+00
2311     211.531869    1194.695440 0.0000000e+00
2312     211.531666    1189.876100 0.0000000e+00
2313     211.531696    1185.056820 0.0000000e+00
2314     211.529748    1180.239560 0.0000000e+00
2315     211.514132    1175.429220 0.0000000e+00
2316     211.503600    1170.610580 0.0000000e+00
2317     211.502494    1165.784290 0.0000000e+00
2318     211.510358    1160.959780 0.0000000e+00
2319     211.523348    1156.147070 0.0000000e+00
2320     211.524667    1151.330150 0.0000000e+00
2321     211.523764    1146.511580 0.0000000e+00
2322     211.519848    1141.694140 0.0000000e+00
2323     211.515913    1136.875140 0.0000000e+00
2324     211.512407    1132.054640 0.0000000e+00
2325     211.511222    1127.232450 0.0000000e+00
2326     211.513692    1122.411450 0.0000000e+00
2327     211.516892    1117.593400 0.0000000e+00
2328     211.511301    1112.785040 0.0000000e+00
2329     211.454826    1108.006580 0.0000000e+00
2330     211.426681    1103.176000 0.0000000e+00
2331     211.440664    1098.338290 0.0000000e+00
2332     211.496360    1093.543660 0.0000000e+00
2333     211.500340    1088.732240 0.0000000e+00
2334     211.497805    1083.913720 0.0000000e+00
2335     211.495221    1079.093410 0.0000000e+00
2336     211.492749    1074.272870 0.0000000e+00
2337     211.488725    1069.454600 0.0000000e+00
2338     211.473062    1064.644090 0.0000000e+00
2339     211.459717    1059.821630 0.0000000e+00
2340     211.452514    1054.994240 0.0000000e+00
2341     211.457307    1050.172380 0.0000000e+00
2342     211.455594    1045.355930 0.0000000e+00
2343     211.331912    1040.499780 0.0000000e+00
2344     211.355046    1035.665620 0.0000000e+00
2345     211.499326    1030.675770 0.0000000e+00
2346     211.502507    1025.642910 0.0000000e+00
2347     211.134134    1020.296150 0.0000000e+00
2348     211.472073    1015.003280 0.0000000e+00
2349     211.499564    1010.021180 0.0000000e+00
2350     211.506868    1005.154570 0.0000000e+00
2351     211.499220    1000.349650 0.0000000e+00
2352     211.287935     995.643167 0.0000000e+00
2353     211.299754     990.787211 0.0000000e+00
2354     211.500323     986.118643 0.0000000e+00
2355     211.508268     981.350520 0.0000000e+00
2356     211.492252     976.536754 0.0000000e+00
2357     211.464129     971.706920 0.0000000e+00
2358     211.454963     966.895659 0.0000000e+00
2359     211.474489     962.082354 0.0000000e+00
2360     211.501899     957.254938 0.0000000e+00
2361     211.489105     952.439965 0.0000000e+00
2362     211.478485     947.617805 0.0000000e+00
2363     211.479841     942.789988 0.0000000e+00
2364     211.490287     937.966059 0.0000000e+00
2365     211.505224     933.153091 0.0000000e+00
2366     211.510841     928.337407 0.0000000e+00
2367     211.514767     923.520398 0.0000000e+00
2368     211.516761     918.701393 0.0000000e+00
2369     211.518394     913.881633 0.0000000e+00
2370     211.520072     909.061939 0.0000000e+00
2371     211.521723     904.242562 0.0000000e+00
2372     211.522898     899.423022 0.0000000e+00
2373     211.523912     894.603387 0.0000000e+00
2374     211.524790     889.783827 0.0000000e+00
2375     211.525611     884.964281 0.0000000e+00
2376     211.526523     880.144719 0.0000000e+00
2377     211.527636     875.325142 0.0000000e+00
2378     211.529023     870.505580 0.0000000e+00
2379     211.530651     865.686172 0.0000000e+00
2380     211.531993     860.867542 0.0000000e+00
2381     211.530486     856.051032 0.0000000e+00
2382     211.526527     851.235299 0.0000000e+00
2383     211.512893     846.424448 0.0000000e+00
2384     211.504164     841.601068 0.0000000e+00
2385     211.509356     836.770727 0.0000000e+00
2386     211.538943     831.953057 0.0000000e+00
2387     211.541562     827.238756 0.0000000e+00
2388     210.902688     823.019740 0.0000000e+00
2389     211.537833     818.822026 0.0000000e+00
2390     211.554648     814.114546 0.0000000e+00
2391     211.541500     809.307065 0.0000000e+00
2392     211.536634     804.486409 0.0000000e+00
2393     211.535046     799.666137 0.0000000e+00
2394     211.534262     794.846759 0.0000000e+00
2395     211.533712     790.027707 0.0000000e+00
2396     211.533250     785.208708 0.0000000e+00
2397     211.532756     780.389726 0.0000000e+00
2398     211.532308     775.570668 0.0000000e+00
2399     211.531961     770.751541 0.0000000e+00
2400     211.531206     765.932729 0.0000000e+00
2401     211.527697     761.115284 0.0000000e+00
2402     211.524610     756.296742 0.0000000e+00
2403     211.522954     751.476804 0.0000000e+00
2404     211.521375     746.657282 0.0000000e+00
2405     211.509521     741.845886 0.0000000e+00
2406     211.501203     737.029966 0.0000000e+00
2407     211.498458     732.204430 0.0000000e+00
2408     211.505355     727.379000 0.0000000e+00
2409     211.518498     722.565588 0.0000000e+00
2410     211.520049     717.747980 0.0000000e+00
2411     211.520638     712.928409 0.0000000e+00
2412     211.521532     708.109556 0.0000000e+00
2413     211.515536     703.300347 0.0000000e+00
2414     211.457677     698.520136 0.0000000e+00
2415     211.430627     693.690488 0.0000000e+00
2416     211.445885     688.851484 0.0000000e+00
2417     211.501424     684.058779 0.0000000e+00
2418     211.505930     679.248321 0.0000000e+00
2419     211.504119     674.429857 0.0000000e+00
2420     211.501866     669.609960 0.0000000e+00
2421     211.496611     664.791808 0.0000000e+00
2422     211.491729     659.971080 0.0000000e+00
2423     211.489203     655.147870 0.0000000e+00
2424     211.492270     650.322332 0.0000000e+00
2425     211.496417     645.501461 0.0000000e+00
2426     211.495124     640.688022 0.0000000e+00
2427     211.478265     635.870848 0.0000000e+00
2428     211.471365     630.999195 0.0000000e+00
2429     211.439062     626.016451 0.0000000e+00
2430     211.130036     620.769603 0.0000000e+00
2431     211.500474     615.366050 0.0000000e+00
2432     211.378699     610.286909 0.0000000e+00
2433     211.135966     605.505889 0.0000000e+00
2434     211.301626     600.564159 0.0000000e+00
2435     211.532093     595.896870 0.0000000e+00
2436     211.626299     591.107326 0.0000000e+00
2437     211.606032     586.317589 0.0000000e+00
2438     211.472240     581.539426 0.0000000e+00
2439     211.500871     576.645108 0.0000000e+00
2440     211.572264     571.788437 0.0000000e+00
2441     211.877389     566.908901 0.0000000e+00
2442     211.807886     562.203342 0.0000000e+00
2443     211.388614     557.390357 0.0000000e+00
2444     211.633882     552.391952 0.0000000e+00
2445     211.786172     547.766145 0.0000000e+00
2446     212.559114     542.402871 0.0000000e+00
2447     211.733734     537.504632 0.0000000e+00
2448     210.831742     533.024750 0.0000000e+00
2449     211.935259     528.577031 0.0000000e+00
2450     211.996646     523.868932 0.0000000e+00
2451     207.030578    1387.195460 0.0000000e+00
2452     207.920974    1382.863880 0.0000000e+00
2453     208.652348    1377.885850 0.0000000e+00
2454     207.607222    1372.509280 0.0000000e+00
2455     206.692926    1368.007880 0.0000000e+00
2456     207.425143    1363.641420 0.0000000e+00
2457     207.433223    1358.827090 0.0000000e+00
2458     207.449476    1354.068160 0.0000000e+00
2459     207.443401    1349.235920 0.0000000e+00
2460     207.403138    1344.440960 0.0000000e+00
2461     207.447522    1339.564890 0.0000000e+00
2462     207.483161    1334.850160 0.0000000e+00
2463     207.461322    1330.114330 0.0000000e+00
2464     207.415662    1325.316930 0.0000000e+00
2465     207.432939    1320.579430 0.0000000e+00
2466     207.412756    1315.814260 0.0000000e+00
2467     207.401909    1311.034310 0.0000000e+00
2468     207.408622    1306.276020 0.0000000e+00
2469     207.406135    1301.515050 0.0000000e+00
2470     207.391906    1296.766430 0.0000000e+00
2471     207.183518    1292.098950 0.0000000e+00
2472     207.208758    1287.296870 0.0000000e+00
2473     207.412839    1282.694030 0.0000000e+00
2474     207.423197    1277.993170 0.0000000e+00
2475     207.413463    1273.246630 0.0000000e+00
2476     207.407207    1268.482590 0.0000000e+00
2477     207.407888    1263.716430 0.0000000e+00
2478     207.409683    1258.951240 0.0000000e+00
2479     207.411457    1254.189060 0.0000000e+00
2480     207.411112    1249.426620 0.0000000e+00
2481     207.410214    1244.663510 0.0000000e+00
2482     207.408793    1239.899480 0.0000000e+00
2483     207.406933    1235.135820 0.0000000e+00
2484     207.404619    1230.372050 0.0000000e+00
2485     207.402847    1225.607960 0.0000000e+00
2486     207.401912    1220.843410 0.0000000e+00
2487     207.401610    1216.078600 0.0000000e+00
2488     207.401841    1211.314180 0.0000000e+00
2489     207.402119    1206.550260 0.0000000e+00
2490     207.401930    1201.786220 0.0000000e+00
2491     207.401543    1197.022040 0.0000000e+00
2492     207.401050    1192.257680 0.0000000e+00
2493     207.400577    1187.493220 0.0000000e+00
2494     207.399663    1182.729190 0.0000000e+00
2495     207.395589    1177.966860 0.0000000e+00
2496     207.391412    1173.202780 0.0000000e+00
2497     207.389619    1168.436830 0.0000000e+00
2498     207.389912    1163.670220 0.0000000e+00
2499     207.391651    1158.904950 0.0000000e+00
2500     207.394043    1154.141640 0.0000000e+00
2501     207.393733    1149.377530 0.0000000e+00
2502     207.392275    1144.613330 0.0000000e+00
2503     207.390477    1139.848770 0.0000000e+00
2504     207.388725    1135.083860 0.0000000e+00
2505     207.387381    1130.318490 0.0000000e+00
2506     207.386675    1125.552900 0.0000000e+00
2507     207.386631    1120.787980 0.0000000e+00
2508     207.384723    1116.026030 0.0000000e+00
2509     207.370480    1111.271640 0.0000000e+00
2510     207.358234    1106.505410 0.0000000e+00
2511     207.354122    1101.733760 0.0000000e+00
2512     207.360122    1096.965940 0.0000000e+00
2513     207.373115    1092.205630 0.0000000e+00
2514     207.373131    1087.442170 0.0000000e+00
2515     207.371209    1082.677410 0.0000000e+00
2516     207.369185    1077.912400 0.0000000e+00
2517     207.366756    1073.147910 0.0000000e+00
2518     207.361823    1068.385370 0.0000000e+00
2519     207.356289    1063.620680 0.0000000e+00
2520     207.351752    1058.854250 0.0000000e+00
2521     207.349312    1054.082120 0.0000000e+00
2522     207.349632    1049.280890 0.0000000e+00
2523     207.323943    1044.382090 0.0000000e+00
2524     207.017908    1039.279990 0.0000000e+00
2525     207.385713    1033.905400 0.0000000e+00
2526     207.427616    1028.954000 0.0000000e+00
2527     207.407519    1024.218010 0.0000000e+00
2528     206.782009    1019.969450 0.0000000e+00
2529     207.401174    1015.869990 0.0000000e+00
2530     207.404250    1011.233930 0.0000000e+00
2531     207.392819    1006.486740 0.0000000e+00
2532     207.388033    1001.724460 0.0000000e+00
2533     207.330821     996.978510 0.0000000e+00
2534     207.315514     992.204502 0.0000000e+00
2535     207.344030     987.415063 0.0000000e+00
2536     207.362896     982.665400 0.0000000e+00
2537     207.343174     977.914732 0.0000000e+00
2538     207.325186     973.117794 0.0000000e+00
2539     207.237340     968.240964 0.0000000e+00
2540     207.209581     963.450098 0.0000000e+00
2541     207.315260     958.638434 0.0000000e+00
2542     207.342493     953.855604 0.0000000e+00
2543     207.343677     949.085887 0.0000000e+00
2544     207.345749     944.317787 0.0000000e+00
2545     207.350014     939.550041 0.0000000e+00
2546     207.355806     934.783756 0.0000000e+00
2547     207.361664     930.019957 0.0000000e+00
2548     207.365553     925.255544 0.0000000e+00
2549     207.368768     920.490773 0.0000000e+00
2550     207.371436     915.725573 0.0000000e+00
2551     207.373908     910.960198 0.0000000e+00
2552     207.376304     906.194850 0.0000000e+00
2553     207.378593     901.429591 0.0000000e+00
2554     207.380724     896.664342 0.0000000e+00
2555     207.382739     891.899131 0.0000000e+00
2556     207.384677     887.133975 0.0000000e+00
2557     207.386575     882.368870 0.0000000e+00
2558     207.388472     877.603821 0.0000000e+00
2559     207.390398     872.838837 0.0000000e+00
2560     207.392359     868.073942 0.0000000e+00
2561     207.394241     863.309243 0.0000000e+00
2562     207.395489     858.545057 0.0000000e+00
2563     207.395967     853.781257 0.0000000e+00
2564     207.393945     849.018534 0.0000000e+00
2565     207.392647     844.253876 0.0000000e+00
2566     207.394042     839.486976 0.0000000e+00
2567     207.400924     834.723348 0.0000000e+00
2568     207.394867     829.992637 0.0000000e+00
2569     207.190048     825.360760 0.0000000e+00
2570     207.189792     820.568276 0.0000000e+00
2571     207.395922     815.942880 0.0000000e+00
2572     207.410426     811.225180 0.0000000e+00
2573     207.407727     806.471998 0.0000000e+00
2574     207.405893     801.709868 0.0000000e+00
2575     207.404795     796.945992 0.0000000e+00
2576     207.403943     792.181837 0.0000000e+00
2577     207.403174     787.417616 0.0000000e+00
2578     207.402420     782.653352 0.0000000e+00
2579     207.401673     777.889025 0.0000000e+00
2580     207.400946     773.124628 0.0000000e+00
2581     207.400141     768.360253 0.0000000e+00
2582     207.398722     763.596162 0.0000000e+00
2583     207.397099     758.831814 0.0000000e+00
2584     207.395777     754.067118 0.0000000e+00
2585     207.394564     749.302507 0.0000000e+00
2586     207.390828     744.539464 0.0000000e+00
2587     207.387008     739.775366 0.0000000e+00
2588     207.385244     735.009741 0.0000000e+00
2589     207.384981     730.242939 0.0000000e+00
2590     207.386279     725.477340 0.0000000e+00
2591     207.388489     720.713636 0.0000000e+00
2592     207.388153     715.948997 0.0000000e+00
2593     207.387431     711.184180 0.0000000e+00
2594     207.384842     706.421872 0.0000000e+00
2595     207.370108     701.667120 0.0000000e+00
2596     207.357664     696.900756 0.0000000e+00
2597     207.354287     692.128774 0.0000000e+00
2598     207.359981     687.360822 0.0000000e+00
2599     207.372747     682.600744 0.0000000e+00
2600     207.372443     677.837162 0.0000000e+00
2601     207.370035     673.072398 0.0000000e+00
2602     207.367229     668.307938 0.0000000e+00
2603     207.364513     663.542980 0.0000000e+00
2604     207.362211     658.777435 0.0000000e+00
2605     207.361126     654.010867 0.0000000e+00
2606     207.360447     649.245161 0.0000000e+00
2607     207.358912     644.481132 0.0000000e+00
2608     207.354996     639.717084 0.0000000e+00
2609     207.354727     634.944469 0.0000000e+00
2610     207.365174     630.187917 0.0000000e+00
2611     207.365139     625.581750 0.0000000e+00
2612     206.783748     621.573776 0.0000000e+00
2613     207.370811     617.205872 0.0000000e+00
2614     207.376017     612.322700 0.0000000e+00
2615     206.973402     607.060117 0.0000000e+00
2616     207.305200     601.833545 0.0000000e+00
2617     207.366411     596.905863 0.0000000e+00
2618     207.433240     592.128876 0.0000000e+00
2619     207.426823     587.325782 0.0000000e+00
2620     207.282554     582.448084 0.0000000e+00
2621     207.246324     577.664682 0.0000000e+00
2622     207.381907     572.853391 0.0000000e+00
2623     207.472569     568.060994 0.0000000e+00
2624     207.485782     563.316331 0.0000000e+00
2625     207.371714     558.584506 0.0000000e+00
2626     207.352681     553.742642 0.0000000e+00
2627     207.379245     548.966902 0.0000000e+00
2628     207.731373     544.179669 0.0000000e+00
2629     207.643371     539.504661 0.0000000e+00
2630     207.196720     534.721113 0.0000000e+00
2631     207.348387     529.762926 0.0000000e+00
2632     207.606908     525.116497 0.0000000e+00
2633     207.944964     520.306959 0.0000000e+00
2634     207.772006     515.626914 0.0000000e+00
2635     207.158825     510.758634 0.0000000e+00
2636     207.770539     505.523425 0.0000000e+00
2637     210.695539     509.018895 0.0000000e+00
2638     211.682199     513.537954 0.0000000e+00
2639     212.748967     518.456768 0.0000000e+00
2640     215.896249     522.508558 0.0000000e+00
2641     216.738443     527.551029 0.0000000e+00
2642     219.233704     532.416848 0.0000000e+00
2643     221.063994     537.076811 0.0000000e+00
2644     223.003273     541.684934 0.0000000e+00
2645     224.951641     546.368956 0.0000000e+00
2646     226.862966     551.147790 0.0000000e+00
2647     228.981011     555.991926 0.0000000e+00
2648     231.122531     560.862136 0.0000000e+00
2649     233.351836     565.876193 0.0000000e+00
2650     235.696138     571.025456 0.0000000e+00
2651     238.131793     576.269604 0.0000000e+00
2652     240.578464     581.520524 0.0000000e+00
2653     241.977314     586.594845 0.0000000e+00
2654     245.117007     591.147989 0.0000000e+00
2655     247.579743     596.858761 0.0000000e+00
2656     250.491560     603.011817 0.0000000e+00
2657     253.817569     608.700001 0.0000000e+00
2658     257.449636     614.804658 0.0000000e+00
2659     261.105531     621.165067 0.0000000e+00
2660     264.983207     627.728904 0.0000000e+00
2661     269.169016     634.645675 0.0000000e+00
2662     273.255252     642.514609 0.0000000e+00
2663     278.768938     649.846396 0.0000000e+00
2664     283.980687     657.255970 0.0000000e+00
2665     289.423656     664.589860 0.0000000e+00
2666     295.202749     672.108973 0.0000000e+00
2667     301.405985     679.773554 0.0000000e+00
2668     308.016075     687.596106 0.0000000e+00
2669     314.896490     695.611054 0.0000000e+00
2670     321.579556     704.023470 0.0000000e+00
2671     326.708215     713.291535 0.0000000e+00
2672     330.646747     722.353783 0.0000000e+00
2673     329.750221     732.733182 0.0000000e+00
2674     329.922361     744.473200 0.0000000e+00
2675     329.097793     757.054526 0.0000000e+00
2676     329.992608     769.565626 0.0000000e+00
2677     330.060255     781.399217 0.0000000e+00
2678     329.945138     792.944940 0.0000000e+00
2679     329.907553     804.527170 0.0000000e+00
2680     329.944486     816.108078 0.0000000e+00
2681     330.050354     827.585661 0.0000000e+00
2682     329.919069     839.181461 0.0000000e+00
2683     329.568017     850.859389 0.0000000e+00
2684     329.650166     862.390693 0.0000000e+00
2685     330.075175     874.125078 0.0000000e+00
2686     330.115497     885.460580 0.0000000e+00
2687     328.463804     895.382136 0.0000000e+00
2688     330.085149     905.372224 0.0000000e+00
2689     330.094061     916.563572 0.0000000e+00
2690     329.489448     927.780630 0.0000000e+00
2691     329.561207     939.348950 0.0000000e+00
2692     330.097745     950.441868 0.0000000e+00
2693     330.127330     961.833005 0.0000000e+00
2694     330.109515     973.320347 0.0000000e+00
2695     330.069230     984.836817 0.0000000e+00
2696     330.044469     996.458567 0.0000000e+00
2697     329.989218    1008.371330 0.0000000e+00
2698     329.129332    1020.894260 0.0000000e+00
2699     330.031537    1033.427310 0.0000000e+00
2700     330.082570    1045.277400 0.0000000e+00
2701     330.057282    1056.899780 0.0000000e+00
2702     329.957107    1068.474980 0.0000000e+00
2703     329.741405    1079.972270 0.0000000e+00
2704     329.375574    1091.752490 0.0000000e+00
2705     329.516230    1103.378980 0.0000000e+00
2706     329.987647    1115.024710 0.0000000e+00
2707     330.074020    1126.618360 0.0000000e+00
2708     330.109241    1138.166450 0.0000000e+00
2709     330.149381    1149.679020 0.0000000e+00
2710     330.032832    1160.947280 0.0000000e+00
2711     328.358288    1171.110080 0.0000000e+00
2712     330.046714    1182.041290 0.0000000e+00
2713     324.652320    1192.902830 0.0000000e+00
2714     317.487939    1201.336430 0.0000000e+00
2715     310.323615    1209.332790 0.0000000e+00
2716     303.527276    1217.197780 0.0000000e+00
2717     296.934457    1224.963960 0.0000000e+00
2718     291.110509    1232.681780 0.0000000e+00
2719     285.741255    1240.382000 0.0000000e+00
2720     280.581544    1247.626700 0.0000000e+00
2721     275.784035    1254.753140 0.0000000e+00
2722     271.404863    1261.532070 0.0000000e+00
2723     266.970232    1266.779120 0.0000000e+00
2724     264.473850    1273.120100 0.0000000e+00
2725     260.804448    1279.463180 0.0000000e+00
2726     257.206370    1285.715910 0.0000000e+00
2727     253.600136    1291.627910 0.0000000e+00
2728     250.257562    1297.906340 0.0000000e+00
2729     246.877175    1304.062170 0.0000000e+00
2730     244.259473    1310.499850 0.0000000e+00
2731     241.303368    1316.342290 0.0000000e+00
2732     238.693001    1321.820870 0.0000000e+00
2733     236.408512    1327.255790 0.0000000e+00
2734     234.078236    1332.515650 0.0000000e+00
2735     231.804919    1337.625860 0.0000000e+00
2736     229.643915    1342.545200 0.0000000e+00
2737     227.572270    1347.422820 0.0000000e+00
2738     225.642507    1352.147670 0.0000000e+00
2739     223.946512    1356.876460 0.0000000e+00
2740     221.834923    1361.462740 0.0000000e+00
2741     219.549607    1364.838350 0.0000000e+00
2742     218.989712    1369.261380 0.0000000e+00
2743     217.011974    1373.891860 0.0000000e+00
2744     214.376022    1378.072810 0.0000000e+00
2745     212.546366    1382.495560 0.0000000e+00
2746     211.354537    1387.879340 0.0000000e+00
2747     207.930234    1391.952260 0.0000000e+00
2748     207.301462    1397.476450 0.0000000e+00
2749     207.183014     491.475504 0.0000000e+00
2750     207.860325     496.521956 0.0000000e+00
2751     209.926321     500.821510 0.0000000e+00
2752     212.589980     504.853619 0.0000000e+00
2753     214.776901     509.446017 0.0000000e+00
2754     216.263224     514.116426 0.0000000e+00
2755     218.152226     518.395838 0.0000000e+00
2756     220.253661     523.132386 0.0000000e+00
2757     221.931848     527.732611 0.0000000e+00
2758     224.050746     532.361618 0.0000000e+00
2759     226.032670     537.044239 0.0000000e+00
2760     228.069702     541.775893 0.0000000e+00
2761     229.887599     546.599858 0.0000000e+00
2762     232.092183     551.576987 0.0000000e+00
2763     234.567111     556.386566 0.0000000e+00
2764     236.958539     561.522540 0.0000000e+00
2765     239.478202     566.830922 0.0000000e+00
2766     242.147428     572.316893 0.0000000e+00
2767     244.973923     578.068329 0.0000000e+00
2768     247.586585     584.431228 0.0000000e+00
2769     251.295269     590.625594 0.0000000e+00
2770     253.347339     596.657727 0.0000000e+00
2771     257.073733     601.459383 0.0000000e+00
2772     260.621880     607.467790 0.0000000e+00
2773     264.486636     613.869662 0.0000000e+00
2774     268.582098     620.491694 0.0000000e+00
2775     272.934535     627.317363 0.0000000e+00
2776     277.403985     634.491336 0.0000000e+00
2777     281.820099     641.661105 0.0000000e+00
2778     287.369164     648.988517 0.0000000e+00
2779     293.271614     655.988345 0.0000000e+00
2780     299.337718     663.519255 0.0000000e+00
2781     305.832607     671.239109 0.0000000e+00
2782     312.753595     679.097222 0.0000000e+00
2783     320.087912     687.101696 0.0000000e+00
2784     327.651849     695.375213 0.0000000e+00
2785     334.735171     704.330263 0.0000000e+00
2786     339.393475     714.373901 0.0000000e+00
2787     340.644277     726.409036 0.0000000e+00
2788     340.331494     738.329911 0.0000000e+00
2789     340.044938     750.568587 0.0000000e+00
2790     340.055278     762.631004 0.0000000e+00
2791     340.416982     774.865392 0.0000000e+00
2792     340.472074     786.886586 0.0000000e+00
2793     339.928435     798.582401 0.0000000e+00
2794     339.908573     810.693925 0.0000000e+00
2795     340.484457     822.393008 0.0000000e+00
2796     340.459386     834.357671 0.0000000e+00
2797     340.325037     846.412138 0.0000000e+00
2798     340.279218     858.431718 0.0000000e+00
2799     340.361648     870.533855 0.0000000e+00
2800     340.417167     882.983761 0.0000000e+00
2801     339.542401     896.011125 0.0000000e+00
2802     340.513981     909.210371 0.0000000e+00
2803     340.502840     921.414735 0.0000000e+00
2804     338.835963     932.166499 0.0000000e+00
2805     340.536465     942.330255 0.0000000e+00
2806     340.577586     953.983703 0.0000000e+00
2807     340.540636     965.954075 0.0000000e+00
2808     340.515673     977.974657 0.0000000e+00
2809     340.346325     989.961011 0.0000000e+00
2810     340.251722    1002.112740 0.0000000e+00
2811     339.991220    1014.431170 0.0000000e+00
2812     340.094770    1026.410340 0.0000000e+00
2813     340.439394    1038.625110 0.0000000e+00
2814     340.467547    1050.732180 0.0000000e+00
2815     340.449912    1062.801800 0.0000000e+00
2816     340.385338    1074.769240 0.0000000e+00
2817     339.739405    1086.464490 0.0000000e+00
2818     339.683051    1098.539140 0.0000000e+00
2819     340.357182    1110.236940 0.0000000e+00
2820     340.469485    1122.238750 0.0000000e+00
2821     340.479394    1134.302770 0.0000000e+00
2822     340.475341    1146.444950 0.0000000e+00
2823     340.389114    1158.830550 0.0000000e+00
2824     339.343483    1171.724720 0.0000000e+00
2825     341.396362    1183.877290 0.0000000e+00
2826     336.717353    1193.334190 0.0000000e+00
2827     329.706154    1202.460350 0.0000000e+00
2828     321.956642    1210.581710 0.0000000e+00
2829     314.462181    1218.591250 0.0000000e+00
2830     307.374611    1226.526590 0.0000000e+00
2831     300.898263    1234.305260 0.0000000e+00
2832     294.781024    1241.966560 0.0000000e+00
2833     289.060041    1249.448610 0.0000000e+00
2834     283.509227    1256.381640 0.0000000e+00
2835     278.244906    1263.778720 0.0000000e+00
2836     273.166623    1271.117000 0.0000000e+00
2837     268.989706    1278.896210 0.0000000e+00
2838     264.832503    1285.749520 0.0000000e+00
2839     260.975419    1292.137040 0.0000000e+00
2840     256.869675    1297.263450 0.0000000e+00
2841     254.638383    1303.080350 0.0000000e+00
2842     251.433651    1308.946050 0.0000000e+00
2843     248.397734    1314.988030 0.0000000e+00
2844     245.433931    1320.771960 0.0000000e+00
2845     242.669721    1326.404990 0.0000000e+00
2846     240.043241    1331.933230 0.0000000e+00
2847     237.464756    1337.251250 0.0000000e+00
2848     235.013617    1342.498760 0.0000000e+00
2849     232.698505    1347.622260 0.0000000e+00
2850     230.580093    1352.566990 0.0000000e+00
2851     228.392647    1357.237270 0.0000000e+00
2852     226.179210    1362.191390 0.0000000e+00
2853     223.974336    1367.114700 0.0000000e+00
2854     222.255221    1372.423890 0.0000000e+00
2855     220.091811    1377.180910 0.0000000e+00
2856     218.002800    1381.584920 0.0000000e+00
2857     216.253158    1386.031390 0.0000000e+00
2858     215.045708    1390.584170 0.0000000e+00
2859     212.117683    1394.265400 0.0000000e+00
2860     211.328192    1399.204870 0.0000000e+00
2861     208.734389    1403.040230 0.0000000e+00
2862     206.930300    1407.631870 0.0000000e+00
2863     203.203343    1417.208400 0.0000000e+00
2864     204.230662    1412.486970 0.0000000e+00
2865     202.916896    1407.827000 0.0000000e+00
2866     203.978234    1402.834330 0.0000000e+00
2867     202.823329    1398.454790 0.0000000e+00
2868     203.559712    1393.904970 0.0000000e+00
2869     203.371070    1389.274630 0.0000000e+00
2870     203.324809    1384.388600 0.0000000e+00
2871     203.775226    1379.731600 0.0000000e+00
2872     203.734576    1375.156930 0.0000000e+00
2873     203.175712    1370.416940 0.0000000e+00
2874     203.122080    1365.509880 0.0000000e+00
2875     203.344121    1360.703290 0.0000000e+00
2876     203.018885    1355.438420 0.0000000e+00
2877     203.309566    1350.399130 0.0000000e+00
2878     203.301783    1345.556710 0.0000000e+00
2879     203.310860    1340.796250 0.0000000e+00
2880     203.310440    1336.061160 0.0000000e+00
2881     203.315618    1331.356400 0.0000000e+00
2882     203.309661    1326.650350 0.0000000e+00
2883     203.302263    1321.930250 0.0000000e+00
2884     203.305380    1317.223840 0.0000000e+00
2885     203.302661    1312.512030 0.0000000e+00
2886     203.301692    1307.797420 0.0000000e+00
2887     203.304203    1303.087610 0.0000000e+00
2888     203.301274    1298.381150 0.0000000e+00
2889     203.244503    1293.691690 0.0000000e+00
2890     203.231037    1288.964940 0.0000000e+00
2891     203.260265    1284.237000 0.0000000e+00
2892     203.312092    1279.565500 0.0000000e+00
2893     203.318302    1274.873070 0.0000000e+00
2894     203.317944    1270.167790 0.0000000e+00
2895     203.317830    1265.457650 0.0000000e+00
2896     203.318622    1260.746900 0.0000000e+00
2897     203.319419    1256.036360 0.0000000e+00
2898     203.320113    1251.326290 0.0000000e+00
2899     203.320419    1246.616140 0.0000000e+00
2900     203.320546    1241.905880 0.0000000e+00
2901     203.320407    1237.195570 0.0000000e+00
2902     203.320151    1232.485290 0.0000000e+00
2903     203.319918    1227.774940 0.0000000e+00
2904     203.319899    1223.064540 0.0000000e+00
2905     203.319707    1218.353900 0.0000000e+00
2906     203.319679    1213.643550 0.0000000e+00
2907     203.319970    1208.933520 0.0000000e+00
2908     203.320443    1204.223600 0.0000000e+00
2909     203.320930    1199.513590 0.0000000e+00
2910     203.321439    1194.803340 0.0000000e+00
2911     203.321658    1190.093210 0.0000000e+00
2912     203.321746    1185.383220 0.0000000e+00
2913     203.321149    1180.673690 0.0000000e+00
2914     203.320283    1175.963930 0.0000000e+00
2915     203.319761    1171.253710 0.0000000e+00
2916     203.319883    1166.543330 0.0000000e+00
2917     203.320381    1161.833090 0.0000000e+00
2918     203.321204    1157.123220 0.0000000e+00
2919     203.322011    1152.413710 0.0000000e+00
2920     203.322129    1147.704140 0.0000000e+00
2921     203.322016    1142.994500 0.0000000e+00
2922     203.321869    1138.284790 0.0000000e+00
2923     203.321809    1133.575020 0.0000000e+00
2924     203.321913    1128.865210 0.0000000e+00
2925     203.322170    1124.155500 0.0000000e+00
2926     203.322133    1119.446510 0.0000000e+00
2927     203.319454    1114.739410 0.0000000e+00
2928     203.316176    1110.030170 0.0000000e+00
2929     203.314116    1105.319370 0.0000000e+00
2930     203.314353    1100.608460 0.0000000e+00
2931     203.317357    1095.898620 0.0000000e+00
2932     203.320906    1091.190110 0.0000000e+00
2933     203.321368    1086.481030 0.0000000e+00
2934     203.321364    1081.771740 0.0000000e+00
2935     203.321282    1077.062540 0.0000000e+00
2936     203.320701    1072.353780 0.0000000e+00
2937     203.319800    1067.644760 0.0000000e+00
2938     203.318973    1062.935330 0.0000000e+00
2939     203.319121    1058.224320 0.0000000e+00
2940     203.323270    1053.508870 0.0000000e+00
2941     203.337163    1048.808660 0.0000000e+00
2942     203.337253    1044.260200 0.0000000e+00
2943     202.739976    1040.319980 0.0000000e+00
2944     203.300185    1036.018010 0.0000000e+00
2945     203.324137    1031.365170 0.0000000e+00
2946     203.297583    1026.681310 0.0000000e+00
2947     203.079150    1022.076960 0.0000000e+00
2948     203.088759    1017.326470 0.0000000e+00
2949     203.254842    1012.750420 0.0000000e+00
2950     203.259262    1008.104680 0.0000000e+00
2951     203.279334    1003.415910 0.0000000e+00
2952     203.293597     998.694246 0.0000000e+00
2953     203.286092     993.974208 0.0000000e+00
2954     203.287280     989.252494 0.0000000e+00
2955     203.280161     984.519238 0.0000000e+00
2956     203.155357     979.734617 0.0000000e+00
2957     203.169444     974.967320 0.0000000e+00
2958     203.267070     970.008160 0.0000000e+00
2959     203.067538     964.913760 0.0000000e+00
2960     203.060635     959.766153 0.0000000e+00
2961     203.258072     954.775915 0.0000000e+00
2962     203.264032     949.983485 0.0000000e+00
2963     203.266411     945.250948 0.0000000e+00
2964     203.269279     940.534494 0.0000000e+00
2965     203.272594     935.822132 0.0000000e+00
2966     203.276061     931.111013 0.0000000e+00
2967     203.279343     926.400539 0.0000000e+00
2968     203.282159     921.689958 0.0000000e+00
2969     203.284725     916.979252 0.0000000e+00
2970     203.287114     912.268415 0.0000000e+00
2971     203.289399     907.557504 0.0000000e+00
2972     203.291606     902.846571 0.0000000e+00
2973     203.293731     898.135637 0.0000000e+00
2974     203.295768     893.424695 0.0000000e+00
2975     203.297729     888.713754 0.0000000e+00
2976     203.299629     884.002821 0.0000000e+00
2977     203.301480     879.291902 0.0000000e+00
2978     203.303292     874.581002 0.0000000e+00
2979     203.305071     869.870132 0.0000000e+00
2980     203.306800     865.159311 0.0000000e+00
2981     203.308355     860.448599 0.0000000e+00
2982     203.309669     855.738012 0.0000000e+00
2983     203.310350     851.027678 0.0000000e+00
2984     203.310983     846.317127 0.0000000e+00
2985     203.312202     841.606143 0.0000000e+00
2986     203.314466     836.895463 0.0000000e+00
2987     203.311892     832.192054 0.0000000e+00
2988     203.257159     827.512526 0.0000000e+00
2989     203.237253     822.790162 0.0000000e+00
2990     203.258804     818.064232 0.0000000e+00
2991     203.313800     813.387556 0.0000000e+00
2992     203.321053     808.690903 0.0000000e+00
2993     203.321778     803.984301 0.0000000e+00
2994     203.321777     799.274951 0.0000000e+00
2995     203.321761     794.564953 0.0000000e+00
2996     203.321763     789.854838 0.0000000e+00
2997     203.321774     785.144722 0.0000000e+00
2998     203.321786     780.434622 0.0000000e+00
2999     203.321802     775.724537 0.0000000e+00
3000     203.321804     771.014485 0.0000000e+00
3001     203.321684     766.304531 0.0000000e+00
3002     203.321471     761.594581 0.0000000e+00
3003     203.321277     756.884568 0.0000000e+00
3004     203.321123     752.174595 0.0000000e+00
3005     203.320488     747.465021 0.0000000e+00
3006     203.319592     742.755286 0.0000000e+00
3007     203.319034     738.045175 0.0000000e+00
3008     203.319065     733.334907 0.0000000e+00
3009     203.319370     728.624702 0.0000000e+00
3010     203.320054     723.914810 0.0000000e+00
3011     203.320801     719.205217 0.0000000e+00
3012     203.320985     714.495516 0.0000000e+00
3013     203.320631     709.786358 0.0000000e+00
3014     203.317624     705.079030 0.0000000e+00
3015     203.314127     700.369576 0.0000000e+00
3016     203.312036     695.658454 0.0000000e+00
3017     203.312248     690.947370 0.0000000e+00
3018     203.314947     686.237342 0.0000000e+00
3019     203.318153     681.528528 0.0000000e+00
3020     203.312851     676.817694 0.0000000e+00
3021     203.308791     672.109133 0.0000000e+00
3022     203.310086     667.402605 0.0000000e+00
3023     203.314137     662.695094 0.0000000e+00
3024     203.318521     657.982222 0.0000000e+00
3025     203.319586     653.271170 0.0000000e+00
3026     203.320036     648.561317 0.0000000e+00
3027     203.320012     643.851789 0.0000000e+00
3028     203.320784     639.140969 0.0000000e+00
3029     203.322741     634.438809 0.0000000e+00
3030     203.311764     629.791610 0.0000000e+00
3031     203.137218     625.265927 0.0000000e+00
3032     203.064309     620.516615 0.0000000e+00
3033     203.281414     615.868522 0.0000000e+00
3034     203.283163     611.311819 0.0000000e+00
3035     202.686828     607.274148 0.0000000e+00
3036     203.281272     603.082815 0.0000000e+00
3037     203.310998     598.446706 0.0000000e+00
3038     203.310734     593.728029 0.0000000e+00
3039     203.321211     588.974025 0.0000000e+00
3040     203.300645     584.074387 0.0000000e+00
3041     202.980599     578.835258 0.0000000e+00
3042     203.331818     573.697247 0.0000000e+00
3043     203.374409     568.852784 0.0000000e+00
3044     203.380084     564.102504 0.0000000e+00
3045     203.325698     559.362565 0.0000000e+00
3046     203.274445     554.619978 0.0000000e+00
3047     203.167998     549.800297 0.0000000e+00
3048     203.255835     545.037603 0.0000000e+00
3049     203.373641     540.323363 0.0000000e+00
3050     203.277973     535.636896 0.0000000e+00
3051     203.268908     530.863268 0.0000000e+00
3052     203.329792     526.111012 0.0000000e+00
3053     203.481238     521.414432 0.0000000e+00
3054     203.491873     516.743919 0.0000000e+00
3055     203.322020     512.012154 0.0000000e+00
3056     203.492975     506.945936 0.0000000e+00
3057     204.541799     501.672414 0.0000000e+00
3058     203.227591     497.323148 0.0000000e+00
3059     203.452181     493.028077 0.0000000e+00
3060     203.739163     488.097878 0.0000000e+00
3061     203.745086     483.434285 0.0000000e+00
3062     199.012620    1425.739650 0.0000000e+00
3063     200.015741    1421.083560 0.0000000e+00
3064     199.503155    1415.924980 0.0000000e+00
3065     199.526807    1411.315320 0.0000000e+00
3066     199.367526    1406.245870 0.0000000e+00
3067     199.026673    1401.371870 0.0000000e+00
3068     199.198018    1396.106080 0.0000000e+00
3069     199.329515    1391.399740 0.0000000e+00
3070     199.308918    1386.695890 0.0000000e+00
3071     199.353376    1381.965180 0.0000000e+00
3072     199.402109    1377.347970 0.0000000e+00
3073     199.283328    1372.764580 0.0000000e+00
3074     199.190729    1368.054300 0.0000000e+00
3075     199.243459    1363.341860 0.0000000e+00
3076     199.293569    1358.761190 0.0000000e+00
3077     198.723140    1354.524060 0.0000000e+00
3078     199.316467    1350.607480 0.0000000e+00
3079     199.307774    1346.118350 0.0000000e+00
3080     199.294246    1341.483730 0.0000000e+00
3081     199.290543    1336.826400 0.0000000e+00
3082     199.288449    1332.165920 0.0000000e+00
3083     199.287822    1327.510180 0.0000000e+00
3084     199.286028    1322.854450 0.0000000e+00
3085     199.284276    1318.196040 0.0000000e+00
3086     199.284329    1313.540270 0.0000000e+00
3087     199.283644    1308.883660 0.0000000e+00
3088     199.283404    1304.226470 0.0000000e+00
3089     199.282836    1299.570780 0.0000000e+00
3090     199.268464    1294.919070 0.0000000e+00
3091     199.260331    1290.261090 0.0000000e+00
3092     199.263907    1285.597910 0.0000000e+00
3093     199.274186    1280.937410 0.0000000e+00
3094     199.286010    1276.289650 0.0000000e+00
3095     199.288154    1271.637710 0.0000000e+00
3096     199.288317    1266.982630 0.0000000e+00
3097     199.288272    1262.326320 0.0000000e+00
3098     199.288287    1257.669760 0.0000000e+00
3099     199.288285    1253.013180 0.0000000e+00
3100     199.288256    1248.356640 0.0000000e+00
3101     199.288156    1243.700070 0.0000000e+00
3102     199.287989    1239.043470 0.0000000e+00
3103     199.287764    1234.386840 0.0000000e+00
3104     199.287541    1229.730170 0.0000000e+00
3105     199.287357    1225.073470 0.0000000e+00
3106     199.286904    1220.416340 0.0000000e+00
3107     199.281669    1215.756510 0.0000000e+00
3108     199.278046    1211.100730 0.0000000e+00
3109     199.278438    1206.447410 0.0000000e+00
3110     199.281692    1201.792430 0.0000000e+00
3111     199.286386    1197.133480 0.0000000e+00
3112     199.286963    1192.476010 0.0000000e+00
3113     199.287069    1187.819090 0.0000000e+00
3114     199.286926    1183.162430 0.0000000e+00
3115     199.286664    1178.505810 0.0000000e+00
3116     199.286424    1173.849100 0.0000000e+00
3117     199.286304    1169.192320 0.0000000e+00
3118     199.286321    1164.535550 0.0000000e+00
3119     199.286420    1159.878820 0.0000000e+00
3120     199.286581    1155.222190 0.0000000e+00
3121     199.286676    1150.565640 0.0000000e+00
3122     199.286624    1145.909070 0.0000000e+00
3123     199.286528    1141.252470 0.0000000e+00
3124     199.286438    1136.595870 0.0000000e+00
3125     199.286385    1131.939260 0.0000000e+00
3126     199.286375    1127.282670 0.0000000e+00
3127     199.286304    1122.626220 0.0000000e+00
3128     199.285699    1117.970220 0.0000000e+00
3129     199.284836    1113.313970 0.0000000e+00
3130     199.283991    1108.657350 0.0000000e+00
3131     199.283601    1104.000510 0.0000000e+00
3132     199.283908    1099.343690 0.0000000e+00
3133     199.284832    1094.687210 0.0000000e+00
3134     199.285586    1090.031030 0.0000000e+00
3135     199.285663    1085.374730 0.0000000e+00
3136     199.285624    1080.718400 0.0000000e+00
3137     199.285491    1076.062180 0.0000000e+00
3138     199.285270    1071.405960 0.0000000e+00
3139     199.285021    1066.749660 0.0000000e+00
3140     199.285035    1062.092940 0.0000000e+00
3141     199.286261    1057.435360 0.0000000e+00
3142     199.288787    1052.785600 0.0000000e+00
3143     199.276736    1048.188890 0.0000000e+00
3144     199.090549    1043.715370 0.0000000e+00
3145     199.032797    1039.023270 0.0000000e+00
3146     199.221388    1034.431870 0.0000000e+00
3147     199.225829    1029.799760 0.0000000e+00
3148     199.170927    1025.179080 0.0000000e+00
3149     199.104668    1020.498030 0.0000000e+00
3150     199.105380    1015.847710 0.0000000e+00
3151     199.057554    1011.191280 0.0000000e+00
3152     199.123047    1006.501070 0.0000000e+00
3153     199.249590    1001.716590 0.0000000e+00
3154     199.266719     997.006032 0.0000000e+00
3155     199.269494     992.324683 0.0000000e+00
3156     199.274231     987.626603 0.0000000e+00
3157     199.259903     982.823129 0.0000000e+00
3158     198.915286     977.698368 0.0000000e+00
3159     199.263726     972.560607 0.0000000e+00
3160     199.254370     967.742186 0.0000000e+00
3161     198.961960     963.177849 0.0000000e+00
3162     198.897387     958.996962 0.0000000e+00
3163     199.291187     954.959872 0.0000000e+00
3164     199.273939     950.422429 0.0000000e+00
3165     199.267257     945.781782 0.0000000e+00
3166     199.266196     941.125796 0.0000000e+00
3167     199.266747     936.468732 0.0000000e+00
3168     199.267743     931.812000 0.0000000e+00
3169     199.268824     927.155491 0.0000000e+00
3170     199.269863     922.499084 0.0000000e+00
3171     199.270808     917.842632 0.0000000e+00
3172     199.271697     913.186118 0.0000000e+00
3173     199.272550     908.529542 0.0000000e+00
3174     199.273381     903.872916 0.0000000e+00
3175     199.274195     899.216254 0.0000000e+00
3176     199.274991     894.559559 0.0000000e+00
3177     199.275767     889.902834 0.0000000e+00
3178     199.276528     885.246080 0.0000000e+00
3179     199.277276     880.589302 0.0000000e+00
3180     199.278013     875.932503 0.0000000e+00
3181     199.278741     871.275685 0.0000000e+00
3182     199.279456     866.618855 0.0000000e+00
3183     199.280134     861.962023 0.0000000e+00
3184     199.280748     857.305199 0.0000000e+00
3185     199.281213     852.648411 0.0000000e+00
3186     199.281609     847.991591 0.0000000e+00
3187     199.282119     843.334673 0.0000000e+00
3188     199.282884     838.677738 0.0000000e+00
3189     199.282315     834.022150 0.0000000e+00
3190     199.268472     829.371751 0.0000000e+00
3191     199.255501     824.711061 0.0000000e+00
3192     199.252877     820.048558 0.0000000e+00
3193     199.261624     815.391314 0.0000000e+00
3194     199.278127     810.744066 0.0000000e+00
3195     199.285642     806.088759 0.0000000e+00
3196     199.286669     801.432385 0.0000000e+00
3197     199.286961     796.775699 0.0000000e+00
3198     199.287094     792.118960 0.0000000e+00
3199     199.287200     787.462224 0.0000000e+00
3200     199.287301     782.805504 0.0000000e+00
3201     199.287402     778.148800 0.0000000e+00
3202     199.287502     773.492116 0.0000000e+00
3203     199.287579     768.835467 0.0000000e+00
3204     199.287630     764.178844 0.0000000e+00
3205     199.287677     759.522226 0.0000000e+00
3206     199.287729     754.865625 0.0000000e+00
3207     199.287690     750.209123 0.0000000e+00
3208     199.287579     745.552646 0.0000000e+00
3209     199.287492     740.896099 0.0000000e+00
3210     199.287534     736.239511 0.0000000e+00
3211     199.287706     731.582960 0.0000000e+00
3212     199.287957     726.926453 0.0000000e+00
3213     199.288301     722.270038 0.0000000e+00
3214     199.288620     717.613708 0.0000000e+00
3215     199.288731     712.957487 0.0000000e+00
3216     199.288259     708.301686 0.0000000e+00
3217     199.287551     703.645633 0.0000000e+00
3218     199.286922     698.989191 0.0000000e+00
3219     199.286777     694.332585 0.0000000e+00
3220     199.287313     689.676036 0.0000000e+00
3221     199.288355     685.019645 0.0000000e+00
3222     199.287278     680.361965 0.0000000e+00
3223     199.252765     675.696990 0.0000000e+00
3224     199.242042     671.053255 0.0000000e+00
3225     199.266905     666.408867 0.0000000e+00
3226     199.298992     661.730911 0.0000000e+00
3227     199.305168     657.065146 0.0000000e+00
3228     199.307613     652.405995 0.0000000e+00
3229     199.309325     647.749170 0.0000000e+00
3230     199.311148     643.092796 0.0000000e+00
3231     199.312692     638.438920 0.0000000e+00
3232     199.307678     633.799428 0.0000000e+00
3233     199.263349     629.187939 0.0000000e+00
3234     199.220597     624.521844 0.0000000e+00
3235     199.225181     619.854910 0.0000000e+00
3236     199.272129     615.265110 0.0000000e+00
3237     199.103752     610.783422 0.0000000e+00
3238     199.025336     606.099586 0.0000000e+00
3239     199.232627     601.507348 0.0000000e+00
3240     199.248418     596.862485 0.0000000e+00
3241     199.251320     592.200569 0.0000000e+00
3242     199.269282     587.548891 0.0000000e+00
3243     199.269286     583.023303 0.0000000e+00
3244     198.695576     579.033866 0.0000000e+00
3245     199.290017     574.888881 0.0000000e+00
3246     199.319191     570.313240 0.0000000e+00
3247     199.307684     565.657617 0.0000000e+00
3248     199.284611     560.972710 0.0000000e+00
3249     199.152464     556.212006 0.0000000e+00
3250     199.130243     551.402653 0.0000000e+00
3251     199.071913     546.281476 0.0000000e+00
3252     199.098095     541.157057 0.0000000e+00
3253     199.269359     536.240050 0.0000000e+00
3254     199.262792     531.501702 0.0000000e+00
3255     199.272643     526.810699 0.0000000e+00
3256     199.313924     522.138575 0.0000000e+00
3257     199.340407     517.494526 0.0000000e+00
3258     199.305864     512.855073 0.0000000e+00
3259     199.354501     508.153479 0.0000000e+00
3260     199.702518     503.364476 0.0000000e+00
3261     199.454942     498.854822 0.0000000e+00
3262     199.254242     494.089090 0.0000000e+00
3263     199.479257     489.446899 0.0000000e+00
3264     199.503254     484.756380 0.0000000e+00
3265     199.768903     479.956442 0.0000000e+00
3266     199.619525     475.210831 0.0000000e+00
3267     199.215158     465.421650 0.0000000e+00
3268     200.184721     469.958483 0.0000000e+00
3269     203.375975     473.511955 0.0000000e+00
3270     204.364991     478.155739 0.0000000e+00
3271     207.523269     481.938128 0.0000000e+00
3272     208.536776     486.682167 0.0000000e+00
3273     211.148323     491.521368 0.0000000e+00
3274     212.830768     496.040261 0.0000000e+00
3275     214.916982     500.324058 0.0000000e+00
3276     217.117032     504.808551 0.0000000e+00
3277     219.131196     509.412203 0.0000000e+00
3278     221.038070     513.887700 0.0000000e+00
3279     223.003012     518.484544 0.0000000e+00
3280     225.039166     523.147914 0.0000000e+00
3281     227.050723     527.839192 0.0000000e+00
3282     229.230111     532.636463 0.0000000e+00
3283     231.466449     537.519136 0.0000000e+00
3284     233.706861     542.411818 0.0000000e+00
3285     234.990397     547.158003 0.0000000e+00
3286     237.864130     551.321994 0.0000000e+00
3287     240.433931     556.519766 0.0000000e+00
3288     243.144171     561.985551 0.0000000e+00
3289     246.016420     567.612470 0.0000000e+00
3290     249.037830     573.412408 0.0000000e+00
3291     252.070743     579.483462 0.0000000e+00
3292     255.093112     585.708370 0.0000000e+00
3293     258.720067     593.003138 0.0000000e+00
3294     263.351753     599.353842 0.0000000e+00
3295     267.555314     606.053972 0.0000000e+00
3296     271.976971     612.819980 0.0000000e+00
3297     276.659317     619.642875 0.0000000e+00
3298     281.577458     626.718856 0.0000000e+00
3299     286.659447     633.790370 0.0000000e+00
3300     290.397333     640.954028 0.0000000e+00
3301     296.629517     646.611375 0.0000000e+00
3302     302.881559     654.026172 0.0000000e+00
3303     309.606613     661.777009 0.0000000e+00
3304     316.792729     669.654427 0.0000000e+00
3305     324.454739     677.648383 0.0000000e+00
3306     332.590304     685.851579 0.0000000e+00
3307     340.916114     694.717828 0.0000000e+00
3308     348.850973     705.085897 0.0000000e+00
3309     350.907346     718.275567 0.0000000e+00
3310     351.340609     731.251529 0.0000000e+00
3311     351.067229     743.881501 0.0000000e+00
3312     350.991703     756.530375 0.0000000e+00
3313     351.105785     769.144333 0.0000000e+00
3314     351.412153     781.677943 0.0000000e+00
3315     351.412026     793.962175 0.0000000e+00
3316     349.641871     804.864358 0.0000000e+00
3317     351.423232     815.676385 0.0000000e+00
3318     351.464397     827.923194 0.0000000e+00
3319     351.375333     840.456853 0.0000000e+00
3320     351.320795     853.024124 0.0000000e+00
3321     351.302880     865.598364 0.0000000e+00
3322     351.270495     878.231901 0.0000000e+00
3323     350.954154     891.018621 0.0000000e+00
3324     350.995060     903.711304 0.0000000e+00
3325     351.296813     916.976943 0.0000000e+00
3326     350.355246     930.933695 0.0000000e+00
3327     351.290962     944.527576 0.0000000e+00
3328     351.373645     957.474367 0.0000000e+00
3329     351.393713     970.161599 0.0000000e+00
3330     351.376523     982.691959 0.0000000e+00
3331     350.747722     994.906819 0.0000000e+00
3332     350.671632    1007.609630 0.0000000e+00
3333     351.202574    1019.818970 0.0000000e+00
3334     351.272116    1032.269800 0.0000000e+00
3335     351.360691    1044.860380 0.0000000e+00
3336     351.248664    1057.381280 0.0000000e+00
3337     351.229906    1070.003120 0.0000000e+00
3338     351.171631    1082.315930 0.0000000e+00
3339     349.530517    1093.152160 0.0000000e+00
3340     351.324379    1103.966330 0.0000000e+00
3341     351.416704    1116.209240 0.0000000e+00
3342     351.396901    1128.736430 0.0000000e+00
3343     351.370701    1141.318930 0.0000000e+00
3344     351.296066    1153.973860 0.0000000e+00
3345     350.909469    1166.809400 0.0000000e+00
3346     351.266099    1179.613150 0.0000000e+00
3347     350.465896    1193.823750 0.0000000e+00
3348     342.181940    1204.036010 0.0000000e+00
3349     333.791945    1212.871280 0.0000000e+00
3350     325.457796    1220.474650 0.0000000e+00
3351     317.679776    1228.544650 0.0000000e+00
3352     310.976411    1236.570430 0.0000000e+00
3353     304.197103    1244.309510 0.0000000e+00
3354     297.808783    1251.958060 0.0000000e+00
3355     291.872428    1259.207060 0.0000000e+00
3356     285.925809    1264.808370 0.0000000e+00
3357     282.139047    1271.901860 0.0000000e+00
3358     277.308113    1278.907400 0.0000000e+00
3359     272.814513    1286.096700 0.0000000e+00
3360     268.268162    1293.124670 0.0000000e+00
3361     263.223416    1300.114440 0.0000000e+00
3362     259.588166    1307.266010 0.0000000e+00
3363     255.946577    1313.697760 0.0000000e+00
3364     252.565694    1319.877120 0.0000000e+00
3365     249.367967    1325.837680 0.0000000e+00
3366     246.353515    1331.636880 0.0000000e+00
3367     243.498415    1337.240030 0.0000000e+00
3368     240.615305    1342.434230 0.0000000e+00
3369     237.972993    1347.832280 0.0000000e+00
3370     235.823044    1353.076920 0.0000000e+00
3371     233.515340    1358.036110 0.0000000e+00
3372     230.840139    1362.037610 0.0000000e+00
3373     229.482855    1366.654440 0.0000000e+00
3374     227.373141    1371.335310 0.0000000e+00
3375     225.346878    1376.233200 0.0000000e+00
3376     223.298917    1380.939330 0.0000000e+00
3377     221.374994    1385.472820 0.0000000e+00
3378     219.613204    1390.022390 0.0000000e+00
3379     217.442487    1394.594180 0.0000000e+00
3380     215.583032    1398.852530 0.0000000e+00
3381     213.624552    1403.485820 0.0000000e+00
3382     211.521042    1407.756730 0.0000000e+00
3383     209.321431    1412.168800 0.0000000e+00
3384     207.551118    1416.592620 0.0000000e+00
3385     205.301542    1421.108700 0.0000000e+00
3386     203.318037    1425.248830 0.0000000e+00
3387     201.046150    1429.696170 0.0000000e+00
3388     199.002759    1433.802030 0.0000000e+00
3389     199.045694     457.107980 0.0000000e+00
3390     201.129622     461.164551 0.0000000e+00
3391     203.430898     465.467919 0.0000000e+00
3392     205.412757     469.478901 0.0000000e+00
3393     207.667785     473.863942 0.0000000e+00
3394     209.638427     477.994289 0.0000000e+00
3395     211.850600     482.526286 0.0000000e+00
3396     213.634010     486.982359 0.0000000e+00
3397     215.819573     491.452636 0.0000000e+00
3398     217.792452     495.876475 0.0000000e+00
3399     219.616561     500.348464 0.0000000e+00
3400     221.744949     504.926651 0.0000000e+00
3401     223.853782     509.297615 0.0000000e+00
3402     225.884540     513.931579 0.0000000e+00
3403     228.034235     518.669102 0.0000000e+00
3404     230.280479     523.451974 0.0000000e+00
3405     232.587616     528.390085 0.0000000e+00
3406     235.036420     533.498731 0.0000000e+00
3407     237.629592     538.873812 0.0000000e+00
3408     240.083223     544.874126 0.0000000e+00
3409     243.532059     550.636726 0.0000000e+00
3410     246.605043     556.416629 0.0000000e+00
3411     249.752985     562.241696 0.0000000e+00
3412     253.057139     568.187618 0.0000000e+00
3413     256.500369     574.281501 0.0000000e+00
3414     259.921136     580.368685 0.0000000e+00
3415     262.040828     586.615924 0.0000000e+00
3416     266.511174     591.827760 0.0000000e+00
3417     270.613416     598.440317 0.0000000e+00
3418     275.320784     605.240286 0.0000000e+00
3419     280.359997     611.800654 0.0000000e+00
3420     285.605448     618.962477 0.0000000e+00
3421     291.387370     626.568559 0.0000000e+00
3422     297.424576     635.259984 0.0000000e+00
3423     305.047217     643.049722 0.0000000e+00
3424     312.240123     650.984307 0.0000000e+00
3425     319.706594     658.902090 0.0000000e+00
3426     327.620072     666.859340 0.0000000e+00
3427     336.033312     674.896287 0.0000000e+00
3428     344.839331     683.119538 0.0000000e+00
3429     353.413240     691.759207 0.0000000e+00
3430     361.360895     699.735194 0.0000000e+00
3431     362.137683     711.093781 0.0000000e+00
3432     362.600507     724.240157 0.0000000e+00
3433     362.576366     737.372622 0.0000000e+00
3434     361.881207     750.217374 0.0000000e+00
3435     361.933194     763.556254 0.0000000e+00
3436     362.651395     776.416645 0.0000000e+00
3437     362.755671     789.846975 0.0000000e+00
3438     361.756811     804.272258 0.0000000e+00
3439     362.730884     818.430640 0.0000000e+00
3440     362.777816     831.921592 0.0000000e+00
3441     362.749990     845.165117 0.0000000e+00
3442     362.735032     858.339403 0.0000000e+00
3443     362.717015     871.510321 0.0000000e+00
3444     362.620777     884.712116 0.0000000e+00
3445     362.569588     897.855525 0.0000000e+00
3446     362.571527     911.062771 0.0000000e+00
3447     362.298332     924.513214 0.0000000e+00
3448     362.356190     937.707504 0.0000000e+00
3449     362.713807     951.089545 0.0000000e+00
3450     362.798144     964.341923 0.0000000e+00
3451     362.876099     977.490284 0.0000000e+00
3452     362.852366     990.270872 0.0000000e+00
3453     360.923521    1001.424840 0.0000000e+00
3454     362.716587    1012.972370 0.0000000e+00
3455     362.779886    1025.817210 0.0000000e+00
3456     362.745094    1038.893400 0.0000000e+00
3457     362.718310    1051.976020 0.0000000e+00
3458     362.082358    1064.855090 0.0000000e+00
3459     362.033832    1078.575830 0.0000000e+00
3460     361.525922    1092.665500 0.0000000e+00
3461     362.544128    1106.764100 0.0000000e+00
3462     362.689594    1120.241880 0.0000000e+00
3463     362.775289    1133.383140 0.0000000e+00
3464     362.748762    1146.544410 0.0000000e+00
3465     362.623947    1159.760460 0.0000000e+00
3466     362.592466    1172.954650 0.0000000e+00
3467     362.276189    1186.549220 0.0000000e+00
3468     362.794275    1200.171070 0.0000000e+00
3469     353.290884    1208.317130 0.0000000e+00
3470     344.400603    1217.165090 0.0000000e+00
3471     335.761983    1225.242010 0.0000000e+00
3472     327.497723    1230.981180 0.0000000e+00
3473     321.606318    1239.128090 0.0000000e+00
3474     314.258044    1246.886070 0.0000000e+00
3475     307.112493    1254.679160 0.0000000e+00
3476     300.201452    1262.525050 0.0000000e+00
3477     292.637380    1269.889250 0.0000000e+00
3478     286.958525    1278.443590 0.0000000e+00
3479     281.961026    1285.794640 0.0000000e+00
3480     276.917037    1292.937530 0.0000000e+00
3481     271.967141    1299.900420 0.0000000e+00
3482     267.678711    1306.614130 0.0000000e+00
3483     263.689505    1313.334890 0.0000000e+00
3484     259.827748    1319.775080 0.0000000e+00
3485     256.187665    1326.034440 0.0000000e+00
3486     252.758173    1332.120600 0.0000000e+00
3487     249.549885    1338.036340 0.0000000e+00
3488     246.548793    1343.618890 0.0000000e+00
3489     243.304869    1347.949970 0.0000000e+00
3490     241.573940    1353.269440 0.0000000e+00
3491     238.857105    1358.734880 0.0000000e+00
3492     235.630335    1364.262730 0.0000000e+00
3493     233.361058    1369.944790 0.0000000e+00
3494     230.803762    1374.862280 0.0000000e+00
3495     228.611277    1379.857620 0.0000000e+00
3496     226.748343    1384.565470 0.0000000e+00
3497     224.683828    1389.147860 0.0000000e+00
3498     222.585299    1393.796040 0.0000000e+00
3499     220.585544    1398.366340 0.0000000e+00
3500     218.591151    1402.849690 0.0000000e+00
3501     216.558575    1407.351660 0.0000000e+00
3502     214.428417    1411.751770 0.0000000e+00
3503     212.422504    1416.135110 0.0000000e+00
3504     210.328265    1420.546670 0.0000000e+00
3505     208.268830    1424.889640 0.0000000e+00
3506     206.077532    1429.173770 0.0000000e+00
3507     203.990864    1433.468300 0.0000000e+00
3508     201.650840    1437.667500 0.0000000e+00
3509     199.664244    1441.719380 0.0000000e+00
3510     198.453544    1445.934940 0.0000000e+00
3511     195.590916    1449.160450 0.0000000e+00
3512     194.923873    1443.526190 0.0000000e+00
3513     196.196905    1438.224420 0.0000000e+00
3514     194.920769    1433.548880 0.0000000e+00
3515     195.917634    1429.114670 0.0000000e+00
3516     195.427501    1423.886840 0.0000000e+00
3517     195.609499    1419.214310 0.0000000e+00
3518     195.414282    1414.514610 0.0000000e+00
3519     195.449126    1409.876930 0.0000000e+00
3520     195.342592    1405.370890 0.0000000e+00
3521     194.743573    1401.332220 0.0000000e+00
3522     195.315610    1397.333680 0.0000000e+00
3523     195.297867    1392.797640 0.0000000e+00
3524     195.311404    1388.224640 0.0000000e+00
3525     195.317508    1383.605250 0.0000000e+00
3526     195.311902    1378.945170 0.0000000e+00
3527     195.176421    1374.239580 0.0000000e+00
3528     195.128104    1369.623850 0.0000000e+00
3529     195.242414    1364.954950 0.0000000e+00
3530     195.254639    1360.336720 0.0000000e+00
3531     195.076088    1355.797360 0.0000000e+00
3532     195.133888    1351.154740 0.0000000e+00
3533     195.310389    1346.723500 0.0000000e+00
3534     195.321179    1342.186510 0.0000000e+00
3535     195.319077    1337.599650 0.0000000e+00
3536     195.317095    1332.998600 0.0000000e+00
3537     195.315326    1328.393990 0.0000000e+00
3538     195.314000    1323.789460 0.0000000e+00
3539     195.312711    1319.184830 0.0000000e+00
3540     195.311432    1314.579770 0.0000000e+00
3541     195.310558    1309.975130 0.0000000e+00
3542     195.309664    1305.370370 0.0000000e+00
3543     195.308674    1300.765630 0.0000000e+00
3544     195.304684    1296.162000 0.0000000e+00
3545     195.300782    1291.557280 0.0000000e+00
3546     195.299970    1286.951220 0.0000000e+00
3547     195.301452    1282.344820 0.0000000e+00
3548     195.303562    1277.739440 0.0000000e+00
3549     195.305571    1273.136420 0.0000000e+00
3550     195.305604    1268.532580 0.0000000e+00
3551     195.305081    1263.928020 0.0000000e+00
3552     195.304456    1259.323160 0.0000000e+00
3553     195.303823    1254.718180 0.0000000e+00
3554     195.303190    1250.113160 0.0000000e+00
3555     195.302553    1245.508110 0.0000000e+00
3556     195.301901    1240.903020 0.0000000e+00
3557     195.301231    1236.297890 0.0000000e+00
3558     195.300555    1231.692720 0.0000000e+00
3559     195.299883    1227.087500 0.0000000e+00
3560     195.298989    1222.481800 0.0000000e+00
3561     195.294590    1217.872000 0.0000000e+00
3562     195.259591    1213.249190 0.0000000e+00
3563     195.242967    1208.653120 0.0000000e+00
3564     195.260181    1204.059330 0.0000000e+00
3565     195.292620    1199.438430 0.0000000e+00
3566     195.296528    1194.827350 0.0000000e+00
3567     195.297302    1190.220190 0.0000000e+00
3568     195.297463    1185.614300 0.0000000e+00
3569     195.297483    1181.008750 0.0000000e+00
3570     195.297473    1176.403270 0.0000000e+00
3571     195.297467    1171.797770 0.0000000e+00
3572     195.297478    1167.192260 0.0000000e+00
3573     195.297510    1162.586740 0.0000000e+00
3574     195.297545    1157.981230 0.0000000e+00
3575     195.297574    1153.375730 0.0000000e+00
3576     195.297566    1148.770230 0.0000000e+00
3577     195.297145    1144.164560 0.0000000e+00
3578     195.296771    1139.559040 0.0000000e+00
3579     195.296614    1134.953600 0.0000000e+00
3580     195.296670    1130.348260 0.0000000e+00
3581     195.296846    1125.742850 0.0000000e+00
3582     195.296933    1121.137220 0.0000000e+00
3583     195.296678    1116.531690 0.0000000e+00
3584     195.296341    1111.926140 0.0000000e+00
3585     195.296032    1107.320510 0.0000000e+00
3586     195.295874    1102.714850 0.0000000e+00
3587     195.295879    1098.109200 0.0000000e+00
3588     195.295977    1093.503650 0.0000000e+00
3589     195.295971    1088.898140 0.0000000e+00
3590     195.295808    1084.292610 0.0000000e+00
3591     195.295592    1079.687080 0.0000000e+00
3592     195.295342    1075.081550 0.0000000e+00
3593     195.295068    1070.476010 0.0000000e+00
3594     195.294842    1065.870360 0.0000000e+00
3595     195.294905    1061.264500 0.0000000e+00
3596     195.294823    1056.660830 0.0000000e+00
3597     195.288194    1052.071670 0.0000000e+00
3598     195.240730    1047.512150 0.0000000e+00
3599     195.197472    1042.895360 0.0000000e+00
3600     195.199643    1038.275110 0.0000000e+00
3601     195.250530    1033.682260 0.0000000e+00
3602     195.241343    1029.090680 0.0000000e+00
3603     195.221546    1024.483330 0.0000000e+00
3604     195.101194    1019.820740 0.0000000e+00
3605     195.134937    1015.074410 0.0000000e+00
3606     194.918602    1009.888440 0.0000000e+00
3607     195.250072    1004.724790 0.0000000e+00
3608     195.276695     999.932568 0.0000000e+00
3609     195.283690     995.268675 0.0000000e+00
3610     195.291563     990.643878 0.0000000e+00
3611     195.311384     986.034718 0.0000000e+00
3612     195.298620     981.499853 0.0000000e+00
3613     194.689014     977.392401 0.0000000e+00
3614     195.285475     973.459576 0.0000000e+00
3615     195.290838     968.998598 0.0000000e+00
3616     195.120629     964.438437 0.0000000e+00
3617     195.066825     959.790726 0.0000000e+00
3618     195.222413     955.260130 0.0000000e+00
3619     195.320155     950.799968 0.0000000e+00
3620     195.323190     946.242713 0.0000000e+00
3621     195.321666     941.649687 0.0000000e+00
3622     195.320150     937.047343 0.0000000e+00
3623     195.318913     932.443073 0.0000000e+00
3624     195.317818     927.838504 0.0000000e+00
3625     195.316779     923.233921 0.0000000e+00
3626     195.315764     918.629353 0.0000000e+00
3627     195.314764     914.024782 0.0000000e+00
3628     195.313783     909.420200 0.0000000e+00
3629     195.312828     904.815604 0.0000000e+00
3630     195.311899     900.210992 0.0000000e+00
3631     195.310997     895.606364 0.0000000e+00
3632     195.310121     891.001717 0.0000000e+00
3633     195.309271     886.397048 0.0000000e+00
3634     195.308445     881.792355 0.0000000e+00
3635     195.307643     877.187635 0.0000000e+00
3636     195.306864     872.582886 0.0000000e+00
3637     195.306105     867.978106 0.0000000e+00
3638     195.305360     863.373295 0.0000000e+00
3639     195.304619     858.768453 0.0000000e+00
3640     195.303862     854.163583 0.0000000e+00
3641     195.303091     849.558675 0.0000000e+00
3642     195.302347     844.953708 0.0000000e+00
3643     195.301679     840.348683 0.0000000e+00
3644     195.300729     835.743881 0.0000000e+00
3645     195.296541     831.139887 0.0000000e+00
3646     195.289309     826.530393 0.0000000e+00
3647     195.255435     821.906144 0.0000000e+00
3648     195.238416     817.309234 0.0000000e+00
3649     195.256463     812.714431 0.0000000e+00
3650     195.293335     808.096021 0.0000000e+00
3651     195.298019     803.486221 0.0000000e+00
3652     195.298791     798.879567 0.0000000e+00
3653     195.298838     794.273893 0.0000000e+00
3654     195.298750     789.668470 0.0000000e+00
3655     195.298633     785.063094 0.0000000e+00
3656     195.298505     780.457714 0.0000000e+00
3657     195.298366     775.852319 0.0000000e+00
3658     195.298213     771.246909 0.0000000e+00
3659     195.297675     766.641295 0.0000000e+00
3660     195.297177     762.035856 0.0000000e+00
3661     195.296901     757.430517 0.0000000e+00
3662     195.296800     752.825270 0.0000000e+00
3663     195.296789     748.219915 0.0000000e+00
3664     195.296815     743.614246 0.0000000e+00
3665     195.296586     739.008656 0.0000000e+00
3666     195.296338     734.403089 0.0000000e+00
3667     195.296093     729.797531 0.0000000e+00
3668     195.295848     725.191972 0.0000000e+00
3669     195.295600     720.586424 0.0000000e+00
3670     195.295300     715.980899 0.0000000e+00
3671     195.294840     711.375448 0.0000000e+00
3672     195.294274     706.769971 0.0000000e+00
3673     195.293665     702.164416 0.0000000e+00
3674     195.293097     697.558779 0.0000000e+00
3675     195.292671     692.953104 0.0000000e+00
3676     195.292289     688.347497 0.0000000e+00
3677     195.290826     683.741643 0.0000000e+00
3678     195.277405     679.127649 0.0000000e+00
3679     195.145624     674.469520 0.0000000e+00
3680     195.165507     669.845879 0.0000000e+00
3681     195.298055     665.126968 0.0000000e+00
3682     195.319343     660.476637 0.0000000e+00
3683     195.324978     655.858111 0.0000000e+00
3684     195.328381     651.250072 0.0000000e+00
3685     195.331488     646.644983 0.0000000e+00
3686     195.334451     642.041141 0.0000000e+00
3687     195.335295     637.440632 0.0000000e+00
3688     195.326315     632.846337 0.0000000e+00
3689     195.310634     628.240680 0.0000000e+00
3690     195.300880     623.633078 0.0000000e+00
3691     195.304347     619.042597 0.0000000e+00
3692     195.280504     614.484679 0.0000000e+00
3693     195.244703     609.870605 0.0000000e+00
3694     195.248943     605.248154 0.0000000e+00
3695     195.310568     600.654560 0.0000000e+00
3696     195.318259     596.052097 0.0000000e+00
3697     195.323332     591.454159 0.0000000e+00
3698     195.316794     586.903435 0.0000000e+00
3699     195.148552     582.466037 0.0000000e+00
3700     195.077153     577.837437 0.0000000e+00
3701     195.283995     573.299007 0.0000000e+00
3702     195.299079     568.704256 0.0000000e+00
3703     195.298290     564.065345 0.0000000e+00
3704     195.281685     559.320489 0.0000000e+00
3705     194.963608     554.301186 0.0000000e+00
3706     195.286821     549.191753 0.0000000e+00
3707     195.029212     544.555187 0.0000000e+00
3708     194.969228     540.390860 0.0000000e+00
3709     195.361680     536.375577 0.0000000e+00
3710     195.340292     531.880399 0.0000000e+00
3711     195.332105     527.287787 0.0000000e+00
3712     195.337899     522.680120 0.0000000e+00
3713     195.346465     518.074556 0.0000000e+00
3714     195.340991     513.474461 0.0000000e+00
3715     195.350165     508.867082 0.0000000e+00
3716     195.451171     504.242643 0.0000000e+00
3717     195.418042     499.667048 0.0000000e+00
3718     195.350147     495.074547 0.0000000e+00
3719     195.368571     490.417567 0.0000000e+00
3720     195.414536     485.824201 0.0000000e+00
3721     195.496595     481.189386 0.0000000e+00
3722     195.507538     476.562606 0.0000000e+00
3723     195.716331     471.808531 0.0000000e+00
3724     195.518846     467.121889 0.0000000e+00
3725     196.072423     461.907887 0.0000000e+00
3726     195.014878     457.389037 0.0000000e+00
3727     196.288437     452.751029 0.0000000e+00
3728     195.151027     448.276426 0.0000000e+00
3729     191.277456    1457.665530 0.0000000e+00
3730     192.414869    1453.152660 0.0000000e+00
3731     191.621606    1448.130550 0.0000000e+00
3732     190.815758    1444.004560 0.0000000e+00
3733     191.651117    1439.800540 0.0000000e+00
3734     191.476779    1435.488220 0.0000000e+00
3735     191.428824    1430.744120 0.0000000e+00
3736     191.603610    1426.287190 0.0000000e+00
3737     191.453642    1421.611580 0.0000000e+00
3738     191.450054    1417.054690 0.0000000e+00
3739     191.408400    1412.470650 0.0000000e+00
3740     191.378691    1407.948530 0.0000000e+00
3741     191.158571    1403.505340 0.0000000e+00
3742     191.161915    1398.920570 0.0000000e+00
3743     191.312904    1394.481610 0.0000000e+00
3744     191.305841    1389.971700 0.0000000e+00
3745     191.330716    1385.433820 0.0000000e+00
3746     191.366133    1380.820530 0.0000000e+00
3747     191.350467    1376.080720 0.0000000e+00
3748     191.010484    1370.983200 0.0000000e+00
3749     191.327781    1366.039460 0.0000000e+00
3750     191.349202    1361.358190 0.0000000e+00
3751     191.297536    1356.780930 0.0000000e+00
3752     191.293767    1352.203340 0.0000000e+00
3753     191.329435    1347.632350 0.0000000e+00
3754     191.374069    1343.116780 0.0000000e+00
3755     191.380370    1338.581800 0.0000000e+00
3756     191.380106    1334.034210 0.0000000e+00
3757     191.378790    1329.482040 0.0000000e+00
3758     191.377292    1324.928510 0.0000000e+00
3759     191.375895    1320.374740 0.0000000e+00
3760     191.374536    1315.820930 0.0000000e+00
3761     191.373208    1311.267030 0.0000000e+00
3762     191.371987    1306.713200 0.0000000e+00
3763     191.370757    1302.159370 0.0000000e+00
3764     191.368897    1297.605770 0.0000000e+00
3765     191.366783    1293.052020 0.0000000e+00
3766     191.365272    1288.497850 0.0000000e+00
3767     191.364532    1283.943530 0.0000000e+00
3768     191.364117    1279.389280 0.0000000e+00
3769     191.363700    1274.835270 0.0000000e+00
3770     191.363192    1270.281610 0.0000000e+00
3771     191.362274    1265.727760 0.0000000e+00
3772     191.361203    1261.173710 0.0000000e+00
3773     191.360089    1256.619560 0.0000000e+00
3774     191.358955    1252.065350 0.0000000e+00
3775     191.357807    1247.511070 0.0000000e+00
3776     191.356637    1242.956740 0.0000000e+00
3777     191.355443    1238.402350 0.0000000e+00
3778     191.354221    1233.847910 0.0000000e+00
3779     191.352971    1229.293400 0.0000000e+00
3780     191.351536    1224.738530 0.0000000e+00
3781     191.348123    1220.179850 0.0000000e+00
3782     191.328339    1215.600080 0.0000000e+00
3783     191.192487    1210.957950 0.0000000e+00
3784     191.193806    1206.378720 0.0000000e+00
3785     191.328266    1201.739470 0.0000000e+00
3786     191.345854    1197.155130 0.0000000e+00
3787     191.349366    1192.591770 0.0000000e+00
3788     191.350958    1188.034850 0.0000000e+00
3789     191.352158    1183.479740 0.0000000e+00
3790     191.353273    1178.925120 0.0000000e+00
3791     191.354358    1174.370650 0.0000000e+00
3792     191.355422    1169.816270 0.0000000e+00
3793     191.356473    1165.261950 0.0000000e+00
3794     191.357513    1160.707700 0.0000000e+00
3795     191.358540    1156.153510 0.0000000e+00
3796     191.359554    1151.599380 0.0000000e+00
3797     191.360217    1147.045010 0.0000000e+00
3798     191.355782    1142.488370 0.0000000e+00
3799     191.353359    1137.934980 0.0000000e+00
3800     191.354149    1133.384520 0.0000000e+00
3801     191.358914    1128.833010 0.0000000e+00
3802     191.364959    1124.276370 0.0000000e+00
3803     191.366638    1119.721580 0.0000000e+00
3804     191.367836    1115.167510 0.0000000e+00
3805     191.368930    1110.613700 0.0000000e+00
3806     191.370044    1106.059960 0.0000000e+00
3807     191.371221    1101.506250 0.0000000e+00
3808     191.372454    1096.952590 0.0000000e+00
3809     191.373722    1092.398960 0.0000000e+00
3810     191.374980    1087.845350 0.0000000e+00
3811     191.376230    1083.291740 0.0000000e+00
3812     191.377492    1078.738120 0.0000000e+00
3813     191.378775    1074.184500 0.0000000e+00
3814     191.380095    1069.630850 0.0000000e+00
3815     191.381510    1065.077120 0.0000000e+00
3816     191.382848    1060.523850 0.0000000e+00
3817     191.382144    1055.973940 0.0000000e+00
3818     191.371771    1051.430960 0.0000000e+00
3819     191.358984    1046.877190 0.0000000e+00
3820     191.350911    1042.318890 0.0000000e+00
3821     191.358209    1037.762180 0.0000000e+00
3822     191.370558    1033.207480 0.0000000e+00
3823     191.369345    1028.621440 0.0000000e+00
3824     191.345966    1023.935960 0.0000000e+00
3825     191.043877    1019.038100 0.0000000e+00
3826     191.358991    1013.983950 0.0000000e+00
3827     190.747739    1009.749850 0.0000000e+00
3828     191.301449    1005.782280 0.0000000e+00
3829     191.313403    1001.339340 0.0000000e+00
3830     191.335683     996.782954 0.0000000e+00
3831     191.337172     992.220118 0.0000000e+00
3832     191.344060     987.660885 0.0000000e+00
3833     191.338221     983.114808 0.0000000e+00
3834     191.130799     978.627804 0.0000000e+00
3835     191.199317     974.041756 0.0000000e+00
3836     191.375544     969.653497 0.0000000e+00
3837     191.328937     965.177320 0.0000000e+00
3838     191.301024     960.627094 0.0000000e+00
3839     191.325070     956.045423 0.0000000e+00
3840     191.376969     951.513984 0.0000000e+00
3841     191.399762     946.993197 0.0000000e+00
3842     191.401301     942.453152 0.0000000e+00
3843     191.399474     937.904083 0.0000000e+00
3844     191.397033     933.352039 0.0000000e+00
3845     191.394561     928.799201 0.0000000e+00
3846     191.392146     924.246177 0.0000000e+00
3847     191.389791     919.693108 0.0000000e+00
3848     191.387491     915.140016 0.0000000e+00
3849     191.385243     910.586894 0.0000000e+00
3850     191.383046     906.033737 0.0000000e+00
3851     191.380897     901.480536 0.0000000e+00
3852     191.378794     896.927285 0.0000000e+00
3853     191.376733     892.373978 0.0000000e+00
3854     191.374711     887.820607 0.0000000e+00
3855     191.372723     883.267168 0.0000000e+00
3856     191.370765     878.713654 0.0000000e+00
3857     191.368832     874.160061 0.0000000e+00
3858     191.366919     869.606383 0.0000000e+00
3859     191.365020     865.052616 0.0000000e+00
3860     191.363127     860.498758 0.0000000e+00
3861     191.361231     855.944806 0.0000000e+00
3862     191.359324     851.390756 0.0000000e+00
3863     191.357408     846.836600 0.0000000e+00
3864     191.355493     842.282332 0.0000000e+00
3865     191.353503     837.728018 0.0000000e+00
3866     191.350692     833.173665 0.0000000e+00
3867     191.345764     828.615606 0.0000000e+00
3868     191.325674     824.037323 0.0000000e+00
3869     191.192379     819.399608 0.0000000e+00
3870     191.193357     814.821385 0.0000000e+00
3871     191.330332     810.179051 0.0000000e+00
3872     191.348854     805.594069 0.0000000e+00
3873     191.352004     801.030745 0.0000000e+00
3874     191.352961     796.473938 0.0000000e+00
3875     191.353490     791.918894 0.0000000e+00
3876     191.353931     787.364284 0.0000000e+00
3877     191.354340     782.809777 0.0000000e+00
3878     191.354721     778.255299 0.0000000e+00
3879     191.355076     773.700836 0.0000000e+00
3880     191.355051     769.146043 0.0000000e+00
3881     191.349904     764.588777 0.0000000e+00
3882     191.346724     760.034865 0.0000000e+00
3883     191.346785     755.483889 0.0000000e+00
3884     191.350740     750.931861 0.0000000e+00
3885     191.356017     746.374777 0.0000000e+00
3886     191.356907     741.819423 0.0000000e+00
3887     191.357307     737.264713 0.0000000e+00
3888     191.357577     732.710219 0.0000000e+00
3889     191.357812     728.155788 0.0000000e+00
3890     191.358029     723.601374 0.0000000e+00
3891     191.358225     719.046969 0.0000000e+00
3892     191.358376     714.492581 0.0000000e+00
3893     191.358479     709.938189 0.0000000e+00
3894     191.358550     705.383780 0.0000000e+00
3895     191.358609     700.829345 0.0000000e+00
3896     191.358677     696.274884 0.0000000e+00
3897     191.358767     691.720048 0.0000000e+00
3898     191.358965     687.160284 0.0000000e+00
3899     191.360290     682.571032 0.0000000e+00
3900     191.339179     677.874402 0.0000000e+00
3901     191.004438     672.902630 0.0000000e+00
3902     191.339087     667.842364 0.0000000e+00
3903     191.362538     663.123031 0.0000000e+00
3904     191.363334     658.521135 0.0000000e+00
3905     191.365546     653.954186 0.0000000e+00
3906     191.368309     649.396777 0.0000000e+00
3907     191.371164     644.841889 0.0000000e+00
3908     191.373474     640.288225 0.0000000e+00
3909     191.373217     635.735678 0.0000000e+00
3910     191.368382     631.177750 0.0000000e+00
3911     191.334150     626.605671 0.0000000e+00
3912     191.316077     622.061948 0.0000000e+00
3913     191.326241     617.527937 0.0000000e+00
3914     191.353126     612.961554 0.0000000e+00
3915     191.351399     608.396400 0.0000000e+00
3916     191.362134     603.836277 0.0000000e+00
3917     191.380327     599.287039 0.0000000e+00
3918     191.385017     594.736690 0.0000000e+00
3919     191.382488     590.196403 0.0000000e+00
3920     191.340211     585.681470 0.0000000e+00
3921     191.305990     581.121095 0.0000000e+00
3922     191.313379     576.547878 0.0000000e+00
3923     191.373684     572.010439 0.0000000e+00
3924     191.384620     567.458026 0.0000000e+00
3925     191.401948     562.909353 0.0000000e+00
3926     191.392191     558.458204 0.0000000e+00
3927     190.787294     554.504795 0.0000000e+00
3928     191.384374     550.519148 0.0000000e+00
3929     191.248868     546.097393 0.0000000e+00
3930     191.166832     541.528404 0.0000000e+00
3931     191.315265     537.044049 0.0000000e+00
3932     191.413812     532.618450 0.0000000e+00
3933     191.414731     528.105249 0.0000000e+00
3934     191.412663     523.561246 0.0000000e+00
3935     191.412043     519.009894 0.0000000e+00
3936     191.408903     514.458349 0.0000000e+00
3937     191.407812     509.904683 0.0000000e+00
3938     191.430847     505.345102 0.0000000e+00
3939     191.432094     500.800662 0.0000000e+00
3940     191.411560     496.254925 0.0000000e+00
3941     191.409488     491.695809 0.0000000e+00
3942     191.413867     487.132921 0.0000000e+00
3943     191.441425     482.575405 0.0000000e+00
3944     191.456099     478.019093 0.0000000e+00
3945     191.524255     473.438494 0.0000000e+00
3946     191.507024     468.885870 0.0000000e+00
3947     191.679719     464.216262 0.0000000e+00
3948     191.473279     459.734730 0.0000000e+00
3949     191.581776     454.939928 0.0000000e+00
3950     191.567712     450.560083 0.0000000e+00
3951     191.656045     445.717306 0.0000000e+00
3952     191.643696     441.085668 0.0000000e+00
3953     191.703120     435.378238 0.0000000e+00
3954     195.134231     439.432386 0.0000000e+00
3955     196.484618     443.931350 0.0000000e+00
3956     199.347054     448.382785 0.0000000e+00
3957     201.350759     452.661878 0.0000000e+00
3958     203.757313     456.829064 0.0000000e+00
3959     205.937193     461.071750 0.0000000e+00
3960     208.165922     465.301809 0.0000000e+00
3961     210.273241     469.608695 0.0000000e+00
3962     212.464273     473.926772 0.0000000e+00
3963     214.541973     478.330560 0.0000000e+00
3964     216.657555     482.791333 0.0000000e+00
3965     218.692918     487.251605 0.0000000e+00
3966     220.842277     491.744933 0.0000000e+00
3967     222.882482     496.207122 0.0000000e+00
3968     224.070067     500.521056 0.0000000e+00
3969     226.561796     504.222649 0.0000000e+00
3970     228.442101     508.854776 0.0000000e+00
3971     230.767047     513.683147 0.0000000e+00
3972     233.265671     518.351159 0.0000000e+00
3973     235.739672     523.364354 0.0000000e+00
3974     238.341908     528.569811 0.0000000e+00
3975     241.076637     533.960757 0.0000000e+00
3976     243.852317     539.625972 0.0000000e+00
3977     246.887652     545.263596 0.0000000e+00
3978     250.301124     551.070213 0.0000000e+00
3979     253.743790     557.040789 0.0000000e+00
3980     257.346654     563.155134 0.0000000e+00
3981     261.149615     569.459373 0.0000000e+00
3982     265.171146     576.038522 0.0000000e+00
3983     268.691694     583.399157 0.0000000e+00
3984     274.027350     590.526673 0.0000000e+00
3985     277.864541     597.231450 0.0000000e+00
3986     283.184784     602.514620 0.0000000e+00
3987     288.415613     609.522324 0.0000000e+00
3988     294.250431     616.995155 0.0000000e+00
3989     300.532524     624.853046 0.0000000e+00
3990     307.268669     632.418669 0.0000000e+00
3991     314.731235     640.073918 0.0000000e+00
3992     322.430165     647.921487 0.0000000e+00
3993     330.576587     655.835623 0.0000000e+00
3994     339.257380     663.799576 0.0000000e+00
3995     348.518137     671.842353 0.0000000e+00
3996     358.265206     680.127664 0.0000000e+00
3997     368.200278     688.936642 0.0000000e+00
3998     374.705439     701.630333 0.0000000e+00
3999     374.400971     716.799291 0.0000000e+00
4000     374.662945     730.940350 0.0000000e+00
4001     374.161493     744.126983 0.0000000e+00
4002     371.984975     756.320269 0.0000000e+00
4003     374.243532     768.197054 0.0000000e+00
4004     374.692064     781.242027 0.0000000e+00
4005     374.295430     795.085017 0.0000000e+00
4006     374.214652     808.782567 0.0000000e+00
4007     374.573833     822.671143 0.0000000e+00
4008     374.614474     836.468450 0.0000000e+00
4009     374.614418     850.228011 0.0000000e+00
4010     374.609403     863.980475 0.0000000e+00
4011     374.583791     877.740553 0.0000000e+00
4012     374.559014     891.487483 0.0000000e+00
4013     374.538863     905.235842 0.0000000e+00
4014     374.442344     919.024960 0.0000000e+00
4015     374.425605     932.759819 0.0000000e+00
4016     374.480390     946.472008 0.0000000e+00
4017     374.569031     960.296945 0.0000000e+00
4018     374.598461     974.183720 0.0000000e+00
4019     374.560029     988.321635 0.0000000e+00
4020     373.571283    1003.022520 0.0000000e+00
4021     374.629394    1018.212050 0.0000000e+00
4022     374.699672    1032.401910 0.0000000e+00
4023     374.634164    1046.132860 0.0000000e+00
4024     374.515073    1059.612220 0.0000000e+00
4025     372.475316    1071.544310 0.0000000e+00
4026     374.044496    1083.845130 0.0000000e+00
4027     373.535742    1097.006010 0.0000000e+00
4028     374.046445    1110.954350 0.0000000e+00
4029     374.676949    1124.173640 0.0000000e+00
4030     374.682410    1137.736120 0.0000000e+00
4031     374.635072    1151.447650 0.0000000e+00
4032     374.590221    1165.191310 0.0000000e+00
4033     374.446922    1179.025830 0.0000000e+00
4034     374.450881    1192.865540 0.0000000e+00
4035     374.697238    1206.992190 0.0000000e+00
4036     363.948268    1214.882740 0.0000000e+00
4037     353.994688    1223.101510 0.0000000e+00
4038     344.218313    1231.499690 0.0000000e+00
4039     334.056953    1239.553800 0.0000000e+00
4040     325.452932    1249.039360 0.0000000e+00
4041     317.393192    1257.229310 0.0000000e+00
4042     309.960974    1265.097510 0.0000000e+00
4043     302.875149    1272.550090 0.0000000e+00
4044     296.185472    1278.245310 0.0000000e+00
4045     292.138859    1285.832740 0.0000000e+00
4046     286.319045    1292.633470 0.0000000e+00
4047     280.954359    1299.866830 0.0000000e+00
4048     276.422481    1306.796870 0.0000000e+00
4049     271.814342    1313.531860 0.0000000e+00
4050     267.396031    1320.140010 0.0000000e+00
4051     263.224434    1326.676740 0.0000000e+00
4052     259.334053    1333.072130 0.0000000e+00
4053     255.729009    1339.304790 0.0000000e+00
4054     252.153745    1345.465680 0.0000000e+00
4055     248.247243    1351.509880 0.0000000e+00
4056     245.269378    1358.065630 0.0000000e+00
4057     242.074585    1363.831400 0.0000000e+00
4058     239.290760    1369.268540 0.0000000e+00
4059     236.783947    1374.562090 0.0000000e+00
4060     233.880191    1378.700730 0.0000000e+00
4061     232.535917    1383.381640 0.0000000e+00
4062     230.270898    1388.149350 0.0000000e+00
4063     227.817061    1392.720840 0.0000000e+00
4064     225.671486    1397.478560 0.0000000e+00
4065     223.821714    1402.036620 0.0000000e+00
4066     221.734370    1406.552200 0.0000000e+00
4067     219.618631    1411.053620 0.0000000e+00
4068     217.510708    1415.501870 0.0000000e+00
4069     215.392543    1419.922860 0.0000000e+00
4070     213.285442    1424.312470 0.0000000e+00
4071     211.109662    1428.631930 0.0000000e+00
4072     208.957268    1432.952070 0.0000000e+00
4073     206.786278    1437.255730 0.0000000e+00
4074     204.705132    1441.427280 0.0000000e+00
4075     202.810821    1445.603940 0.0000000e+00
4076     200.474765    1449.847840 0.0000000e+00
4077     197.687952    1453.617550 0.0000000e+00
4078     195.569992    1457.672490 0.0000000e+00
4079     192.701810    1461.975440 0.0000000e+00
4080     191.578523    1466.224740 0.0000000e+00
4081     208.813465     457.338097 0.0000000e+00
4082     211.036582     461.621135 0.0000000e+00
4083     213.244064     465.960738 0.0000000e+00
4084     215.429451     470.326755 0.0000000e+00
4085     217.613936     474.751911 0.0000000e+00
4086     219.778015     479.220529 0.0000000e+00
4087     221.942234     483.743364 0.0000000e+00
4088     224.072409     488.339655 0.0000000e+00
4089     226.347970     493.167960 0.0000000e+00
4090     228.490250     498.495340 0.0000000e+00
4091     231.427750     503.498472 0.0000000e+00
4092     233.014669     508.391247 0.0000000e+00
4093     235.872630     512.348432 0.0000000e+00
4094     238.496426     517.373272 0.0000000e+00
4095     241.288684     522.690526 0.0000000e+00
4096     244.242192     528.183136 0.0000000e+00
4097     247.314044     533.862055 0.0000000e+00
4098     250.567881     539.651977 0.0000000e+00
4099     254.059805     545.569455 0.0000000e+00
4100     257.800355     551.665337 0.0000000e+00
4101     261.719380     557.923194 0.0000000e+00
4102     265.841621     564.350694 0.0000000e+00
4103     270.124372     570.938429 0.0000000e+00
4104     274.447021     577.795005 0.0000000e+00
4105     277.754388     584.513674 0.0000000e+00
4106     283.660413     591.457446 0.0000000e+00
4107     290.178376     598.600755 0.0000000e+00
4108     295.957652     606.330915 0.0000000e+00
4109     302.592063     614.000151 0.0000000e+00
4110     309.534132     621.117134 0.0000000e+00
4111     316.811754     628.702845 0.0000000e+00
4112     324.680386     636.445137 0.0000000e+00
4113     333.020502     644.298409 0.0000000e+00
4114     341.910399     652.195456 0.0000000e+00
4115     351.423192     660.121868 0.0000000e+00
4116     361.625452     668.146578 0.0000000e+00
4117     372.461383     676.616745 0.0000000e+00
4118     383.414799     686.874028 0.0000000e+00
4119     387.758540     700.130090 0.0000000e+00
4120     386.699696     713.247065 0.0000000e+00
4121     386.939725     727.460505 0.0000000e+00
4122     386.937443     741.958864 0.0000000e+00
4123     383.992516     755.710440 0.0000000e+00
4124     386.807484     769.335250 0.0000000e+00
4125     386.839542     783.814017 0.0000000e+00
4126     386.717694     798.214752 0.0000000e+00
4127     386.765144     812.564221 0.0000000e+00
4128     386.908145     826.930230 0.0000000e+00
4129     386.936677     841.283951 0.0000000e+00
4130     386.949085     855.629453 0.0000000e+00
4131     386.952893     869.973988 0.0000000e+00
4132     386.952376     884.314717 0.0000000e+00
4133     386.949260     898.653891 0.0000000e+00
4134     386.924628     913.000323 0.0000000e+00
4135     386.909889     927.329156 0.0000000e+00
4136     386.911277     941.627433 0.0000000e+00
4137     386.796132     955.851554 0.0000000e+00
4138     386.734549     970.248342 0.0000000e+00
4139     386.715666     984.691872 0.0000000e+00
4140     386.510222     999.121223 0.0000000e+00
4141     386.587726    1013.431360 0.0000000e+00
4142     386.982751    1028.096960 0.0000000e+00
4143     387.040281    1042.517800 0.0000000e+00
4144     386.462943    1056.761310 0.0000000e+00
4145     385.149773    1072.449620 0.0000000e+00
4146     386.659937    1087.762430 0.0000000e+00
4147     384.895506    1101.218830 0.0000000e+00
4148     387.098839    1113.249040 0.0000000e+00
4149     387.128466    1127.055550 0.0000000e+00
4150     387.065717    1141.300400 0.0000000e+00
4151     387.029082    1155.626840 0.0000000e+00
4152     386.972967    1169.979990 0.0000000e+00
4153     386.920021    1184.313060 0.0000000e+00
4154     386.894107    1198.655200 0.0000000e+00
4155     387.292866    1213.022930 0.0000000e+00
4156     375.775413    1221.317920 0.0000000e+00
4157     364.844656    1229.182150 0.0000000e+00
4158     354.475585    1237.099840 0.0000000e+00
4159     344.482782    1244.918640 0.0000000e+00
4160     335.448618    1252.894220 0.0000000e+00
4161     326.974869    1261.220960 0.0000000e+00
4162     318.905743    1269.212150 0.0000000e+00
4163     311.126697    1277.129500 0.0000000e+00
4164     303.083140    1284.854210 0.0000000e+00
4165     296.611717    1293.611890 0.0000000e+00
4166     290.091037    1299.553670 0.0000000e+00
4167     286.189544    1306.628820 0.0000000e+00
4168     280.973265    1313.564060 0.0000000e+00
4169     275.924798    1320.343090 0.0000000e+00
4170     270.992986    1326.730800 0.0000000e+00
4171     266.577079    1333.465770 0.0000000e+00
4172     262.889573    1339.933060 0.0000000e+00
4173     259.041064    1346.159880 0.0000000e+00
4174     255.141779    1352.240310 0.0000000e+00
4175     251.642805    1358.201760 0.0000000e+00
4176     248.364963    1364.227150 0.0000000e+00
4177     245.185260    1369.968190 0.0000000e+00
4178     242.134830    1375.630590 0.0000000e+00
4179     238.726111    1381.254460 0.0000000e+00
4180     236.224109    1387.183300 0.0000000e+00
4181     233.623086    1392.313130 0.0000000e+00
4182     230.767868    1396.337890 0.0000000e+00
4183     229.454978    1400.802530 0.0000000e+00
4184     227.230418    1405.415620 0.0000000e+00
4185     224.977871    1410.023630 0.0000000e+00
4186     222.781720    1414.584180 0.0000000e+00
4187     220.605608    1419.089510 0.0000000e+00
4188     218.414035    1423.503580 0.0000000e+00
4189     216.236893    1427.895480 0.0000000e+00
4190     213.929821    1432.129890 0.0000000e+00
4191     211.814743    1436.521870 0.0000000e+00
4192     209.898341    1440.747150 0.0000000e+00
4193     207.794475    1444.942530 0.0000000e+00
4194     205.553347    1449.187810 0.0000000e+00
4195     203.142974    1453.351350 0.0000000e+00
4196     200.770837    1457.349840 0.0000000e+00
4197     198.298647    1461.398820 0.0000000e+00
4198     196.253848    1465.400840 0.0000000e+00
4199     193.823258    1469.598620 0.0000000e+00
4200     191.498035    1473.541870 0.0000000e+00
4201     188.632155    1478.183990 0.0000000e+00
4202     187.278518    1473.803950 0.0000000e+00
4203     188.328761    1469.472170 0.0000000e+00
4204     187.832700    1464.620220 0.0000000e+00
4205     187.799911    1460.298580 0.0000000e+00
4206     187.685750    1455.568650 0.0000000e+00
4207     187.855930    1451.191070 0.0000000e+00
4208     187.374859    1446.738250 0.0000000e+00
4209     187.338460    1442.118780 0.0000000e+00
4210     187.510695    1437.747370 0.0000000e+00
4211     187.517269    1433.258240 0.0000000e+00
4212     187.505235    1428.736150 0.0000000e+00
4213     187.538384    1424.258720 0.0000000e+00
4214     187.490447    1419.739840 0.0000000e+00
4215     187.484606    1415.236040 0.0000000e+00
4216     187.464705    1410.739440 0.0000000e+00
4217     187.409180    1406.270330 0.0000000e+00
4218     187.374965    1401.748430 0.0000000e+00
4219     187.374027    1397.223020 0.0000000e+00
4220     187.290899    1392.677550 0.0000000e+00
4221     187.309351    1388.159380 0.0000000e+00
4222     187.444926    1383.557480 0.0000000e+00
4223     187.482684    1379.019920 0.0000000e+00
4224     187.476323    1374.583780 0.0000000e+00
4225     186.884575    1370.577610 0.0000000e+00
4226     187.479753    1366.705060 0.0000000e+00
4227     187.492018    1362.326540 0.0000000e+00
4228     187.467069    1357.845700 0.0000000e+00
4229     187.455932    1353.342300 0.0000000e+00
4230     187.460735    1348.834860 0.0000000e+00
4231     187.470214    1344.331440 0.0000000e+00
4232     187.479902    1339.839120 0.0000000e+00
4233     187.481142    1335.343290 0.0000000e+00
4234     187.480167    1330.844610 0.0000000e+00
4235     187.478702    1326.344700 0.0000000e+00
4236     187.477158    1321.844340 0.0000000e+00
4237     187.475654    1317.343820 0.0000000e+00
4238     187.474190    1312.843210 0.0000000e+00
4239     187.472768    1308.342510 0.0000000e+00
4240     187.471390    1303.841760 0.0000000e+00
4241     187.469913    1299.340990 0.0000000e+00
4242     187.468341    1294.840150 0.0000000e+00
4243     187.466872    1290.339120 0.0000000e+00
4244     187.465598    1285.837950 0.0000000e+00
4245     187.464480    1281.336700 0.0000000e+00
4246     187.463394    1276.835420 0.0000000e+00
4247     187.462289    1272.334110 0.0000000e+00
4248     187.461142    1267.832770 0.0000000e+00
4249     187.459901    1263.331310 0.0000000e+00
4250     187.458607    1258.829740 0.0000000e+00
4251     187.457283    1254.328070 0.0000000e+00
4252     187.455932    1249.826310 0.0000000e+00
4253     187.454550    1245.324470 0.0000000e+00
4254     187.453133    1240.822540 0.0000000e+00
4255     187.451676    1236.320530 0.0000000e+00
4256     187.450175    1231.818450 0.0000000e+00
4257     187.448636    1227.315870 0.0000000e+00
4258     187.447325    1222.807690 0.0000000e+00
4259     187.447843    1218.266990 0.0000000e+00
4260     187.427940    1213.607820 0.0000000e+00
4261     187.093924    1208.641320 0.0000000e+00
4262     187.423625    1203.691610 0.0000000e+00
4263     187.447392    1199.045900 0.0000000e+00
4264     187.447218    1194.502910 0.0000000e+00
4265     187.447971    1189.990080 0.0000000e+00
4266     187.449034    1185.485350 0.0000000e+00
4267     187.450126    1180.982640 0.0000000e+00
4268     187.451191    1176.480440 0.0000000e+00
4269     187.452218    1171.978410 0.0000000e+00
4270     187.453209    1167.476480 0.0000000e+00
4271     187.454166    1162.974630 0.0000000e+00
4272     187.455093    1158.472870 0.0000000e+00
4273     187.455992    1153.971200 0.0000000e+00
4274     187.456630    1149.469180 0.0000000e+00
4275     187.453659    1144.963010 0.0000000e+00
4276     187.417889    1140.442490 0.0000000e+00
4277     187.399524    1135.954080 0.0000000e+00
4278     187.417592    1131.466640 0.0000000e+00
4279     187.458236    1126.947710 0.0000000e+00
4280     187.464500    1122.439980 0.0000000e+00
4281     187.467046    1117.936950 0.0000000e+00
4282     187.468935    1113.435520 0.0000000e+00
4283     187.470736    1108.934610 0.0000000e+00
4284     187.472558    1104.433900 0.0000000e+00
4285     187.474424    1099.933300 0.0000000e+00
4286     187.476334    1095.432810 0.0000000e+00
4287     187.478289    1090.932410 0.0000000e+00
4288     187.480282    1086.432090 0.0000000e+00
4289     187.482320    1081.931850 0.0000000e+00
4290     187.484022    1077.431500 0.0000000e+00
4291     187.485858    1072.931420 0.0000000e+00
4292     187.488076    1068.431490 0.0000000e+00
4293     187.490531    1063.931750 0.0000000e+00
4294     187.492591    1059.432620 0.0000000e+00
4295     187.492460    1054.934860 0.0000000e+00
4296     187.491100    1050.435690 0.0000000e+00
4297     187.489651    1045.935220 0.0000000e+00
4298     187.490953    1041.433760 0.0000000e+00
4299     187.496501    1036.932530 0.0000000e+00
4300     187.505287    1032.428670 0.0000000e+00
4301     187.520972    1027.934250 0.0000000e+00
4302     187.514358    1023.560640 0.0000000e+00
4303     186.916870    1019.737660 0.0000000e+00
4304     187.467520    1015.705760 0.0000000e+00
4305     187.252078    1011.331770 0.0000000e+00
4306     187.153855    1006.698810 0.0000000e+00
4307     187.311812    1002.317010 0.0000000e+00
4308     187.450883     997.803083 0.0000000e+00
4309     187.463087     993.295404 0.0000000e+00
4310     187.465289     988.791763 0.0000000e+00
4311     187.464045     984.293203 0.0000000e+00
4312     187.406973     979.809412 0.0000000e+00
4313     187.400399     975.289257 0.0000000e+00
4314     187.437327     970.776173 0.0000000e+00
4315     187.464575     966.318525 0.0000000e+00
4316     187.458240     961.833803 0.0000000e+00
4317     187.461961     957.331390 0.0000000e+00
4318     187.470429     952.824753 0.0000000e+00
4319     187.483423     948.330892 0.0000000e+00
4320     187.487944     943.837577 0.0000000e+00
4321     187.487492     939.340313 0.0000000e+00
4322     187.485818     934.840949 0.0000000e+00
4323     187.483868     930.340762 0.0000000e+00
4324     187.481899     925.840280 0.0000000e+00
4325     187.479965     921.339667 0.0000000e+00
4326     187.478073     916.838968 0.0000000e+00
4327     187.476219     912.338189 0.0000000e+00
4328     187.474399     907.837329 0.0000000e+00
4329     187.472609     903.336386 0.0000000e+00
4330     187.470844     898.835355 0.0000000e+00
4331     187.469099     894.334235 0.0000000e+00
4332     187.467367     889.833023 0.0000000e+00
4333     187.465645     885.331718 0.0000000e+00
4334     187.463926     880.830319 0.0000000e+00
4335     187.462204     876.328824 0.0000000e+00
4336     187.460474     871.827233 0.0000000e+00
4337     187.458730     867.325548 0.0000000e+00
4338     187.456965     862.823767 0.0000000e+00
4339     187.455172     858.321893 0.0000000e+00
4340     187.453346     853.819928 0.0000000e+00
4341     187.451481     849.317873 0.0000000e+00
4342     187.449576     844.815727 0.0000000e+00
4343     187.447613     840.313509 0.0000000e+00
4344     187.445481     835.810877 0.0000000e+00
4345     187.443449     831.302639 0.0000000e+00
4346     187.443157     826.762235 0.0000000e+00
4347     187.422495     822.107231 0.0000000e+00
4348     187.093591     817.159736 0.0000000e+00
4349     187.427289     812.193419 0.0000000e+00
4350     187.450975     807.544248 0.0000000e+00
4351     187.450492     803.001011 0.0000000e+00
4352     187.450843     798.488426 0.0000000e+00
4353     187.451487     793.983943 0.0000000e+00
4354     187.452161     789.481444 0.0000000e+00
4355     187.452813     784.979429 0.0000000e+00
4356     187.453432     780.477565 0.0000000e+00
4357     187.454016     775.975786 0.0000000e+00
4358     187.454318     771.473616 0.0000000e+00
4359     187.450869     766.967069 0.0000000e+00
4360     187.414570     762.445804 0.0000000e+00
4361     187.395587     757.956835 0.0000000e+00
4362     187.413160     753.469428 0.0000000e+00
4363     187.453331     748.950862 0.0000000e+00
4364     187.459093     744.443213 0.0000000e+00
4365     187.461213     739.940069 0.0000000e+00
4366     187.462678     735.438444 0.0000000e+00
4367     187.464038     730.937312 0.0000000e+00
4368     187.465391     726.436375 0.0000000e+00
4369     187.466754     721.935557 0.0000000e+00
4370     187.468130     717.434840 0.0000000e+00
4371     187.469519     712.934214 0.0000000e+00
4372     187.470928     708.433674 0.0000000e+00
4373     187.471977     703.933032 0.0000000e+00
4374     187.473135     699.432668 0.0000000e+00
4375     187.474658     694.932422 0.0000000e+00
4376     187.476926     690.431288 0.0000000e+00
4377     187.483070     685.926690 0.0000000e+00
4378     187.500064     681.429663 0.0000000e+00
4379     187.486977     677.032550 0.0000000e+00
4380     186.884302     673.134778 0.0000000e+00
4381     187.471508     669.173794 0.0000000e+00
4382     187.485259     664.762798 0.0000000e+00
4383     187.471528     660.268072 0.0000000e+00
4384     187.466621     655.763702 0.0000000e+00
4385     187.465566     651.260711 0.0000000e+00
4386     187.465443     646.758944 0.0000000e+00
4387     187.465392     642.257697 0.0000000e+00
4388     187.464673     637.756381 0.0000000e+00
4389     187.461631     633.250037 0.0000000e+00
4390     187.441760     628.717985 0.0000000e+00
4391     187.307561     624.118030 0.0000000e+00
4392     187.299273     619.594112 0.0000000e+00
4393     187.430337     615.022824 0.0000000e+00
4394     187.445755     610.497627 0.0000000e+00
4395     187.449934     605.986905 0.0000000e+00
4396     187.455663     601.482386 0.0000000e+00
4397     187.461254     596.982098 0.0000000e+00
4398     187.462109     592.483146 0.0000000e+00
4399     187.452384     587.989573 0.0000000e+00
4400     187.444444     583.489942 0.0000000e+00
4401     187.441517     578.981804 0.0000000e+00
4402     187.450686     574.474240 0.0000000e+00
4403     187.467070     569.977936 0.0000000e+00
4404     187.474063     565.481005 0.0000000e+00
4405     187.464368     561.011050 0.0000000e+00
4406     187.263231     556.632728 0.0000000e+00
4407     187.279302     552.110549 0.0000000e+00
4408     187.419312     547.762846 0.0000000e+00
4409     187.402541     543.293364 0.0000000e+00
4410     187.408558     538.773886 0.0000000e+00
4411     187.460397     534.295991 0.0000000e+00
4412     187.484087     529.822126 0.0000000e+00
4413     187.485705     525.330874 0.0000000e+00
4414     187.484719     520.832518 0.0000000e+00
4415     187.482858     516.332391 0.0000000e+00
4416     187.481122     511.831169 0.0000000e+00
4417     187.484486     507.327341 0.0000000e+00
4418     187.485959     502.827577 0.0000000e+00
4419     187.481510     498.329508 0.0000000e+00
4420     187.478176     493.827021 0.0000000e+00
4421     187.477811     489.323416 0.0000000e+00
4422     187.481607     484.817852 0.0000000e+00
4423     187.488270     480.314339 0.0000000e+00
4424     187.506236     475.803894 0.0000000e+00
4425     187.512430     471.303235 0.0000000e+00
4426     187.557660     466.774406 0.0000000e+00
4427     187.533740     462.300273 0.0000000e+00
4428     187.552412     457.750376 0.0000000e+00
4429     187.528362     453.254134 0.0000000e+00
4430     187.596986     448.706549 0.0000000e+00
4431     187.604092     444.158326 0.0000000e+00
4432     187.765025     439.519445 0.0000000e+00
4433     187.349330     435.254193 0.0000000e+00
4434     187.980832     430.443138 0.0000000e+00
4435     186.946305     425.408275 0.0000000e+00
4436     187.902163     421.148238 0.0000000e+00
4437     190.701204     425.607066 0.0000000e+00
4438     192.686548     429.790025 0.0000000e+00
4439     195.613743     432.801835 0.0000000e+00
4440     197.454975     436.428399 0.0000000e+00
4441     199.831496     440.600690 0.0000000e+00
4442     201.917277     444.683908 0.0000000e+00
4443     204.315335     448.889960 0.0000000e+00
4444     206.533887     453.085284 0.0000000e+00
4445     209.317729     449.261851 0.0000000e+00
4446     211.584887     453.511087 0.0000000e+00
4447     213.854869     457.813286 0.0000000e+00
4448     216.099005     462.159746 0.0000000e+00
4449     218.341539     466.552933 0.0000000e+00
4450     220.582165     470.993950 0.0000000e+00
4451     222.827507     475.489500 0.0000000e+00
4452     225.087096     480.036721 0.0000000e+00
4453     227.363878     484.652776 0.0000000e+00
4454     229.435460     489.399935 0.0000000e+00
4455     231.840336     494.489091 0.0000000e+00
4456     234.687071     499.404652 0.0000000e+00
4457     237.450928     505.293146 0.0000000e+00
4458     240.911142     510.771698 0.0000000e+00
4459     244.026885     516.326908 0.0000000e+00
4460     247.224360     521.955022 0.0000000e+00
4461     250.570014     527.711978 0.0000000e+00
4462     254.009593     533.613604 0.0000000e+00
4463     257.731604     539.686028 0.0000000e+00
4464     261.728067     545.911479 0.0000000e+00
4465     265.994499     552.221999 0.0000000e+00
4466     270.462196     558.775528 0.0000000e+00
4467     275.176640     565.511785 0.0000000e+00
4468     279.801252     572.708910 0.0000000e+00
4469     284.962204     581.153992 0.0000000e+00
4470     292.143394     588.340698 0.0000000e+00
4471     298.826210     595.748587 0.0000000e+00
4472     303.939088     603.537173 0.0000000e+00
4473     310.900043     609.020690 0.0000000e+00
4474     318.140122     616.421063 0.0000000e+00
4475     326.033528     624.125731 0.0000000e+00
4476     334.515728     631.907867 0.0000000e+00
4477     343.563841     639.725962 0.0000000e+00
4478     353.215542     647.552264 0.0000000e+00
4479     363.577026     655.366127 0.0000000e+00
4480     374.661730     663.273421 0.0000000e+00
4481     386.162399     671.845032 0.0000000e+00
4482     398.203003     680.292687 0.0000000e+00
4483     399.075609     694.511299 0.0000000e+00
4484     399.973630     709.667657 0.0000000e+00
4485     399.693640     724.401357 0.0000000e+00
4486     399.589587     739.704204 0.0000000e+00
4487     398.056383     756.049852 0.0000000e+00
4488     399.402495     772.552007 0.0000000e+00
4489     399.472440     788.054154 0.0000000e+00
4490     399.525151     803.152776 0.0000000e+00
4491     399.724981     817.976363 0.0000000e+00
4492     399.778058     832.839748 0.0000000e+00
4493     399.801218     847.701216 0.0000000e+00
4494     399.817106     862.558875 0.0000000e+00
4495     399.828836     877.413404 0.0000000e+00
4496     399.837267     892.265613 0.0000000e+00
4497     399.838412     907.117948 0.0000000e+00
4498     399.838836     921.965958 0.0000000e+00
4499     399.848861     936.793272 0.0000000e+00
4500     399.823555     951.482865 0.0000000e+00
4501     399.212690     965.793904 0.0000000e+00
4502     399.005935     980.765323 0.0000000e+00
4503     399.582540     995.400634 0.0000000e+00
4504     399.555569    1010.177650 0.0000000e+00
4505     399.623724    1025.012390 0.0000000e+00
4506     399.765427    1039.937690 0.0000000e+00
4507     399.741539    1054.487930 0.0000000e+00
4508     397.345528    1067.472190 0.0000000e+00
4509     399.343759    1081.157480 0.0000000e+00
4510     398.485572    1097.815390 0.0000000e+00
4511     399.719167    1113.693940 0.0000000e+00
4512     399.838784    1128.970510 0.0000000e+00
4513     399.842630    1143.968050 0.0000000e+00
4514     399.837113    1158.871060 0.0000000e+00
4515     399.824209    1173.738110 0.0000000e+00
4516     399.802797    1188.574770 0.0000000e+00
4517     399.859196    1203.351980 0.0000000e+00
4518     400.798624    1218.185240 0.0000000e+00
4519     389.264108    1227.230490 0.0000000e+00
4520     377.505918    1234.976230 0.0000000e+00
4521     366.267073    1242.600950 0.0000000e+00
4522     355.660278    1250.298030 0.0000000e+00
4523     345.817308    1258.070190 0.0000000e+00
4524     336.662008    1265.928170 0.0000000e+00
4525     328.037976    1273.828100 0.0000000e+00
4526     319.859960    1281.617530 0.0000000e+00
4527     311.948546    1289.242440 0.0000000e+00
4528     304.680053    1297.004800 0.0000000e+00
4529     296.925721    1305.082030 0.0000000e+00
4530     290.667112    1313.799090 0.0000000e+00
4531     284.931980    1321.260580 0.0000000e+00
4532     279.535373    1327.792090 0.0000000e+00
4533     274.061651    1333.124250 0.0000000e+00
4534     271.160614    1339.723090 0.0000000e+00
4535     267.210614    1346.053530 0.0000000e+00
4536     262.955923    1352.319980 0.0000000e+00
4537     258.936619    1358.493200 0.0000000e+00
4538     255.174654    1364.558740 0.0000000e+00
4539     251.622397    1370.520540 0.0000000e+00
4540     248.218065    1376.303060 0.0000000e+00
4541     244.839167    1381.911210 0.0000000e+00
4542     241.817987    1387.428260 0.0000000e+00
4543     238.914299    1393.073020 0.0000000e+00
4544     235.541915    1398.536770 0.0000000e+00
4545     233.077821    1404.207220 0.0000000e+00
4546     230.504492    1409.229470 0.0000000e+00
4547     228.044931    1413.958390 0.0000000e+00
4548     225.699878    1418.613780 0.0000000e+00
4549     223.462283    1423.151860 0.0000000e+00
4550     221.216806    1427.419470 0.0000000e+00
4551     218.969411    1431.768510 0.0000000e+00
4552     216.654569    1435.500280 0.0000000e+00
4553     215.408156    1439.469340 0.0000000e+00
4554     213.276299    1443.624160 0.0000000e+00
4555     211.016721    1447.877370 0.0000000e+00
4556     208.699370    1452.118070 0.0000000e+00
4557     206.355865    1456.286300 0.0000000e+00
4558     203.959741    1460.392110 0.0000000e+00
4559     201.651797    1464.439370 0.0000000e+00
4560     199.250913    1468.562600 0.0000000e+00
4561     196.842886    1472.917540 0.0000000e+00
4562     193.931471    1477.215440 0.0000000e+00
4563     191.540151    1481.444540 0.0000000e+00
4564     187.979813    1484.127160 0.0000000e+00
4565     184.470884    1488.371200 0.0000000e+00
4566     183.546689    1484.453920 0.0000000e+00
4567     184.323052    1480.406660 0.0000000e+00
4568     183.858965    1476.092610 0.0000000e+00
4569     183.749077    1471.434080 0.0000000e+00
4570     183.931934    1467.100770 0.0000000e+00
4571     183.739677    1462.611100 0.0000000e+00
4572     183.754002    1458.149570 0.0000000e+00
4573     183.716004    1453.669910 0.0000000e+00
4574     183.663888    1449.286520 0.0000000e+00
4575     183.568633    1444.793380 0.0000000e+00
4576     183.562201    1440.322520 0.0000000e+00
4577     183.618096    1435.895100 0.0000000e+00
4578     183.625499    1431.448400 0.0000000e+00
4579     183.624206    1426.997390 0.0000000e+00
4580     183.628031    1422.554760 0.0000000e+00
4581     183.616155    1418.102330 0.0000000e+00
4582     183.611831    1413.655120 0.0000000e+00
4583     183.596778    1409.213320 0.0000000e+00
4584     183.586025    1404.756950 0.0000000e+00
4585     183.582636    1400.266350 0.0000000e+00
4586     183.571427    1395.668000 0.0000000e+00
4587     183.245481    1390.768840 0.0000000e+00
4588     183.568840    1385.870740 0.0000000e+00
4589     183.596896    1381.273150 0.0000000e+00
4590     183.589432    1376.803970 0.0000000e+00
4591     183.396443    1372.445660 0.0000000e+00
4592     183.409187    1367.961380 0.0000000e+00
4593     183.598177    1363.658490 0.0000000e+00
4594     183.609189    1359.263340 0.0000000e+00
4595     183.605327    1354.827490 0.0000000e+00
4596     183.605036    1350.379420 0.0000000e+00
4597     183.607301    1345.929450 0.0000000e+00
4598     183.609822    1341.480370 0.0000000e+00
4599     183.612160    1337.033090 0.0000000e+00
4600     183.612653    1332.585090 0.0000000e+00
4601     183.612509    1328.136460 0.0000000e+00
4602     183.612196    1323.687570 0.0000000e+00
4603     183.611843    1319.238580 0.0000000e+00
4604     183.611491    1314.789590 0.0000000e+00
4605     183.611144    1310.340600 0.0000000e+00
4606     183.610805    1305.891620 0.0000000e+00
4607     183.610096    1301.442460 0.0000000e+00
4608     183.609401    1296.993540 0.0000000e+00
4609     183.608974    1292.544800 0.0000000e+00
4610     183.608786    1288.096030 0.0000000e+00
4611     183.608709    1283.647180 0.0000000e+00
4612     183.608723    1279.198140 0.0000000e+00
4613     183.608492    1274.749230 0.0000000e+00
4614     183.608221    1270.300380 0.0000000e+00
4615     183.607927    1265.851570 0.0000000e+00
4616     183.607611    1261.402770 0.0000000e+00
4617     183.607281    1256.953990 0.0000000e+00
4618     183.606945    1252.505230 0.0000000e+00
4619     183.606603    1248.056490 0.0000000e+00
4620     183.606255    1243.607780 0.0000000e+00
4621     183.605902    1239.159090 0.0000000e+00
4622     183.605543    1234.710430 0.0000000e+00
4623     183.605211    1230.261710 0.0000000e+00
4624     183.605445    1225.811970 0.0000000e+00
4625     183.609801    1221.358650 0.0000000e+00
4626     183.626225    1216.912450 0.0000000e+00
4627     183.614690    1212.562790 0.0000000e+00
4628     183.027657    1208.693850 0.0000000e+00
4629     183.610427    1204.791630 0.0000000e+00
4630     183.626509    1200.437190 0.0000000e+00
4631     183.612909    1195.997310 0.0000000e+00
4632     183.606742    1191.546600 0.0000000e+00
4633     183.603935    1187.096690 0.0000000e+00
4634     183.601926    1182.647740 0.0000000e+00
4635     183.600086    1178.199090 0.0000000e+00
4636     183.598267    1173.750460 0.0000000e+00
4637     183.596435    1169.301760 0.0000000e+00
4638     183.594580    1164.852970 0.0000000e+00
4639     183.592697    1160.404100 0.0000000e+00
4640     183.590779    1155.955130 0.0000000e+00
4641     183.588661    1151.505770 0.0000000e+00
4642     183.584563    1147.052390 0.0000000e+00
4643     183.562772    1142.576290 0.0000000e+00
4644     183.400753    1138.034730 0.0000000e+00
4645     183.400155    1133.579060 0.0000000e+00
4646     183.570528    1129.031900 0.0000000e+00
4647     183.593899    1124.547800 0.0000000e+00
4648     183.598619    1120.088460 0.0000000e+00
4649     183.600821    1115.636710 0.0000000e+00
4650     183.602579    1111.187060 0.0000000e+00
4651     183.604269    1106.737940 0.0000000e+00
4652     183.605949    1102.288970 0.0000000e+00
4653     183.607627    1097.840060 0.0000000e+00
4654     183.609307    1093.391200 0.0000000e+00
4655     183.610990    1088.942370 0.0000000e+00
4656     183.612679    1084.493590 0.0000000e+00
4657     183.613909    1080.044430 0.0000000e+00
4658     183.610225    1075.592980 0.0000000e+00
4659     183.608565    1071.144580 0.0000000e+00
4660     183.610504    1066.699150 0.0000000e+00
4661     183.615526    1062.252730 0.0000000e+00
4662     183.620707    1057.802470 0.0000000e+00
4663     183.621982    1053.353650 0.0000000e+00
4664     183.622850    1048.904990 0.0000000e+00
4665     183.624052    1044.456020 0.0000000e+00
4666     183.626285    1040.006760 0.0000000e+00
4667     183.630317    1035.557320 0.0000000e+00
4668     183.635835    1031.113180 0.0000000e+00
4669     183.625270    1026.708550 0.0000000e+00
4670     183.431727    1022.413320 0.0000000e+00
4671     183.410208    1017.939010 0.0000000e+00
4672     183.546302    1013.576340 0.0000000e+00
4673     183.522863    1008.973570 0.0000000e+00
4674     183.211348    1004.018960 0.0000000e+00
4675     183.572334     999.190574 0.0000000e+00
4676     183.602263     994.622644 0.0000000e+00
4677     183.602870     990.140600 0.0000000e+00
4678     183.602947     985.683919 0.0000000e+00
4679     183.590062     981.238103 0.0000000e+00
4680     183.583875     976.784947 0.0000000e+00
4681     183.590215     972.328257 0.0000000e+00
4682     183.596406     967.879701 0.0000000e+00
4683     183.603180     963.438782 0.0000000e+00
4684     183.604969     958.991743 0.0000000e+00
4685     183.608006     954.542243 0.0000000e+00
4686     183.610516     950.092307 0.0000000e+00
4687     183.614004     945.645118 0.0000000e+00
4688     183.615187     941.197653 0.0000000e+00
4689     183.615178     936.749330 0.0000000e+00
4690     183.614451     932.300320 0.0000000e+00
4691     183.613666     927.851392 0.0000000e+00
4692     183.613113     923.402601 0.0000000e+00
4693     183.612764     918.953789 0.0000000e+00
4694     183.612507     914.504903 0.0000000e+00
4695     183.612324     910.055831 0.0000000e+00
4696     183.611897     905.606874 0.0000000e+00
4697     183.611446     901.157971 0.0000000e+00
4698     183.610991     896.709102 0.0000000e+00
4699     183.610539     892.260258 0.0000000e+00
4700     183.610091     887.811439 0.0000000e+00
4701     183.609647     883.362644 0.0000000e+00
4702     183.609204     878.913875 0.0000000e+00
4703     183.608763     874.465132 0.0000000e+00
4704     183.608323     870.016416 0.0000000e+00
4705     183.607883     865.567728 0.0000000e+00
4706     183.607442     861.119070 0.0000000e+00
4707     183.606999     856.670443 0.0000000e+00
4708     183.606554     852.221847 0.0000000e+00
4709     183.606108     847.773285 0.0000000e+00
4710     183.605657     843.324759 0.0000000e+00
4711     183.605215     838.876196 0.0000000e+00
4712     183.605307     834.426560 0.0000000e+00
4713     183.609421     829.973155 0.0000000e+00
4714     183.625214     825.527448 0.0000000e+00
4715     183.614506     821.184032 0.0000000e+00
4716     183.026615     817.337035 0.0000000e+00
4717     183.605910     813.414819 0.0000000e+00
4718     183.622583     809.054643 0.0000000e+00
4719     183.608778     804.613446 0.0000000e+00
4720     183.602529     800.162431 0.0000000e+00
4721     183.599646     795.712339 0.0000000e+00
4722     183.597538     791.263191 0.0000000e+00
4723     183.595580     786.814339 0.0000000e+00
4724     183.593628     782.365506 0.0000000e+00
4725     183.591649     777.916611 0.0000000e+00
4726     183.589471     773.467295 0.0000000e+00
4727     183.585253     769.013657 0.0000000e+00
4728     183.562921     764.536090 0.0000000e+00
4729     183.400523     759.991162 0.0000000e+00
4730     183.398176     755.535023 0.0000000e+00
4731     183.568250     750.990847 0.0000000e+00
4732     183.591115     746.508203 0.0000000e+00
4733     183.595672     742.049299 0.0000000e+00
4734     183.597769     737.597632 0.0000000e+00
4735     183.599422     733.147949 0.0000000e+00
4736     183.600996     728.698781 0.0000000e+00
4737     183.602549     724.249760 0.0000000e+00
4738     183.604087     719.800804 0.0000000e+00
4739     183.605613     715.351897 0.0000000e+00
4740     183.607132     710.903035 0.0000000e+00
4741     183.608172     706.453787 0.0000000e+00
4742     183.604347     702.002163 0.0000000e+00
4743     183.602421     697.553713 0.0000000e+00
4744     183.604170     693.108059 0.0000000e+00
4745     183.610370     688.660597 0.0000000e+00
4746     183.619564     684.212728 0.0000000e+00
4747     183.609632     679.799000 0.0000000e+00
4748     183.413002     675.483203 0.0000000e+00
4749     183.408416     671.008157 0.0000000e+00
4750     183.599182     666.677694 0.0000000e+00
4751     183.611350     662.266112 0.0000000e+00
4752     183.608044     657.825161 0.0000000e+00
4753     183.606073     653.377200 0.0000000e+00
4754     183.604984     648.928026 0.0000000e+00
4755     183.604127     644.478704 0.0000000e+00
4756     183.603217     640.028972 0.0000000e+00
4757     183.602575     635.573731 0.0000000e+00
4758     183.604171     631.086104 0.0000000e+00
4759     183.585943     626.477016 0.0000000e+00
4760     183.248434     621.534147 0.0000000e+00
4761     183.565460     616.672173 0.0000000e+00
4762     183.589536     612.088576 0.0000000e+00
4763     183.590397     607.600561 0.0000000e+00
4764     183.592364     603.140514 0.0000000e+00
4765     183.594961     598.688424 0.0000000e+00
4766     183.596965     594.238964 0.0000000e+00
4767     183.595861     589.790772 0.0000000e+00
4768     183.594397     585.341836 0.0000000e+00
4769     183.594326     580.891551 0.0000000e+00
4770     183.596218     576.439759 0.0000000e+00
4771     183.600400     571.989103 0.0000000e+00
4772     183.605544     567.541619 0.0000000e+00
4773     183.602713     563.099731 0.0000000e+00
4774     183.549774     558.679568 0.0000000e+00
4775     183.532958     554.217143 0.0000000e+00
4776     183.541651     549.763754 0.0000000e+00
4777     183.582347     545.344996 0.0000000e+00
4778     183.587862     540.900600 0.0000000e+00
4779     183.593290     536.447896 0.0000000e+00
4780     183.609000     532.006255 0.0000000e+00
4781     183.614984     527.563334 0.0000000e+00
4782     183.615873     523.116653 0.0000000e+00
4783     183.615687     518.668487 0.0000000e+00
4784     183.615298     514.219757 0.0000000e+00
4785     183.615880     509.770292 0.0000000e+00
4786     183.616481     505.321530 0.0000000e+00
4787     183.616022     500.873606 0.0000000e+00
4788     183.615326     496.424938 0.0000000e+00
4789     183.614974     491.975740 0.0000000e+00
4790     183.615789     487.526109 0.0000000e+00
4791     183.617603     483.076385 0.0000000e+00
4792     183.622745     478.625499 0.0000000e+00
4793     183.626759     474.176598 0.0000000e+00
4794     183.638972     469.721826 0.0000000e+00
4795     183.640211     465.279758 0.0000000e+00
4796     183.647588     460.823681 0.0000000e+00
4797     183.644115     456.376583 0.0000000e+00
4798     183.657167     451.913082 0.0000000e+00
4799     183.677559     447.456945 0.0000000e+00
4800     183.721735     442.990240 0.0000000e+00
4801     183.654420     438.634521 0.0000000e+00
4802     183.721795     434.209414 0.0000000e+00
4803     183.376081     430.433664 0.0000000e+00
4804     183.641902     426.618619 0.0000000e+00
4805     183.686112     421.925245 0.0000000e+00
4806     184.371560     417.178938 0.0000000e+00
4807     183.579684     411.550421 0.0000000e+00
4808     187.350645     414.003830 0.0000000e+00
4809     189.746670     417.404346 0.0000000e+00
4810     192.576415     421.189464 0.0000000e+00
4811     195.130945     425.147844 0.0000000e+00
4812     197.628517     428.838261 0.0000000e+00
4813     200.208053     432.742000 0.0000000e+00
4814     202.413019     436.797730 0.0000000e+00
4815     204.743841     440.898957 0.0000000e+00
4816     206.995180     445.038415 0.0000000e+00
4817     209.589364     440.974697 0.0000000e+00
4818     211.903837     445.170390 0.0000000e+00
4819     214.224888     449.414645 0.0000000e+00
4820     216.528292     453.706757 0.0000000e+00
4821     218.826812     458.037175 0.0000000e+00
4822     221.059309     462.417312 0.0000000e+00
4823     223.349528     466.885140 0.0000000e+00
4824     225.701068     471.405906 0.0000000e+00
4825     228.127471     475.951154 0.0000000e+00
4826     230.610705     480.624350 0.0000000e+00
4827     233.101081     485.337746 0.0000000e+00
4828     234.626061     490.022690 0.0000000e+00
4829     237.706597     494.078355 0.0000000e+00
4830     240.492650     499.311207 0.0000000e+00
4831     243.560473     504.636704 0.0000000e+00
4832     246.954678     510.106261 0.0000000e+00
4833     250.290913     515.763491 0.0000000e+00
4834     253.853168     521.593535 0.0000000e+00
4835     257.618309     527.536659 0.0000000e+00
4836     261.228401     533.581746 0.0000000e+00
4837     265.421001     539.923537 0.0000000e+00
4838     270.092232     546.003889 0.0000000e+00
4839     274.856957     552.583627 0.0000000e+00
4840     279.950710     559.360754 0.0000000e+00
4841     285.176539     566.222916 0.0000000e+00
4842     288.851869     573.496825 0.0000000e+00
4843     295.264261     579.183039 0.0000000e+00
4844     302.313184     586.640320 0.0000000e+00
4845     309.717380     595.656455 0.0000000e+00
4846     318.264303     603.297443 0.0000000e+00
4847     326.545707     611.122400 0.0000000e+00
4848     335.204363     618.897057 0.0000000e+00
4849     344.409088     626.642472 0.0000000e+00
4850     354.213426     634.354501 0.0000000e+00
4851     364.559818     642.075836 0.0000000e+00
4852     375.795625     649.724336 0.0000000e+00
4853     387.775090     657.403785 0.0000000e+00
4854     400.130824     665.122909 0.0000000e+00
4855     412.407254     674.073142 0.0000000e+00
4856     412.353680     689.275111 0.0000000e+00
4857     412.836847     704.436280 0.0000000e+00
4858     413.025237     719.822893 0.0000000e+00
4859     412.883930     735.088555 0.0000000e+00
4860     412.339556     750.529906 0.0000000e+00
4861     412.373047     765.611155 0.0000000e+00
4862     412.253083     780.751335 0.0000000e+00
4863     412.212419     796.278402 0.0000000e+00
4864     412.961890     811.239355 0.0000000e+00
4865     413.008425     826.401209 0.0000000e+00
4866     413.010871     841.623680 0.0000000e+00
4867     413.011846     856.855717 0.0000000e+00
4868     413.010175     872.089225 0.0000000e+00
4869     413.005995     887.323075 0.0000000e+00
4870     412.998300     902.557561 0.0000000e+00
4871     412.988749     917.793371 0.0000000e+00
4872     412.987784     933.034905 0.0000000e+00
4873     413.033228     948.243352 0.0000000e+00
4874     412.993269     963.032652 0.0000000e+00
4875     410.928840     976.008771 0.0000000e+00
4876     412.932836     989.511687 0.0000000e+00
4877     412.988499    1004.446050 0.0000000e+00
4878     412.932705    1019.645890 0.0000000e+00
4879     412.931739    1035.027110 0.0000000e+00
4880     412.890094    1050.889710 0.0000000e+00
4881     411.640246    1067.868330 0.0000000e+00
4882     412.348431    1084.918580 0.0000000e+00
4883     412.348234    1100.554440 0.0000000e+00
4884     412.840446    1116.034180 0.0000000e+00
4885     412.906029    1131.335680 0.0000000e+00
4886     412.927025    1146.590430 0.0000000e+00
4887     412.941230    1161.832970 0.0000000e+00
4888     412.950080    1177.069370 0.0000000e+00
4889     412.962163    1192.285480 0.0000000e+00
4890     413.146731    1207.490380 0.0000000e+00
4891     414.629449    1222.975350 0.0000000e+00
4892     404.430746    1233.008080 0.0000000e+00
4893     391.903323    1240.649280 0.0000000e+00
4894     379.675310    1247.993860 0.0000000e+00
4895     368.168802    1255.451650 0.0000000e+00
4896     357.440823    1263.058210 0.0000000e+00
4897     347.441276    1270.761390 0.0000000e+00
4898     338.097588    1278.483240 0.0000000e+00
4899     329.299153    1286.104490 0.0000000e+00
4900     320.937938    1293.763780 0.0000000e+00
4901     313.231197    1301.350080 0.0000000e+00
4902     305.828356    1308.392820 0.0000000e+00
4903     298.948712    1316.019060 0.0000000e+00
4904     293.092125    1324.000960 0.0000000e+00
4905     287.013550    1331.333380 0.0000000e+00
4906     280.271531    1337.112850 0.0000000e+00
4907     276.937470    1344.621640 0.0000000e+00
4908     272.097546    1351.364420 0.0000000e+00
4909     267.439234    1357.886090 0.0000000e+00
4910     263.094556    1364.245330 0.0000000e+00
4911     259.019677    1370.446980 0.0000000e+00
4912     255.170626    1376.494020 0.0000000e+00
4913     251.484049    1382.361750 0.0000000e+00
4914     248.030700    1388.053620 0.0000000e+00
4915     244.766633    1393.625040 0.0000000e+00
4916     241.505642    1399.065870 0.0000000e+00
4917     238.580282    1404.344470 0.0000000e+00
4918     235.847806    1409.604410 0.0000000e+00
4919     233.149088    1414.502980 0.0000000e+00
4920     230.440461    1419.047240 0.0000000e+00
4921     227.903222    1423.796220 0.0000000e+00
4922     225.854333    1428.379080 0.0000000e+00
4923     223.246756    1432.162220 0.0000000e+00
4924     221.224673    1436.756180 0.0000000e+00
4925     219.174112    1441.489920 0.0000000e+00
4926     216.827405    1445.935500 0.0000000e+00
4927     214.477573    1450.274200 0.0000000e+00
4928     212.125980    1454.541450 0.0000000e+00
4929     209.752192    1458.749450 0.0000000e+00
4930     207.377525    1462.893720 0.0000000e+00
4931     204.972949    1467.008700 0.0000000e+00
4932     202.564853    1471.027820 0.0000000e+00
4933     200.711041    1474.732110 0.0000000e+00
4934     198.298291    1478.132610 0.0000000e+00
4935     195.650882    1481.945760 0.0000000e+00
4936     192.591614    1486.354980 0.0000000e+00
4937     188.901723    1489.577890 0.0000000e+00
4938     184.988023    1492.633650 0.0000000e+00
4939     181.305802    1495.115250 0.0000000e+00
4940     180.070584    1491.291320 0.0000000e+00
4941     179.980789    1486.830910 0.0000000e+00
4942     179.892140    1482.300940 0.0000000e+00
4943     179.985361    1478.049430 0.0000000e+00
4944     179.891410    1473.632100 0.0000000e+00
4945     179.863525    1469.190530 0.0000000e+00
4946     179.883593    1464.824800 0.0000000e+00
4947     179.843545    1460.405940 0.0000000e+00
4948     179.842135    1456.004320 0.0000000e+00
4949     179.810971    1451.602160 0.0000000e+00
4950     179.766472    1447.186700 0.0000000e+00
4951     179.728445    1442.781570 0.0000000e+00
4952     179.746065    1438.388900 0.0000000e+00
4953     179.790115    1433.985610 0.0000000e+00
4954     179.794922    1429.586240 0.0000000e+00
4955     179.797005    1425.187890 0.0000000e+00
4956     179.799146    1420.791270 0.0000000e+00
4957     179.798080    1416.393160 0.0000000e+00
4958     179.796762    1411.997070 0.0000000e+00
4959     179.795945    1407.598600 0.0000000e+00
4960     179.800258    1403.196250 0.0000000e+00
4961     179.817852    1398.798820 0.0000000e+00
4962     179.805936    1394.480200 0.0000000e+00
4963     179.222294    1390.590990 0.0000000e+00
4964     179.800669    1386.798910 0.0000000e+00
4965     179.811427    1382.515950 0.0000000e+00
4966     179.796755    1378.134290 0.0000000e+00
4967     179.737901    1373.755060 0.0000000e+00
4968     179.723619    1369.346350 0.0000000e+00
4969     179.751404    1364.930000 0.0000000e+00
4970     179.797668    1360.567290 0.0000000e+00
4971     179.803335    1356.185620 0.0000000e+00
4972     179.803462    1351.792730 0.0000000e+00
4973     179.803526    1347.396140 0.0000000e+00
4974     179.803758    1342.998750 0.0000000e+00
4975     179.803968    1338.601370 0.0000000e+00
4976     179.804043    1334.204230 0.0000000e+00
4977     179.803731    1329.806910 0.0000000e+00
4978     179.803264    1325.409430 0.0000000e+00
4979     179.802758    1321.011850 0.0000000e+00
4980     179.802248    1316.614220 0.0000000e+00
4981     179.801741    1312.216550 0.0000000e+00
4982     179.801241    1307.818860 0.0000000e+00
4983     179.800398    1303.420740 0.0000000e+00
4984     179.794841    1299.020110 0.0000000e+00
4985     179.790582    1294.622910 0.0000000e+00
4986     179.790535    1290.228250 0.0000000e+00
4987     179.793179    1285.832250 0.0000000e+00
4988     179.797153    1281.432420 0.0000000e+00
4989     179.797457    1277.033890 0.0000000e+00
4990     179.797397    1272.635620 0.0000000e+00
4991     179.797003    1268.237580 0.0000000e+00
4992     179.796552    1263.839600 0.0000000e+00
4993     179.796072    1259.441620 0.0000000e+00
4994     179.795573    1255.043630 0.0000000e+00
4995     179.795057    1250.645610 0.0000000e+00
4996     179.794521    1246.247580 0.0000000e+00
4997     179.793967    1241.849540 0.0000000e+00
4998     179.793391    1237.451480 0.0000000e+00
4999     179.792805    1233.053390 0.0000000e+00
5000     179.792378    1228.655010 0.0000000e+00
5001     179.793083    1224.255860 0.0000000e+00
5002     179.796208    1219.860680 0.0000000e+00
5003     179.785323    1215.501150 0.0000000e+00
5004     179.599020    1211.242300 0.0000000e+00
5005     179.578300    1206.815690 0.0000000e+00
5006     179.770580    1202.525060 0.0000000e+00
5007     179.782488    1198.159600 0.0000000e+00
5008     179.777378    1193.767820 0.0000000e+00
5009     179.773048    1189.369880 0.0000000e+00
5010     179.769383    1184.970850 0.0000000e+00
5011     179.765865    1180.571640 0.0000000e+00
5012     179.762318    1176.172350 0.0000000e+00
5013     179.758688    1171.772970 0.0000000e+00
5014     179.754957    1167.373510 0.0000000e+00
5015     179.751117    1162.973970 0.0000000e+00
5016     179.747163    1158.574360 0.0000000e+00
5017     179.743106    1154.174230 0.0000000e+00
5018     179.739118    1149.768380 0.0000000e+00
5019     179.735217    1145.329630 0.0000000e+00
5020     179.696050    1140.766170 0.0000000e+00
5021     179.261958    1135.863310 0.0000000e+00
5022     179.720043    1130.919690 0.0000000e+00
5023     179.765651    1126.344990 0.0000000e+00
5024     179.769483    1121.895780 0.0000000e+00
5025     179.772003    1117.483550 0.0000000e+00
5026     179.774491    1113.081260 0.0000000e+00
5027     179.776942    1108.681430 0.0000000e+00
5028     179.779338    1104.282210 0.0000000e+00
5029     179.781674    1099.883190 0.0000000e+00
5030     179.783954    1095.484280 0.0000000e+00
5031     179.786181    1091.085460 0.0000000e+00
5032     179.788362    1086.686750 0.0000000e+00
5033     179.790126    1082.287470 0.0000000e+00
5034     179.787229    1077.882590 0.0000000e+00
5035     179.756702    1073.463350 0.0000000e+00
5036     179.739808    1069.072020 0.0000000e+00
5037     179.755067    1064.687260 0.0000000e+00
5038     179.787136    1060.279420 0.0000000e+00
5039     179.791431    1055.878540 0.0000000e+00
5040     179.794402    1051.479730 0.0000000e+00
5041     179.797146    1047.081550 0.0000000e+00
5042     179.800062    1042.683520 0.0000000e+00
5043     179.803440    1038.285550 0.0000000e+00
5044     179.807074    1033.888970 0.0000000e+00
5045     179.804538    1029.502110 0.0000000e+00
5046     179.756325    1025.140550 0.0000000e+00
5047     179.728955    1020.730700 0.0000000e+00
5048     179.737341    1016.324190 0.0000000e+00
5049     179.799803    1011.945750 0.0000000e+00
5050     179.792117    1007.622970 0.0000000e+00
5051     179.215618    1003.721050 0.0000000e+00
5052     179.800926     999.935573 0.0000000e+00
5053     179.820239     995.664152 0.0000000e+00
5054     179.810834     991.285544 0.0000000e+00
5055     179.806824     986.888642 0.0000000e+00
5056     179.802586     982.491582 0.0000000e+00
5057     179.799523     978.093920 0.0000000e+00
5058     179.799629     973.694879 0.0000000e+00
5059     179.800272     969.296489 0.0000000e+00
5060     179.801409     964.899195 0.0000000e+00
5061     179.802848     960.503145 0.0000000e+00
5062     179.803375     956.106050 0.0000000e+00
5063     179.803823     951.708652 0.0000000e+00
5064     179.804041     947.311011 0.0000000e+00
5065     179.804391     942.913931 0.0000000e+00
5066     179.804158     938.516709 0.0000000e+00
5067     179.803301     934.118841 0.0000000e+00
5068     179.797383     929.718038 0.0000000e+00
5069     179.793075     925.321203 0.0000000e+00
5070     179.793061     920.926813 0.0000000e+00
5071     179.795752     916.530808 0.0000000e+00
5072     179.799624     912.131094 0.0000000e+00
5073     179.799843     907.732470 0.0000000e+00
5074     179.799436     903.334384 0.0000000e+00
5075     179.798911     898.936448 0.0000000e+00
5076     179.798355     894.538533 0.0000000e+00
5077     179.797786     890.140604 0.0000000e+00
5078     179.797206     885.742651 0.0000000e+00
5079     179.796613     881.344673 0.0000000e+00
5080     179.796006     876.946672 0.0000000e+00
5081     179.795383     872.548648 0.0000000e+00
5082     179.794743     868.150603 0.0000000e+00
5083     179.794083     863.752539 0.0000000e+00
5084     179.793403     859.354457 0.0000000e+00
5085     179.792700     854.956359 0.0000000e+00
5086     179.791974     850.558248 0.0000000e+00
5087     179.791223     846.160125 0.0000000e+00
5088     179.790453     841.761970 0.0000000e+00
5089     179.789833     837.363521 0.0000000e+00
5090     179.790327     832.964263 0.0000000e+00
5091     179.793068     828.569303 0.0000000e+00
5092     179.781667     824.211836 0.0000000e+00
5093     179.595052     819.958151 0.0000000e+00
5094     179.571868     815.530926 0.0000000e+00
5095     179.762748     811.234968 0.0000000e+00
5096     179.773967     806.867030 0.0000000e+00
5097     179.768418     802.474312 0.0000000e+00
5098     179.763762     798.075966 0.0000000e+00
5099     179.759768     793.676665 0.0000000e+00
5100     179.755897     789.277220 0.0000000e+00
5101     179.751976     784.877710 0.0000000e+00
5102     179.747952     780.478134 0.0000000e+00
5103     179.743830     776.078027 0.0000000e+00
5104     179.739789     771.672146 0.0000000e+00
5105     179.735850     767.232908 0.0000000e+00
5106     179.696505     762.666949 0.0000000e+00
5107     179.261672     757.757017 0.0000000e+00
5108     179.718992     752.819940 0.0000000e+00
5109     179.764410     748.247669 0.0000000e+00
5110     179.768190     743.799241 0.0000000e+00
5111     179.770649     739.387235 0.0000000e+00
5112     179.773058     734.984988 0.0000000e+00
5113     179.775422     730.585152 0.0000000e+00
5114     179.777725     726.185905 0.0000000e+00
5115     179.779964     721.786840 0.0000000e+00
5116     179.782141     717.387881 0.0000000e+00
5117     179.784260     712.989016 0.0000000e+00
5118     179.785946     708.589530 0.0000000e+00
5119     179.782941     704.184259 0.0000000e+00
5120     179.752600     699.764434 0.0000000e+00
5121     179.735029     695.372847 0.0000000e+00
5122     179.750097     690.987767 0.0000000e+00
5123     179.783064     686.580705 0.0000000e+00
5124     179.782561     682.188059 0.0000000e+00
5125     179.733699     677.820441 0.0000000e+00
5126     179.711879     673.408084 0.0000000e+00
5127     179.730444     668.997288 0.0000000e+00
5128     179.784266     664.627764 0.0000000e+00
5129     179.791197     660.240482 0.0000000e+00
5130     179.792514     655.845277 0.0000000e+00
5131     179.793723     651.447965 0.0000000e+00
5132     179.795018     647.050258 0.0000000e+00
5133     179.796359     642.652496 0.0000000e+00
5134     179.798267     638.253957 0.0000000e+00
5135     179.804395     633.852494 0.0000000e+00
5136     179.822830     629.455591 0.0000000e+00
5137     179.810641     625.132894 0.0000000e+00
5138     179.228883     621.228950 0.0000000e+00
5139     179.807368     617.445784 0.0000000e+00
5140     179.817818     613.166758 0.0000000e+00
5141     179.806545     608.784059 0.0000000e+00
5142     179.802589     604.385499 0.0000000e+00
5143     179.801846     599.986720 0.0000000e+00
5144     179.801782     595.588916 0.0000000e+00
5145     179.801234     591.191754 0.0000000e+00
5146     179.800343     586.794563 0.0000000e+00
5147     179.799714     582.397082 0.0000000e+00
5148     179.799660     577.999308 0.0000000e+00
5149     179.800085     573.601299 0.0000000e+00
5150     179.800954     569.203626 0.0000000e+00
5151     179.800036     564.807280 0.0000000e+00
5152     179.781305     560.413118 0.0000000e+00
5153     179.770208     556.015897 0.0000000e+00
5154     179.767292     551.617256 0.0000000e+00
5155     179.775915     547.218475 0.0000000e+00
5156     179.790980     542.824536 0.0000000e+00
5157     179.794018     538.427472 0.0000000e+00
5158     179.796111     534.028730 0.0000000e+00
5159     179.799878     529.632858 0.0000000e+00
5160     179.800857     525.236421 0.0000000e+00
5161     179.800624     520.839127 0.0000000e+00
5162     179.800084     516.441417 0.0000000e+00
5163     179.799667     512.043412 0.0000000e+00
5164     179.799290     507.645407 0.0000000e+00
5165     179.798712     503.247571 0.0000000e+00
5166     179.798070     498.849654 0.0000000e+00
5167     179.797397     494.451572 0.0000000e+00
5168     179.796917     490.053298 0.0000000e+00
5169     179.796758     485.654882 0.0000000e+00
5170     179.797376     481.256119 0.0000000e+00
5171     179.798115     476.857647 0.0000000e+00
5172     179.800775     472.458021 0.0000000e+00
5173     179.801491     468.060668 0.0000000e+00
5174     179.803833     463.661474 0.0000000e+00
5175     179.803372     459.263719 0.0000000e+00
5176     179.805858     454.862071 0.0000000e+00
5177     179.811121     450.460391 0.0000000e+00
5178     179.823289     446.059103 0.0000000e+00
5179     179.809182     441.683135 0.0000000e+00
5180     179.810536     437.301153 0.0000000e+00
5181     179.667046     433.034959 0.0000000e+00
5182     179.632782     428.668445 0.0000000e+00
5183     179.824390     424.298789 0.0000000e+00
5184     180.001264     419.751861 0.0000000e+00
5185     180.138225     415.226966 0.0000000e+00
5186     179.210147     410.531423 0.0000000e+00
5187     180.758675     406.320817 0.0000000e+00
5188     185.355648     406.920976 0.0000000e+00
5189     188.693608     410.123221 0.0000000e+00
5190     191.990716     413.429458 0.0000000e+00
5191     194.663690     417.088664 0.0000000e+00
5192     197.324215     420.897423 0.0000000e+00
5193     199.904785     424.746973 0.0000000e+00
5194     202.421582     428.679639 0.0000000e+00
5195     204.886176     432.728906 0.0000000e+00
5196     207.235536     436.826940 0.0000000e+00
5197     209.664718     432.665739 0.0000000e+00
5198     212.075392     436.813246 0.0000000e+00
5199     214.468300     441.012147 0.0000000e+00
5200     216.839787     445.258952 0.0000000e+00
5201     219.200294     449.555520 0.0000000e+00
5202     221.566724     453.899623 0.0000000e+00
5203     223.916299     458.279550 0.0000000e+00
5204     226.028092     462.733347 0.0000000e+00
5205     228.502245     467.332248 0.0000000e+00
5206     231.222440     471.764025 0.0000000e+00
5207     233.920120     476.562296 0.0000000e+00
5208     236.787478     481.667320 0.0000000e+00
5209     239.549896     487.454500 0.0000000e+00
5210     243.268508     492.990409 0.0000000e+00
5211     246.637644     498.535861 0.0000000e+00
5212     250.147311     504.104188 0.0000000e+00
5213     253.807568     509.772378 0.0000000e+00
5214     257.228612     515.617838 0.0000000e+00
5215     261.230938     521.708990 0.0000000e+00
5216     265.588355     527.466795 0.0000000e+00
5217     268.550946     533.605503 0.0000000e+00
5218     273.533298     538.570033 0.0000000e+00
5219     278.509540     545.067229 0.0000000e+00
5220     283.932799     551.964716 0.0000000e+00
5221     289.891310     559.304771 0.0000000e+00
5222     295.954983     567.863230 0.0000000e+00
5223     303.773643     575.518903 0.0000000e+00
5224     311.318149     583.554389 0.0000000e+00
5225     319.070622     591.104806 0.0000000e+00
5226     327.527911     598.622178 0.0000000e+00
5227     336.330153     606.281214 0.0000000e+00
5228     345.687370     613.933196 0.0000000e+00
5229     355.671792     621.521856 0.0000000e+00
5230     366.228196     628.984006 0.0000000e+00
5231     376.882578     636.633207 0.0000000e+00
5232     389.063913     644.048845 0.0000000e+00
5233     401.996494     650.592942 0.0000000e+00
5234     415.077289     658.323987 0.0000000e+00
5235     426.437766     668.177670 0.0000000e+00
5236     425.939157     683.989302 0.0000000e+00
5237     426.221154     699.508416 0.0000000e+00
5238     426.359135     715.074520 0.0000000e+00
5239     426.370278     730.671780 0.0000000e+00
5240     426.198362     746.254604 0.0000000e+00
5241     426.200170     761.718521 0.0000000e+00
5242     426.278032     776.798362 0.0000000e+00
5243     424.311002     790.277822 0.0000000e+00
5244     426.456647     803.954020 0.0000000e+00
5245     426.554847     819.154865 0.0000000e+00
5246     426.503013     834.632054 0.0000000e+00
5247     426.479213     850.152232 0.0000000e+00
5248     426.462768     865.676871 0.0000000e+00
5249     426.446632     881.202590 0.0000000e+00
5250     426.429424     896.729625 0.0000000e+00
5251     426.410942     912.259489 0.0000000e+00
5252     426.391982     927.810841 0.0000000e+00
5253     426.356953     943.478550 0.0000000e+00
5254     426.281823     959.598148 0.0000000e+00
5255     425.170342     976.665110 0.0000000e+00
5256     426.353038     993.609757 0.0000000e+00
5257     426.436412    1009.561260 0.0000000e+00
5258     426.402845    1025.229530 0.0000000e+00
5259     426.320502    1040.937410 0.0000000e+00
5260     425.899936    1056.903800 0.0000000e+00
5261     425.659348    1072.607530 0.0000000e+00
5262     426.002789    1088.290850 0.0000000e+00
5263     426.085195    1103.819590 0.0000000e+00
5264     426.261281    1119.393060 0.0000000e+00
5265     426.296151    1134.939310 0.0000000e+00
5266     426.316553    1150.476840 0.0000000e+00
5267     426.333351    1166.009820 0.0000000e+00
5268     426.349142    1181.520060 0.0000000e+00
5269     426.391750    1196.908250 0.0000000e+00
5270     426.698416    1211.920340 0.0000000e+00
5271     427.768601    1226.199840 0.0000000e+00
5272     420.962990    1239.048200 0.0000000e+00
5273     406.924618    1246.956340 0.0000000e+00
5274     393.561481    1254.201970 0.0000000e+00
5275     381.013209    1261.368840 0.0000000e+00
5276     369.353514    1268.717140 0.0000000e+00
5277     358.499631    1276.229220 0.0000000e+00
5278     348.396283    1283.823590 0.0000000e+00
5279     339.004719    1291.275770 0.0000000e+00
5280     330.069594    1298.282220 0.0000000e+00
5281     321.579959    1305.960280 0.0000000e+00
5282     314.411326    1313.587400 0.0000000e+00
5283     307.175460    1319.134640 0.0000000e+00
5284     302.114919    1326.747720 0.0000000e+00
5285     295.374411    1334.266670 0.0000000e+00
5286     287.762241    1341.740470 0.0000000e+00
5287     282.329169    1349.921170 0.0000000e+00
5288     276.920988    1357.006140 0.0000000e+00
5289     271.891917    1363.704740 0.0000000e+00
5290     267.210206    1370.203870 0.0000000e+00
5291     262.819700    1376.530240 0.0000000e+00
5292     258.677998    1382.681190 0.0000000e+00
5293     254.783047    1388.645360 0.0000000e+00
5294     251.089106    1394.439420 0.0000000e+00
5295     247.549515    1400.065460 0.0000000e+00
5296     244.229417    1405.529870 0.0000000e+00
5297     241.115874    1410.847400 0.0000000e+00
5298     238.158282    1415.945420 0.0000000e+00
5299     235.268336    1420.559650 0.0000000e+00
5300     232.142809    1424.340680 0.0000000e+00
5301     230.383949    1429.294020 0.0000000e+00
5302     227.427493    1434.279400 0.0000000e+00
5303     225.123954    1439.286880 0.0000000e+00
5304     222.769933    1443.941650 0.0000000e+00
5305     220.359616    1448.384720 0.0000000e+00
5306     217.958182    1452.736670 0.0000000e+00
5307     215.553662    1457.028850 0.0000000e+00
5308     213.143758    1461.263600 0.0000000e+00
5309     210.716050    1465.447520 0.0000000e+00
5310     208.277883    1469.563360 0.0000000e+00
5311     205.949444    1473.570690 0.0000000e+00
5312     203.564682    1477.581640 0.0000000e+00
5313     200.928893    1481.465910 0.0000000e+00
5314     198.166032    1485.191860 0.0000000e+00
5315     196.024552    1488.869690 0.0000000e+00
5316     192.699666    1492.280540 0.0000000e+00
5317     188.832740    1495.047490 0.0000000e+00
5318     184.749990    1497.406420 0.0000000e+00
5319     180.306866    1499.051810 0.0000000e+00
5320     176.174517    1500.205060 0.0000000e+00
5321     176.860353    1495.710600 0.0000000e+00
5322     175.783590    1491.791120 0.0000000e+00
5323     176.149554    1487.924630 0.0000000e+00
5324     176.109154    1483.693630 0.0000000e+00
5325     176.081407    1479.345300 0.0000000e+00
5326     176.091716    1475.032600 0.0000000e+00
5327     176.068383    1470.679800 0.0000000e+00
5328     176.058881    1466.321890 0.0000000e+00
5329     176.058493    1461.980200 0.0000000e+00
5330     176.048730    1457.626950 0.0000000e+00
5331     176.039704    1453.272440 0.0000000e+00
5332     176.012065    1448.883050 0.0000000e+00
5333     175.883236    1444.421110 0.0000000e+00
5334     175.861863    1440.050280 0.0000000e+00
5335     175.987196    1435.655080 0.0000000e+00
5336     176.002641    1431.296610 0.0000000e+00
5337     176.006792    1426.945680 0.0000000e+00
5338     176.009660    1422.596400 0.0000000e+00
5339     176.012045    1418.247830 0.0000000e+00
5340     176.013498    1413.899110 0.0000000e+00
5341     176.015301    1409.550370 0.0000000e+00
5342     176.018352    1405.200990 0.0000000e+00
5343     176.024591    1400.853210 0.0000000e+00
5344     176.016907    1396.525970 0.0000000e+00
5345     175.822069    1392.272730 0.0000000e+00
5346     175.848921    1387.895630 0.0000000e+00
5347     176.027379    1383.694240 0.0000000e+00
5348     176.038837    1379.399750 0.0000000e+00
5349     176.023286    1375.070330 0.0000000e+00
5350     176.013690    1370.723740 0.0000000e+00
5351     176.017421    1366.370840 0.0000000e+00
5352     176.025864    1362.020210 0.0000000e+00
5353     176.036396    1357.680670 0.0000000e+00
5354     176.038211    1353.337320 0.0000000e+00
5355     176.038174    1348.991330 0.0000000e+00
5356     176.037864    1344.644370 0.0000000e+00
5357     176.037497    1340.297140 0.0000000e+00
5358     176.037096    1335.949860 0.0000000e+00
5359     176.036644    1331.602580 0.0000000e+00
5360     176.036111    1327.255240 0.0000000e+00
5361     176.035540    1322.907850 0.0000000e+00
5362     176.034958    1318.560410 0.0000000e+00
5363     176.034370    1314.212940 0.0000000e+00
5364     176.033779    1309.865440 0.0000000e+00
5365     176.032927    1305.517490 0.0000000e+00
5366     176.028375    1301.165630 0.0000000e+00
5367     175.994901    1296.801720 0.0000000e+00
5368     175.974633    1292.459150 0.0000000e+00
5369     175.988509    1288.123320 0.0000000e+00
5370     176.019407    1283.763660 0.0000000e+00
5371     176.025594    1279.412720 0.0000000e+00
5372     176.030054    1275.061590 0.0000000e+00
5373     176.030589    1270.712980 0.0000000e+00
5374     176.030849    1266.365070 0.0000000e+00
5375     176.031025    1262.017340 0.0000000e+00
5376     176.031175    1257.669670 0.0000000e+00
5377     176.031309    1253.322000 0.0000000e+00
5378     176.031429    1248.974340 0.0000000e+00
5379     176.031536    1244.626680 0.0000000e+00
5380     176.031631    1240.279010 0.0000000e+00
5381     176.031717    1235.931350 0.0000000e+00
5382     176.031843    1231.583620 0.0000000e+00
5383     176.032243    1227.235700 0.0000000e+00
5384     176.032942    1222.888880 0.0000000e+00
5385     176.028433    1218.552200 0.0000000e+00
5386     175.982408    1214.241460 0.0000000e+00
5387     175.951526    1209.880830 0.0000000e+00
5388     175.962297    1205.521580 0.0000000e+00
5389     176.016468    1201.193260 0.0000000e+00
5390     176.020766    1196.851660 0.0000000e+00
5391     176.019101    1192.505070 0.0000000e+00
5392     176.017376    1188.157300 0.0000000e+00
5393     176.015723    1183.809310 0.0000000e+00
5394     176.014075    1179.461290 0.0000000e+00
5395     176.012398    1175.113280 0.0000000e+00
5396     176.010679    1170.765280 0.0000000e+00
5397     176.008918    1166.417300 0.0000000e+00
5398     176.007111    1162.069350 0.0000000e+00
5399     176.004916    1157.721240 0.0000000e+00
5400     176.003318    1153.371320 0.0000000e+00
5401     176.005805    1149.010000 0.0000000e+00
5402     176.019129    1144.620740 0.0000000e+00
5403     175.989205    1140.227610 0.0000000e+00
5404     175.184378    1136.081740 0.0000000e+00
5405     176.009554    1131.792480 0.0000000e+00
5406     176.048597    1127.379400 0.0000000e+00
5407     176.036193    1122.994080 0.0000000e+00
5408     176.031627    1118.631560 0.0000000e+00
5409     176.030604    1114.279320 0.0000000e+00
5410     176.030433    1109.930540 0.0000000e+00
5411     176.030441    1105.582730 0.0000000e+00
5412     176.030474    1101.235160 0.0000000e+00
5413     176.030502    1096.887610 0.0000000e+00
5414     176.030518    1092.540070 0.0000000e+00
5415     176.030522    1088.192510 0.0000000e+00
5416     176.030340    1083.844290 0.0000000e+00
5417     176.027800    1079.488870 0.0000000e+00
5418     176.007313    1075.100010 0.0000000e+00
5419     175.883952    1070.637380 0.0000000e+00
5420     175.865206    1066.270860 0.0000000e+00
5421     175.989054    1061.879210 0.0000000e+00
5422     176.001872    1057.520140 0.0000000e+00
5423     176.005871    1053.168890 0.0000000e+00
5424     176.008997    1048.819490 0.0000000e+00
5425     176.011909    1044.470530 0.0000000e+00
5426     176.014848    1040.121680 0.0000000e+00
5427     176.017776    1035.773070 0.0000000e+00
5428     176.018835    1031.426190 0.0000000e+00
5429     176.008272    1027.084860 0.0000000e+00
5430     176.001558    1022.736750 0.0000000e+00
5431     175.999272    1018.382350 0.0000000e+00
5432     176.011764    1014.031120 0.0000000e+00
5433     176.015460    1009.710070 0.0000000e+00
5434     175.823872    1005.460060 0.0000000e+00
5435     175.847497    1001.082780 0.0000000e+00
5436     176.029956     996.880140 0.0000000e+00
5437     176.044663     992.586016 0.0000000e+00
5438     176.043389     988.252774 0.0000000e+00
5439     176.041351     983.908747 0.0000000e+00
5440     176.039619     979.562162 0.0000000e+00
5441     176.038753     975.214781 0.0000000e+00
5442     176.038227     970.867360 0.0000000e+00
5443     176.037841     966.519974 0.0000000e+00
5444     176.037611     962.172759 0.0000000e+00
5445     176.037458     957.825711 0.0000000e+00
5446     176.037079     953.478496 0.0000000e+00
5447     176.036666     949.131205 0.0000000e+00
5448     176.036147     944.783838 0.0000000e+00
5449     176.035639     940.436550 0.0000000e+00
5450     176.034726     936.088738 0.0000000e+00
5451     176.029691     931.736411 0.0000000e+00
5452     175.991918     927.369720 0.0000000e+00
5453     175.973346     923.030262 0.0000000e+00
5454     175.990755     918.696104 0.0000000e+00
5455     176.022771     914.336691 0.0000000e+00
5456     176.029838     909.982304 0.0000000e+00
5457     176.030728     905.632672 0.0000000e+00
5458     176.030948     901.284474 0.0000000e+00
5459     176.031016     896.936672 0.0000000e+00
5460     176.031049     892.588961 0.0000000e+00
5461     176.031065     888.241264 0.0000000e+00
5462     176.031064     883.893562 0.0000000e+00
5463     176.031048     879.545852 0.0000000e+00
5464     176.031016     875.198134 0.0000000e+00
5465     176.030969     870.850410 0.0000000e+00
5466     176.030907     866.502679 0.0000000e+00
5467     176.030829     862.154943 0.0000000e+00
5468     176.030736     857.807203 0.0000000e+00
5469     176.030629     853.459459 0.0000000e+00
5470     176.030507     849.111712 0.0000000e+00
5471     176.030373     844.763959 0.0000000e+00
5472     176.030276     840.416133 0.0000000e+00
5473     176.030446     836.068107 0.0000000e+00
5474     176.030856     831.721299 0.0000000e+00
5475     176.025940     827.385210 0.0000000e+00
5476     175.979882     823.075688 0.0000000e+00
5477     175.947137     818.714875 0.0000000e+00
5478     175.956955     814.355716 0.0000000e+00
5479     176.010564     810.025414 0.0000000e+00
5480     176.014182     805.682819 0.0000000e+00
5481     176.012079     801.335854 0.0000000e+00
5482     176.009614     796.987855 0.0000000e+00
5483     176.007286     792.639816 0.0000000e+00
5484     176.005241     788.291821 0.0000000e+00
5485     176.003377     783.943879 0.0000000e+00
5486     176.001590     779.595834 0.0000000e+00
5487     176.000324     775.245574 0.0000000e+00
5488     176.002689     770.883914 0.0000000e+00
5489     176.015746     766.494025 0.0000000e+00
5490     175.985525     762.099987 0.0000000e+00
5491     175.183552     757.954187 0.0000000e+00
5492     176.010772     753.665691 0.0000000e+00
5493     176.050043     749.253394 0.0000000e+00
5494     176.037592     744.868621 0.0000000e+00
5495     176.032888     740.506412 0.0000000e+00
5496     176.031681     736.154352 0.0000000e+00
5497     176.031314     731.805697 0.0000000e+00
5498     176.031123     727.457990 0.0000000e+00
5499     176.030959     723.110502 0.0000000e+00
5500     176.030792     718.763046 0.0000000e+00
5501     176.030614     714.415579 0.0000000e+00
5502     176.030252     710.067428 0.0000000e+00
5503     176.027514     705.711908 0.0000000e+00
5504     176.006830     701.322395 0.0000000e+00
5505     175.884295     696.858975 0.0000000e+00
5506     175.864345     692.492698 0.0000000e+00
5507     175.988184     688.102508 0.0000000e+00
5508     175.999318     683.745345 0.0000000e+00
5509     175.989812     679.400294 0.0000000e+00
5510     175.984335     675.050907 0.0000000e+00
5511     175.985581     670.695338 0.0000000e+00
5512     175.996664     666.342594 0.0000000e+00
5513     176.010703     662.001580 0.0000000e+00
5514     176.014499     657.656298 0.0000000e+00
5515     176.016627     653.308675 0.0000000e+00
5516     176.018546     648.960385 0.0000000e+00
5517     176.020402     644.611969 0.0000000e+00
5518     176.022382     640.263443 0.0000000e+00
5519     176.025520     635.914483 0.0000000e+00
5520     176.031713     631.567362 0.0000000e+00
5521     176.024419     627.241717 0.0000000e+00
5522     175.831641     622.991506 0.0000000e+00
5523     175.850859     618.614323 0.0000000e+00
5524     176.031951     614.410845 0.0000000e+00
5525     176.044596     610.114745 0.0000000e+00
5526     176.042660     605.780457 0.0000000e+00
5527     176.041116     601.435813 0.0000000e+00
5528     176.040176     597.089062 0.0000000e+00
5529     176.039329     592.742043 0.0000000e+00
5530     176.038419     588.394985 0.0000000e+00
5531     176.037537     584.047824 0.0000000e+00
5532     176.036792     579.700558 0.0000000e+00
5533     176.036218     575.353217 0.0000000e+00
5534     176.035751     571.005832 0.0000000e+00
5535     176.034753     566.658288 0.0000000e+00
5536     176.026898     562.307453 0.0000000e+00
5537     175.985597     557.939750 0.0000000e+00
5538     175.966389     553.601941 0.0000000e+00
5539     175.983962     549.267679 0.0000000e+00
5540     176.021009     544.904091 0.0000000e+00
5541     176.027639     540.552134 0.0000000e+00
5542     176.029501     536.203192 0.0000000e+00
5543     176.030364     531.855076 0.0000000e+00
5544     176.031422     527.507826 0.0000000e+00
5545     176.031727     523.160454 0.0000000e+00
5546     176.031733     518.812891 0.0000000e+00
5547     176.031682     514.465200 0.0000000e+00
5548     176.031623     510.117464 0.0000000e+00
5549     176.031511     505.769746 0.0000000e+00
5550     176.031368     501.422008 0.0000000e+00
5551     176.031204     497.074240 0.0000000e+00
5552     176.031047     492.726416 0.0000000e+00
5553     176.030960     488.378533 0.0000000e+00
5554     176.031041     484.030557 0.0000000e+00
5555     176.031221     479.682596 0.0000000e+00
5556     176.031828     475.334383 0.0000000e+00
5557     176.032236     470.986599 0.0000000e+00
5558     176.032862     466.638501 0.0000000e+00
5559     176.033129     462.290784 0.0000000e+00
5560     176.033759     457.942203 0.0000000e+00
5561     176.035140     453.593268 0.0000000e+00
5562     176.038139     449.244491 0.0000000e+00
5563     176.036053     444.901736 0.0000000e+00
5564     176.033013     440.560224 0.0000000e+00
5565     175.995321     436.245837 0.0000000e+00
5566     175.961568     431.894076 0.0000000e+00
5567     175.982772     427.520748 0.0000000e+00
5568     176.078588     423.147075 0.0000000e+00
5569     176.152250     418.812847 0.0000000e+00
5570     176.082868     414.620725 0.0000000e+00
5571     175.489474     410.585599 0.0000000e+00
5572     176.217018     406.000647 0.0000000e+00
5573     177.436214     401.211368 0.0000000e+00
5574     182.519139     402.297444 0.0000000e+00
5575     187.162413     402.853002 0.0000000e+00
5576     190.491386     406.184042 0.0000000e+00
5577     193.763135     409.401299 0.0000000e+00
5578     196.766104     412.967807 0.0000000e+00
5579     199.476343     416.738916 0.0000000e+00
5580     202.115424     420.602761 0.0000000e+00
5581     204.690615     424.546653 0.0000000e+00
5582     207.202716     428.572029 0.0000000e+00
5583     209.507961     424.361476 0.0000000e+00
5584     212.042300     428.449971 0.0000000e+00
5585     214.537797     432.603924 0.0000000e+00
5586     217.006789     436.814993 0.0000000e+00
5587     219.466891     441.080764 0.0000000e+00
5588     221.912111     445.402181 0.0000000e+00
5589     224.316351     449.790341 0.0000000e+00
5590     226.832765     454.268752 0.0000000e+00
5591     229.352725     458.735423 0.0000000e+00
5592     230.995529     463.090677 0.0000000e+00
5593     234.046739     466.821183 0.0000000e+00
5594     236.895947     471.587685 0.0000000e+00
5595     239.902657     476.666936 0.0000000e+00
5596     242.985963     482.053717 0.0000000e+00
5597     246.329526     487.428732 0.0000000e+00
5598     250.065983     492.960204 0.0000000e+00
5599     253.868950     498.657797 0.0000000e+00
5600     257.867350     504.469283 0.0000000e+00
5601     261.907998     510.298956 0.0000000e+00
5602     264.688264     516.146687 0.0000000e+00
5603     269.629512     521.419039 0.0000000e+00
5604     274.448989     528.849853 0.0000000e+00
5605     280.609664     535.699014 0.0000000e+00
5606     286.471489     542.640884 0.0000000e+00
5607     292.589731     549.800634 0.0000000e+00
5608     298.978618     557.343905 0.0000000e+00
5609     305.337796     564.907117 0.0000000e+00
5610     313.044240     572.427260 0.0000000e+00
5611     321.026200     579.412618 0.0000000e+00
5612     329.342289     586.868023 0.0000000e+00
5613     338.293093     594.417207 0.0000000e+00
5614     347.838454     601.994788 0.0000000e+00
5615     358.063166     609.497171 0.0000000e+00
5616     369.000599     616.814403 0.0000000e+00
5617     380.317595     623.822127 0.0000000e+00
5618     389.825369     631.567371 0.0000000e+00
5619     402.401542     636.040764 0.0000000e+00
5620     416.044161     643.130923 0.0000000e+00
5621     430.724956     650.925788 0.0000000e+00
5622     440.037533     662.350376 0.0000000e+00
5623     439.871310     677.450320 0.0000000e+00
5624     439.980117     692.954816 0.0000000e+00
5625     440.066655     708.708133 0.0000000e+00
5626     440.081446     724.525780 0.0000000e+00
5627     440.034991     740.383254 0.0000000e+00
5628     439.997868     756.340429 0.0000000e+00
5629     439.957858     772.741232 0.0000000e+00
5630     438.862309     790.198316 0.0000000e+00
5631     440.088191     807.373671 0.0000000e+00
5632     440.168899     823.609630 0.0000000e+00
5633     440.150324     839.524615 0.0000000e+00
5634     440.139962     855.352595 0.0000000e+00
5635     440.131199     871.159679 0.0000000e+00
5636     440.122357     886.962616 0.0000000e+00
5637     440.113040     902.765438 0.0000000e+00
5638     440.101933     918.572431 0.0000000e+00
5639     440.070830     934.397106 0.0000000e+00
5640     439.807693     950.268831 0.0000000e+00
5641     439.369619     966.493576 0.0000000e+00
5642     439.394746     982.437142 0.0000000e+00
5643     439.992517     998.360545 0.0000000e+00
5644     440.046491    1014.217780 0.0000000e+00
5645     440.021614    1030.073010 0.0000000e+00
5646     439.898723    1045.978950 0.0000000e+00
5647     439.777342    1061.808820 0.0000000e+00
5648     439.783566    1077.579810 0.0000000e+00
5649     439.905735    1093.405750 0.0000000e+00
5650     439.953246    1109.210670 0.0000000e+00
5651     440.009332    1125.035240 0.0000000e+00
5652     440.027005    1140.848870 0.0000000e+00
5653     440.040443    1156.658070 0.0000000e+00
5654     440.054256    1172.461530 0.0000000e+00
5655     440.084144    1188.236120 0.0000000e+00
5656     440.218100    1203.908390 0.0000000e+00
5657     440.611698    1219.430890 0.0000000e+00
5658     438.772739    1235.194470 0.0000000e+00
5659     435.181474    1249.051560 0.0000000e+00
5660     420.363521    1254.924210 0.0000000e+00
5661     406.472317    1261.909020 0.0000000e+00
5662     393.120547    1268.719640 0.0000000e+00
5663     380.568368    1275.711460 0.0000000e+00
5664     368.882355    1282.943650 0.0000000e+00
5665     358.013225    1290.372300 0.0000000e+00
5666     347.992909    1297.840180 0.0000000e+00
5667     338.807607    1304.645180 0.0000000e+00
5668     329.926838    1309.847650 0.0000000e+00
5669     323.135102    1318.269260 0.0000000e+00
5670     314.510396    1326.041700 0.0000000e+00
5671     307.024548    1334.622960 0.0000000e+00
5672     299.475839    1342.154300 0.0000000e+00
5673     292.871043    1349.336330 0.0000000e+00
5674     286.956323    1356.709930 0.0000000e+00
5675     281.268666    1363.668320 0.0000000e+00
5676     275.893027    1370.328800 0.0000000e+00
5677     270.869753    1376.912270 0.0000000e+00
5678     266.191895    1383.350830 0.0000000e+00
5679     261.878086    1389.573790 0.0000000e+00
5680     257.717813    1395.595290 0.0000000e+00
5681     253.767688    1401.445500 0.0000000e+00
5682     250.032432    1407.124740 0.0000000e+00
5683     246.500921    1412.640060 0.0000000e+00
5684     243.161757    1417.995410 0.0000000e+00
5685     239.854981    1422.950790 0.0000000e+00
5686     235.868609    1427.167040 0.0000000e+00
5687     233.970356    1432.753360 0.0000000e+00
5688     231.395964    1437.524750 0.0000000e+00
5689     228.831375    1442.240060 0.0000000e+00
5690     226.276450    1446.828500 0.0000000e+00
5691     223.761115    1451.292940 0.0000000e+00
5692     221.283236    1455.679310 0.0000000e+00
5693     218.814713    1459.995870 0.0000000e+00
5694     216.338560    1464.255040 0.0000000e+00
5695     213.856131    1468.455290 0.0000000e+00
5696     211.385169    1472.588380 0.0000000e+00
5697     208.895423    1476.673720 0.0000000e+00
5698     206.320322    1480.705030 0.0000000e+00
5699     203.655914    1484.601870 0.0000000e+00
5700     201.079977    1488.367660 0.0000000e+00
5701     198.255956    1492.044660 0.0000000e+00
5702     195.697406    1495.414440 0.0000000e+00
5703     192.055910    1498.303020 0.0000000e+00
5704     187.694203    1500.301600 0.0000000e+00
5705     183.375343    1502.055390 0.0000000e+00
5706     179.148141    1503.458270 0.0000000e+00
5707     175.249369    1504.674770 0.0000000e+00
5708     171.701068    1505.760530 0.0000000e+00
5709     172.217259    1501.784110 0.0000000e+00
5710     172.585809    1497.658410 0.0000000e+00
5711     172.381345    1493.621280 0.0000000e+00
5712     172.230451    1489.292560 0.0000000e+00
5713     172.344685    1485.097020 0.0000000e+00
5714     172.345231    1480.834220 0.0000000e+00
5715     172.336554    1476.541770 0.0000000e+00
5716     172.335210    1472.252030 0.0000000e+00
5717     172.327516    1467.953620 0.0000000e+00
5718     172.322138    1463.654140 0.0000000e+00
5719     172.319317    1459.356800 0.0000000e+00
5720     172.314527    1455.052310 0.0000000e+00
5721     172.313260    1450.713640 0.0000000e+00
5722     172.293865    1446.245040 0.0000000e+00
5723     171.976788    1441.441180 0.0000000e+00
5724     172.282241    1436.766620 0.0000000e+00
5725     172.306586    1432.349330 0.0000000e+00
5726     172.307269    1428.019120 0.0000000e+00
5727     172.307718    1423.713420 0.0000000e+00
5728     172.308108    1419.413860 0.0000000e+00
5729     172.308337    1415.115710 0.0000000e+00
5730     172.308494    1410.817710 0.0000000e+00
5731     172.309021    1406.519650 0.0000000e+00
5732     172.310394    1402.221740 0.0000000e+00
5733     172.307684    1397.927940 0.0000000e+00
5734     172.253438    1393.651130 0.0000000e+00
5735     172.240419    1389.340500 0.0000000e+00
5736     172.266915    1385.027690 0.0000000e+00
5737     172.311650    1380.764130 0.0000000e+00
5738     172.314171    1376.482920 0.0000000e+00
5739     172.310740    1372.189980 0.0000000e+00
5740     172.309573    1367.892000 0.0000000e+00
5741     172.310498    1363.593230 0.0000000e+00
5742     172.311804    1359.295180 0.0000000e+00
5743     172.313240    1354.999090 0.0000000e+00
5744     172.312822    1350.702240 0.0000000e+00
5745     172.311861    1346.404780 0.0000000e+00
5746     172.310774    1342.107070 0.0000000e+00
5747     172.309640    1337.809250 0.0000000e+00
5748     172.308478    1333.511380 0.0000000e+00
5749     172.307284    1329.213480 0.0000000e+00
5750     172.306054    1324.915530 0.0000000e+00
5751     172.304793    1320.617550 0.0000000e+00
5752     172.303505    1316.319530 0.0000000e+00
5753     172.302188    1312.021480 0.0000000e+00
5754     172.300679    1307.723060 0.0000000e+00
5755     172.297065    1303.420580 0.0000000e+00
5756     172.277155    1299.096690 0.0000000e+00
5757     172.151846    1294.712480 0.0000000e+00
5758     172.117567    1290.369800 0.0000000e+00
5759     172.234068    1285.995820 0.0000000e+00
5760     172.261079    1281.684330 0.0000000e+00
5761     172.291981    1277.369250 0.0000000e+00
5762     172.295617    1273.066490 0.0000000e+00
5763     172.297951    1268.767130 0.0000000e+00
5764     172.300016    1264.468740 0.0000000e+00
5765     172.302022    1260.170670 0.0000000e+00
5766     172.303999    1255.872750 0.0000000e+00
5767     172.305955    1251.574920 0.0000000e+00
5768     172.307896    1247.277200 0.0000000e+00
5769     172.309827    1242.979570 0.0000000e+00
5770     172.311755    1238.682040 0.0000000e+00
5771     172.313698    1234.384590 0.0000000e+00
5772     172.315718    1230.087190 0.0000000e+00
5773     172.317778    1225.790100 0.0000000e+00
5774     172.318276    1221.495340 0.0000000e+00
5775     172.309170    1217.206710 0.0000000e+00
5776     172.300924    1212.908570 0.0000000e+00
5777     172.297521    1208.605860 0.0000000e+00
5778     172.307102    1204.306310 0.0000000e+00
5779     172.322878    1200.014070 0.0000000e+00
5780     172.326021    1195.718920 0.0000000e+00
5781     172.327601    1191.422640 0.0000000e+00
5782     172.329219    1187.126140 0.0000000e+00
5783     172.330902    1182.829640 0.0000000e+00
5784     172.332648    1178.533200 0.0000000e+00
5785     172.334452    1174.236810 0.0000000e+00
5786     172.336314    1169.940480 0.0000000e+00
5787     172.338238    1165.644190 0.0000000e+00
5788     172.339877    1161.347740 0.0000000e+00
5789     172.336886    1157.049390 0.0000000e+00
5790     172.337953    1152.750550 0.0000000e+00
5791     172.349002    1148.454040 0.0000000e+00
5792     172.363788    1144.206000 0.0000000e+00
5793     172.230358    1140.163930 0.0000000e+00
5794     171.568583    1136.450820 0.0000000e+00
5795     172.184535    1132.579650 0.0000000e+00
5796     172.344995    1128.473860 0.0000000e+00
5797     172.340354    1124.219020 0.0000000e+00
5798     172.331509    1119.926920 0.0000000e+00
5799     172.327047    1115.629330 0.0000000e+00
5800     172.324245    1111.331800 0.0000000e+00
5801     172.321924    1107.034560 0.0000000e+00
5802     172.319739    1102.737370 0.0000000e+00
5803     172.317599    1098.440070 0.0000000e+00
5804     172.315479    1094.142640 0.0000000e+00
5805     172.312995    1089.844870 0.0000000e+00
5806     172.310600    1085.546710 0.0000000e+00
5807     172.308927    1081.242840 0.0000000e+00
5808     172.309870    1076.904070 0.0000000e+00
5809     172.293080    1072.435450 0.0000000e+00
5810     171.979283    1067.632800 0.0000000e+00
5811     172.285985    1062.957700 0.0000000e+00
5812     172.309643    1058.541000 0.0000000e+00
5813     172.309428    1054.210900 0.0000000e+00
5814     172.309668    1049.905290 0.0000000e+00
5815     172.310004    1045.605810 0.0000000e+00
5816     172.310362    1041.307670 0.0000000e+00
5817     172.310741    1037.009800 0.0000000e+00
5818     172.310698    1032.712200 0.0000000e+00
5819     172.307782    1028.415580 0.0000000e+00
5820     172.304975    1024.118260 0.0000000e+00
5821     172.303541    1019.819870 0.0000000e+00
5822     172.304873    1015.520190 0.0000000e+00
5823     172.304286    1011.226020 0.0000000e+00
5824     172.253056    1006.952050 0.0000000e+00
5825     172.239368    1002.642040 0.0000000e+00
5826     172.264627     998.329234 0.0000000e+00
5827     172.310822     994.064968 0.0000000e+00
5828     172.316889     989.782337 0.0000000e+00
5829     172.316353     985.489434 0.0000000e+00
5830     172.314866     981.193039 0.0000000e+00
5831     172.313404     976.895577 0.0000000e+00
5832     172.312038     972.597853 0.0000000e+00
5833     172.310735     968.300059 0.0000000e+00
5834     172.309449     964.002223 0.0000000e+00
5835     172.308196     959.704381 0.0000000e+00
5836     172.306925     955.406534 0.0000000e+00
5837     172.305589     951.108623 0.0000000e+00
5838     172.304212     946.810671 0.0000000e+00
5839     172.302777     942.512670 0.0000000e+00
5840     172.301148     938.214293 0.0000000e+00
5841     172.297201     933.911316 0.0000000e+00
5842     172.274017     929.582789 0.0000000e+00
5843     172.123822     925.182927 0.0000000e+00
5844     172.108103     920.858546 0.0000000e+00
5845     172.244112     916.499385 0.0000000e+00
5846     172.287584     912.166498 0.0000000e+00
5847     172.292897     907.858237 0.0000000e+00
5848     172.295428     903.557260 0.0000000e+00
5849     172.297410     899.258345 0.0000000e+00
5850     172.299281     894.960004 0.0000000e+00
5851     172.301109     890.661860 0.0000000e+00
5852     172.302905     886.363825 0.0000000e+00
5853     172.304674     882.065881 0.0000000e+00
5854     172.306421     877.768026 0.0000000e+00
5855     172.308152     873.470261 0.0000000e+00
5856     172.309872     869.172587 0.0000000e+00
5857     172.311587     864.875005 0.0000000e+00
5858     172.313301     860.577513 0.0000000e+00
5859     172.315021     856.280113 0.0000000e+00
5860     172.316752     851.982802 0.0000000e+00
5861     172.318500     847.685579 0.0000000e+00
5862     172.320283     843.388427 0.0000000e+00
5863     172.322162     839.091311 0.0000000e+00
5864     172.324082     834.794515 0.0000000e+00
5865     172.324415     830.500212 0.0000000e+00
5866     172.315279     826.212162 0.0000000e+00
5867     172.306382     821.914284 0.0000000e+00
5868     172.302258     817.612050 0.0000000e+00
5869     172.311791     813.312719 0.0000000e+00
5870     172.327492     809.020016 0.0000000e+00
5871     172.330426     804.724740 0.0000000e+00
5872     172.331539     800.428316 0.0000000e+00
5873     172.327850     796.130155 0.0000000e+00
5874     172.326426     791.834186 0.0000000e+00
5875     172.328840     787.540556 0.0000000e+00
5876     172.334137     783.246182 0.0000000e+00
5877     172.339992     778.946793 0.0000000e+00
5878     172.344384     774.646487 0.0000000e+00
5879     172.354623     770.346866 0.0000000e+00
5880     172.365871     766.097065 0.0000000e+00
5881     172.230620     762.060173 0.0000000e+00
5882     171.569903     758.355913 0.0000000e+00
5883     172.182458     754.477179 0.0000000e+00
5884     172.344389     750.369376 0.0000000e+00
5885     172.339896     746.113977 0.0000000e+00
5886     172.330958     741.821779 0.0000000e+00
5887     172.325975     737.523926 0.0000000e+00
5888     172.322694     733.226327 0.0000000e+00
5889     172.320167     728.929157 0.0000000e+00
5890     172.317957     724.632037 0.0000000e+00
5891     172.315830     720.334745 0.0000000e+00
5892     172.313750     716.037083 0.0000000e+00
5893     172.311484     711.738934 0.0000000e+00
5894     172.309616     707.434916 0.0000000e+00
5895     172.310152     703.095781 0.0000000e+00
5896     172.293093     698.626484 0.0000000e+00
5897     171.980729     693.824961 0.0000000e+00
5898     172.288253     689.148794 0.0000000e+00
5899     172.311511     684.732478 0.0000000e+00
5900     172.307879     680.403596 0.0000000e+00
5901     172.304821     676.098488 0.0000000e+00
5902     172.303854     671.798524 0.0000000e+00
5903     172.305033     667.498763 0.0000000e+00
5904     172.307729     663.200245 0.0000000e+00
5905     172.310202     658.904264 0.0000000e+00
5906     172.310641     654.607410 0.0000000e+00
5907     172.310626     650.309943 0.0000000e+00
5908     172.310529     646.012245 0.0000000e+00
5909     172.310450     641.714445 0.0000000e+00
5910     172.310665     637.416500 0.0000000e+00
5911     172.311667     633.118752 0.0000000e+00
5912     172.308596     628.825768 0.0000000e+00
5913     172.255197     624.551371 0.0000000e+00
5914     172.239887     620.241053 0.0000000e+00
5915     172.263380     615.928179 0.0000000e+00
5916     172.309316     611.663401 0.0000000e+00
5917     172.314766     607.380116 0.0000000e+00
5918     172.314005     603.086803 0.0000000e+00
5919     172.312524     598.790215 0.0000000e+00
5920     172.310964     594.492751 0.0000000e+00
5921     172.309374     590.195065 0.0000000e+00
5922     172.307772     585.897284 0.0000000e+00
5923     172.306178     581.599429 0.0000000e+00
5924     172.304609     577.301510 0.0000000e+00
5925     172.303058     573.003543 0.0000000e+00
5926     172.301267     568.705219 0.0000000e+00
5927     172.296714     564.402536 0.0000000e+00
5928     172.272656     560.073694 0.0000000e+00
5929     172.109965     555.672679 0.0000000e+00
5930     172.106836     551.365668 0.0000000e+00
5931     172.266436     546.983117 0.0000000e+00
5932     172.287201     542.655586 0.0000000e+00
5933     172.292265     538.348959 0.0000000e+00
5934     172.294865     534.048454 0.0000000e+00
5935     172.296910     529.749605 0.0000000e+00
5936     172.298892     525.451348 0.0000000e+00
5937     172.300649     521.153202 0.0000000e+00
5938     172.302312     516.855100 0.0000000e+00
5939     172.303932     512.557057 0.0000000e+00
5940     172.305516     508.259096 0.0000000e+00
5941     172.307074     503.961216 0.0000000e+00
5942     172.308613     499.663417 0.0000000e+00
5943     172.310143     495.365696 0.0000000e+00
5944     172.311685     491.068048 0.0000000e+00
5945     172.313267     486.770467 0.0000000e+00
5946     172.314893     482.472969 0.0000000e+00
5947     172.316634     478.175508 0.0000000e+00
5948     172.318400     473.878199 0.0000000e+00
5949     172.320238     469.580943 0.0000000e+00
5950     172.322050     465.283825 0.0000000e+00
5951     172.323980     460.986649 0.0000000e+00
5952     172.326126     456.689415 0.0000000e+00
5953     172.328645     452.392249 0.0000000e+00
5954     172.330335     448.096381 0.0000000e+00
5955     172.330767     443.801103 0.0000000e+00
5956     172.318346     439.510045 0.0000000e+00
5957     172.306531     435.213750 0.0000000e+00
5958     172.306203     430.911200 0.0000000e+00
5959     172.331440     426.605069 0.0000000e+00
5960     172.368545     422.313156 0.0000000e+00
5961     172.362788     418.072663 0.0000000e+00
5962     172.221362     413.893360 0.0000000e+00
5963     172.235496     409.582301 0.0000000e+00
5964     172.007502     405.828524 0.0000000e+00
5965     172.964045     401.935727 0.0000000e+00
5966     173.041937     397.472819 0.0000000e+00
5967     176.631987     395.802357 0.0000000e+00
5968     180.506832     398.039883 0.0000000e+00
5969     184.902824     398.041055 0.0000000e+00
5970     189.341083     399.471759 0.0000000e+00
5971     192.416397     402.357520 0.0000000e+00
5972     195.638581     405.389660 0.0000000e+00
5973     198.694260     408.829866 0.0000000e+00
5974     201.558355     412.539996 0.0000000e+00
5975     204.272993     416.393821 0.0000000e+00
5976     206.918273     420.336008 0.0000000e+00
5977     209.063273     416.011497 0.0000000e+00
5978     211.733440     420.032851 0.0000000e+00
5979     214.357875     424.130110 0.0000000e+00
5980     216.942300     428.297495 0.0000000e+00
5981     219.504625     432.529547 0.0000000e+00
5982     222.055393     436.825124 0.0000000e+00
5983     224.616839     441.190805 0.0000000e+00
5984     227.203417     445.627691 0.0000000e+00
5985     229.633177     450.221252 0.0000000e+00
5986     232.530152     455.131348 0.0000000e+00
5987     235.515685     460.387778 0.0000000e+00
5988     239.214456     465.504908 0.0000000e+00
5989     242.589030     470.771286 0.0000000e+00
5990     246.027459     476.154939 0.0000000e+00
5991     249.630467     481.642538 0.0000000e+00
5992     253.476122     487.260434 0.0000000e+00
5993     257.596860     493.069248 0.0000000e+00
5994     261.958516     499.099315 0.0000000e+00
5995     266.639184     505.465189 0.0000000e+00
5996     271.284320     512.660031 0.0000000e+00
5997     276.880285     519.838591 0.0000000e+00
5998     282.607665     526.836136 0.0000000e+00
5999     288.984852     533.283882 0.0000000e+00
6000     295.397526     540.308853 0.0000000e+00
6001     302.192640     547.537864 0.0000000e+00
6002     309.192770     554.745168 0.0000000e+00
6003     314.756369     562.325589 0.0000000e+00
6004     322.739547     567.636070 0.0000000e+00
6005     331.046253     574.907794 0.0000000e+00
6006     340.050095     582.406382 0.0000000e+00
6007     349.627305     589.960367 0.0000000e+00
6008     360.055958     597.440444 0.0000000e+00
6009     371.374555     604.750147 0.0000000e+00
6010     383.731455     611.932418 0.0000000e+00
6011     397.169707     620.279313 0.0000000e+00
6012     412.514200     626.576551 0.0000000e+00
6013     426.571569     633.339994 0.0000000e+00
6014     439.929505     638.413780 0.0000000e+00
6015     450.542651     648.803032 0.0000000e+00
6016     453.656194     665.704797 0.0000000e+00
6017     453.946690     681.980548 0.0000000e+00
6018     453.996818     698.117046 0.0000000e+00
6019     454.015875     714.223652 0.0000000e+00
6020     454.007166     730.326216 0.0000000e+00
6021     453.977100     746.449207 0.0000000e+00
6022     453.888797     762.681865 0.0000000e+00
6023     453.483083     779.155769 0.0000000e+00
6024     453.428547     795.301515 0.0000000e+00
6025     453.891810     811.584779 0.0000000e+00
6026     453.949351     827.738318 0.0000000e+00
6027     453.961035     843.843121 0.0000000e+00
6028     453.969519     859.936410 0.0000000e+00
6029     453.976870     876.026384 0.0000000e+00
6030     453.983448     892.115265 0.0000000e+00
6031     453.989597     908.204619 0.0000000e+00
6032     453.997045     924.294275 0.0000000e+00
6033     453.937249     940.335003 0.0000000e+00
6034     453.072561     956.128768 0.0000000e+00
6035     453.085112     972.338504 0.0000000e+00
6036     453.848549     987.876736 0.0000000e+00
6037     454.005863    1003.842250 0.0000000e+00
6038     454.006865    1019.911170 0.0000000e+00
6039     453.972883    1036.012380 0.0000000e+00
6040     453.931243    1052.103790 0.0000000e+00
6041     453.911738    1068.171940 0.0000000e+00
6042     453.927674    1084.240060 0.0000000e+00
6043     453.962443    1100.328200 0.0000000e+00
6044     453.977933    1116.412680 0.0000000e+00
6045     453.992310    1132.501970 0.0000000e+00
6046     453.997486    1148.587910 0.0000000e+00
6047     454.001871    1164.672010 0.0000000e+00
6048     454.011218    1180.750830 0.0000000e+00
6049     454.054797    1196.811250 0.0000000e+00
6050     454.192291    1212.864440 0.0000000e+00
6051     453.768815    1229.097430 0.0000000e+00
6052     452.447769    1244.903790 0.0000000e+00
6053     448.098085    1258.930060 0.0000000e+00
6054     432.572513    1264.597250 0.0000000e+00
6055     418.298780    1270.868050 0.0000000e+00
6056     404.465428    1277.319930 0.0000000e+00
6057     391.181922    1283.761380 0.0000000e+00
6058     378.616947    1290.623290 0.0000000e+00
6059     366.951824    1297.809440 0.0000000e+00
6060     356.152775    1305.312900 0.0000000e+00
6061     345.873775    1312.739980 0.0000000e+00
6062     335.467666    1318.096280 0.0000000e+00
6063     328.059280    1327.290910 0.0000000e+00
6064     319.644577    1334.897510 0.0000000e+00
6065     311.777214    1342.620490 0.0000000e+00
6066     304.356646    1349.958800 0.0000000e+00
6067     297.474031    1357.200340 0.0000000e+00
6068     291.055727    1364.395340 0.0000000e+00
6069     285.030669    1371.307760 0.0000000e+00
6070     279.228082    1377.650630 0.0000000e+00
6071     273.934729    1384.316060 0.0000000e+00
6072     269.433565    1390.795940 0.0000000e+00
6073     264.783425    1396.994430 0.0000000e+00
6074     260.345382    1403.045070 0.0000000e+00
6075     256.146663    1408.929140 0.0000000e+00
6076     252.173550    1414.642660 0.0000000e+00
6077     248.378649    1420.167350 0.0000000e+00
6078     244.668658    1425.603960 0.0000000e+00
6079     240.242555    1429.986060 0.0000000e+00
6080     238.362482    1435.661700 0.0000000e+00
6081     235.399023    1440.653970 0.0000000e+00
6082     232.472986    1445.485350 0.0000000e+00
6083     229.664186    1450.172020 0.0000000e+00
6084     226.970246    1454.729390 0.0000000e+00
6085     224.374233    1459.167070 0.0000000e+00
6086     221.817985    1463.515300 0.0000000e+00
6087     219.272260    1467.790050 0.0000000e+00
6088     216.724270    1472.000870 0.0000000e+00
6089     214.166155    1476.152670 0.0000000e+00
6090     211.568173    1480.242740 0.0000000e+00
6091     208.917616    1484.252490 0.0000000e+00
6092     206.236436    1488.161950 0.0000000e+00
6093     203.448385    1491.967280 0.0000000e+00
6094     200.625519    1495.635650 0.0000000e+00
6095     197.349462    1499.063500 0.0000000e+00
6096     194.246678    1502.432480 0.0000000e+00
6097     190.033356    1503.697520 0.0000000e+00
6098     185.845095    1505.341190 0.0000000e+00
6099     181.556006    1506.742860 0.0000000e+00
6100     177.333987    1508.050430 0.0000000e+00
6101     173.177499    1509.208510 0.0000000e+00
6102     168.900539    1508.730450 0.0000000e+00
6103     168.441419    1504.208670 0.0000000e+00
6104     168.637732    1499.972460 0.0000000e+00
6105     168.672852    1495.824690 0.0000000e+00
6106     168.632463    1491.601290 0.0000000e+00
6107     168.606549    1487.336550 0.0000000e+00
6108     168.639945    1483.106370 0.0000000e+00
6109     168.642415    1478.864860 0.0000000e+00
6110     168.640263    1474.617810 0.0000000e+00
6111     168.639441    1470.370130 0.0000000e+00
6112     168.637142    1466.121160 0.0000000e+00
6113     168.635526    1461.872140 0.0000000e+00
6114     168.635227    1457.622720 0.0000000e+00
6115     168.639154    1453.369720 0.0000000e+00
6116     168.656420    1449.121620 0.0000000e+00
6117     168.643221    1444.953470 0.0000000e+00
6118     168.084958    1441.213040 0.0000000e+00
6119     168.647017    1437.523730 0.0000000e+00
6120     168.665458    1433.378530 0.0000000e+00
6121     168.657633    1429.141370 0.0000000e+00
6122     168.652657    1424.892540 0.0000000e+00
6123     168.650142    1420.643930 0.0000000e+00
6124     168.648169    1416.396000 0.0000000e+00
6125     168.646330    1412.148280 0.0000000e+00
6126     168.644621    1407.900470 0.0000000e+00
6127     168.643194    1403.652550 0.0000000e+00
6128     168.640881    1399.405570 0.0000000e+00
6129     168.625878    1395.163550 0.0000000e+00
6130     168.616340    1390.914000 0.0000000e+00
6131     168.617801    1386.659270 0.0000000e+00
6132     168.624565    1382.407610 0.0000000e+00
6133     168.633026    1378.166260 0.0000000e+00
6134     168.632490    1373.921250 0.0000000e+00
6135     168.630459    1369.673370 0.0000000e+00
6136     168.628697    1365.424390 0.0000000e+00
6137     168.627141    1361.175190 0.0000000e+00
6138     168.625559    1356.926040 0.0000000e+00
6139     168.623898    1352.677080 0.0000000e+00
6140     168.621811    1348.427870 0.0000000e+00
6141     168.619538    1344.178430 0.0000000e+00
6142     168.617178    1339.928820 0.0000000e+00
6143     168.614749    1335.679090 0.0000000e+00
6144     168.612253    1331.429250 0.0000000e+00
6145     168.609684    1327.179310 0.0000000e+00
6146     168.607038    1322.929260 0.0000000e+00
6147     168.604309    1318.679130 0.0000000e+00
6148     168.601493    1314.428900 0.0000000e+00
6149     168.598601    1310.178160 0.0000000e+00
6150     168.595885    1305.921590 0.0000000e+00
6151     168.594391    1301.631950 0.0000000e+00
6152     168.572582    1297.228360 0.0000000e+00
6153     168.262212    1292.547560 0.0000000e+00
6154     168.464535    1287.720950 0.0000000e+00
6155     168.461287    1283.318810 0.0000000e+00
6156     168.577186    1278.993020 0.0000000e+00
6157     168.588477    1274.724340 0.0000000e+00
6158     168.592496    1270.469620 0.0000000e+00
6159     168.595888    1266.218170 0.0000000e+00
6160     168.599050    1261.967490 0.0000000e+00
6161     168.602104    1257.717010 0.0000000e+00
6162     168.605069    1253.466650 0.0000000e+00
6163     168.607952    1249.216380 0.0000000e+00
6164     168.610758    1244.966210 0.0000000e+00
6165     168.613495    1240.716140 0.0000000e+00
6166     168.616173    1236.466180 0.0000000e+00
6167     168.618811    1232.216330 0.0000000e+00
6168     168.621405    1227.966620 0.0000000e+00
6169     168.623545    1223.717410 0.0000000e+00
6170     168.623387    1219.469560 0.0000000e+00
6171     168.623095    1215.220650 0.0000000e+00
6172     168.623230    1210.970360 0.0000000e+00
6173     168.625493    1206.719270 0.0000000e+00
6174     168.630773    1202.469810 0.0000000e+00
6175     168.636143    1198.222500 0.0000000e+00
6176     168.638750    1193.974370 0.0000000e+00
6177     168.640981    1189.725940 0.0000000e+00
6178     168.643223    1185.477540 0.0000000e+00
6179     168.645492    1181.229240 0.0000000e+00
6180     168.647795    1176.981060 0.0000000e+00
6181     168.650138    1172.733000 0.0000000e+00
6182     168.652527    1168.485060 0.0000000e+00
6183     168.654675    1164.236820 0.0000000e+00
6184     168.653011    1159.984830 0.0000000e+00
6185     168.624183    1155.721120 0.0000000e+00
6186     168.614437    1151.481080 0.0000000e+00
6187     168.632882    1147.258470 0.0000000e+00
6188     168.616830    1143.067170 0.0000000e+00
6189     168.408808    1138.952410 0.0000000e+00
6190     168.379834    1134.649480 0.0000000e+00
6191     168.586006    1130.494990 0.0000000e+00
6192     168.638795    1126.301720 0.0000000e+00
6193     168.640210    1122.068940 0.0000000e+00
6194     168.638211    1117.823670 0.0000000e+00
6195     168.636886    1113.575600 0.0000000e+00
6196     168.636103    1109.327150 0.0000000e+00
6197     168.635667    1105.078540 0.0000000e+00
6198     168.635313    1100.829650 0.0000000e+00
6199     168.634699    1096.580850 0.0000000e+00
6200     168.633687    1092.331770 0.0000000e+00
6201     168.627769    1088.080550 0.0000000e+00
6202     168.624662    1083.831190 0.0000000e+00
6203     168.629987    1079.580760 0.0000000e+00
6204     168.650970    1075.335010 0.0000000e+00
6205     168.647526    1071.169010 0.0000000e+00
6206     168.094103    1067.435900 0.0000000e+00
6207     168.654262    1063.737090 0.0000000e+00
6208     168.670705    1059.588450 0.0000000e+00
6209     168.658759    1055.352430 0.0000000e+00
6210     168.653175    1051.103950 0.0000000e+00
6211     168.650423    1046.855420 0.0000000e+00
6212     168.648332    1042.607480 0.0000000e+00
6213     168.646419    1038.359710 0.0000000e+00
6214     168.644491    1034.111950 0.0000000e+00
6215     168.641963    1029.864340 0.0000000e+00
6216     168.639194    1025.616490 0.0000000e+00
6217     168.636757    1021.368280 0.0000000e+00
6218     168.635089    1017.119680 0.0000000e+00
6219     168.632931    1012.871930 0.0000000e+00
6220     168.618652    1008.629830 0.0000000e+00
6221     168.609480    1004.380160 0.0000000e+00
6222     168.610305    1000.124960 0.0000000e+00
6223     168.616664     995.872805 0.0000000e+00
6224     168.625960     991.630479 0.0000000e+00
6225     168.626141     987.384679 0.0000000e+00
6226     168.624135     983.136560 0.0000000e+00
6227     168.621692     978.887498 0.0000000e+00
6228     168.619142     974.638065 0.0000000e+00
6229     168.616550     970.388450 0.0000000e+00
6230     168.613913     966.138707 0.0000000e+00
6231     168.611218     961.888846 0.0000000e+00
6232     168.608463     957.638885 0.0000000e+00
6233     168.605629     953.388825 0.0000000e+00
6234     168.602700     949.138667 0.0000000e+00
6235     168.599678     944.888421 0.0000000e+00
6236     168.596570     940.637647 0.0000000e+00
6237     168.593657     936.380620 0.0000000e+00
6238     168.591815     932.086151 0.0000000e+00
6239     168.561650     927.656477 0.0000000e+00
6240     168.169705     922.886503 0.0000000e+00
6241     168.435802     918.171796 0.0000000e+00
6242     168.576432     913.744810 0.0000000e+00
6243     168.587846     909.445691 0.0000000e+00
6244     168.591531     905.182696 0.0000000e+00
6245     168.594740     900.929191 0.0000000e+00
6246     168.597758     896.678015 0.0000000e+00
6247     168.600674     892.427407 0.0000000e+00
6248     168.603500     888.176974 0.0000000e+00
6249     168.606241     883.926639 0.0000000e+00
6250     168.608900     879.676394 0.0000000e+00
6251     168.611484     875.426243 0.0000000e+00
6252     168.613999     871.176191 0.0000000e+00
6253     168.616452     866.926243 0.0000000e+00
6254     168.618847     862.676406 0.0000000e+00
6255     168.621193     858.426683 0.0000000e+00
6256     168.623496     854.177079 0.0000000e+00
6257     168.625763     849.927595 0.0000000e+00
6258     168.628004     845.678232 0.0000000e+00
6259     168.630241     841.428985 0.0000000e+00
6260     168.632463     837.179895 0.0000000e+00
6261     168.634250     832.931359 0.0000000e+00
6262     168.633815     828.684248 0.0000000e+00
6263     168.633138     824.435986 0.0000000e+00
6264     168.632750     820.186340 0.0000000e+00
6265     168.634641     815.935894 0.0000000e+00
6266     168.639815     811.687028 0.0000000e+00
6267     168.645059     807.440161 0.0000000e+00
6268     168.647192     803.192091 0.0000000e+00
6269     168.645021     798.939811 0.0000000e+00
6270     168.615433     794.676021 0.0000000e+00
6271     168.602755     790.435982 0.0000000e+00
6272     168.621242     786.199757 0.0000000e+00
6273     168.653575     781.937743 0.0000000e+00
6274     168.659852     777.684551 0.0000000e+00
6275     168.665618     773.435206 0.0000000e+00
6276     168.667856     769.201014 0.0000000e+00
6277     168.623104     765.025947 0.0000000e+00
6278     168.413008     760.919349 0.0000000e+00
6279     168.379783     756.618451 0.0000000e+00
6280     168.585811     752.460813 0.0000000e+00
6281     168.639316     748.265453 0.0000000e+00
6282     168.640917     744.032088 0.0000000e+00
6283     168.638605     739.786282 0.0000000e+00
6284     168.632011     735.535469 0.0000000e+00
6285     168.627873     731.287247 0.0000000e+00
6286     168.627660     727.041356 0.0000000e+00
6287     168.629892     722.794419 0.0000000e+00
6288     168.632774     718.543587 0.0000000e+00
6289     168.632381     714.294038 0.0000000e+00
6290     168.632323     710.043943 0.0000000e+00
6291     168.636661     705.790535 0.0000000e+00
6292     168.654377     701.542903 0.0000000e+00
6293     168.647699     697.381049 0.0000000e+00
6294     168.094719     693.655761 0.0000000e+00
6295     168.654083     689.950905 0.0000000e+00
6296     168.671004     685.800410 0.0000000e+00
6297     168.658260     681.564233 0.0000000e+00
6298     168.651529     677.315826 0.0000000e+00
6299     168.648028     673.067169 0.0000000e+00
6300     168.645856     668.818930 0.0000000e+00
6301     168.644256     664.570741 0.0000000e+00
6302     168.642812     660.322793 0.0000000e+00
6303     168.641280     656.075152 0.0000000e+00
6304     168.639371     651.827235 0.0000000e+00
6305     168.637360     647.579062 0.0000000e+00
6306     168.635342     643.330700 0.0000000e+00
6307     168.633394     639.082143 0.0000000e+00
6308     168.631650     634.833438 0.0000000e+00
6309     168.628929     630.585868 0.0000000e+00
6310     168.614035     626.343862 0.0000000e+00
6311     168.604006     622.093624 0.0000000e+00
6312     168.603888     617.837915 0.0000000e+00
6313     168.609524     613.585403 0.0000000e+00
6314     168.618551     609.342528 0.0000000e+00
6315     168.618320     605.096148 0.0000000e+00
6316     168.615967     600.847539 0.0000000e+00
6317     168.613180     596.598082 0.0000000e+00
6318     168.610248     592.348302 0.0000000e+00
6319     168.607230     588.098355 0.0000000e+00
6320     168.604135     583.848286 0.0000000e+00
6321     168.600964     579.598107 0.0000000e+00
6322     168.597715     575.347831 0.0000000e+00
6323     168.594383     571.097035 0.0000000e+00
6324     168.591022     566.840517 0.0000000e+00
6325     168.587597     562.549600 0.0000000e+00
6326     168.548408     558.125954 0.0000000e+00
6327     168.114461     553.341320 0.0000000e+00
6328     168.544168     548.607677 0.0000000e+00
6329     168.586596     544.200455 0.0000000e+00
6330     168.590769     539.904751 0.0000000e+00
6331     168.593847     535.642372 0.0000000e+00
6332     168.596788     531.389012 0.0000000e+00
6333     168.599628     527.137898 0.0000000e+00
6334     168.602380     522.887370 0.0000000e+00
6335     168.605008     518.636998 0.0000000e+00
6336     168.607541     514.386708 0.0000000e+00
6337     168.609990     510.136497 0.0000000e+00
6338     168.612363     505.886374 0.0000000e+00
6339     168.614667     501.636344 0.0000000e+00
6340     168.616909     497.386412 0.0000000e+00
6341     168.619099     493.136582 0.0000000e+00
6342     168.621246     488.886857 0.0000000e+00
6343     168.623361     484.637242 0.0000000e+00
6344     168.625464     480.387736 0.0000000e+00
6345     168.627549     476.138354 0.0000000e+00
6346     168.629623     471.889096 0.0000000e+00
6347     168.631678     467.639968 0.0000000e+00
6348     168.633742     463.390945 0.0000000e+00
6349     168.635854     459.142014 0.0000000e+00
6350     168.638037     454.893194 0.0000000e+00
6351     168.640069     450.644692 0.0000000e+00
6352     168.641529     446.396079 0.0000000e+00
6353     168.636981     442.144452 0.0000000e+00
6354     168.604803     437.879928 0.0000000e+00
6355     168.589490     433.637746 0.0000000e+00
6356     168.609876     429.397475 0.0000000e+00
6357     168.649437     425.135806 0.0000000e+00
6358     168.654091     420.896350 0.0000000e+00
6359     168.622140     416.677990 0.0000000e+00
6360     168.604687     412.434949 0.0000000e+00
6361     168.484756     408.262047 0.0000000e+00
6362     168.652361     403.934429 0.0000000e+00
6363     168.991865     399.685455 0.0000000e+00
6364     169.071087     395.142088 0.0000000e+00
6365     168.484792     390.317522 0.0000000e+00
6366     172.558427     392.236684 0.0000000e+00
6367     176.781955     391.770098 0.0000000e+00
6368     180.959482     393.563607 0.0000000e+00
6369     185.228322     393.843919 0.0000000e+00
6370     189.762495     395.532623 0.0000000e+00
6371     193.914951     398.216145 0.0000000e+00
6372     197.368091     401.229416 0.0000000e+00
6373     200.539161     404.604829 0.0000000e+00
6374     203.507045     408.254183 0.0000000e+00
6375     206.330372     412.074454 0.0000000e+00
6376     208.279198     407.656503 0.0000000e+00
6377     211.099043     411.554193 0.0000000e+00
6378     213.850026     415.552589 0.0000000e+00
6379     216.553344     419.634385 0.0000000e+00
6380     219.224296     423.791432 0.0000000e+00
6381     221.870746     428.023099 0.0000000e+00
6382     224.519970     432.332106 0.0000000e+00
6383     227.222483     436.731681 0.0000000e+00
6384     230.033016     441.221012 0.0000000e+00
6385     232.870497     445.769593 0.0000000e+00
6386     234.822896     450.400550 0.0000000e+00
6387     238.069640     454.387946 0.0000000e+00
6388     241.293894     459.307313 0.0000000e+00
6389     244.969076     464.465057 0.0000000e+00
6390     248.693341     469.773218 0.0000000e+00
6391     252.564680     475.291605 0.0000000e+00
6392     256.660103     480.978368 0.0000000e+00
6393     260.997445     486.839795 0.0000000e+00
6394     265.624006     492.895380 0.0000000e+00
6395     270.538076     499.165291 0.0000000e+00
6396     275.647006     505.767112 0.0000000e+00
6397     280.986078     512.221075 0.0000000e+00
6398     285.244907     518.875327 0.0000000e+00
6399     291.684168     524.074564 0.0000000e+00
6400     298.319715     530.906732 0.0000000e+00
6401     305.453763     538.134502 0.0000000e+00
6402     313.222380     545.713627 0.0000000e+00
6403     321.431526     554.482836 0.0000000e+00
6404     331.234164     561.902923 0.0000000e+00
6405     340.554032     569.540958 0.0000000e+00
6406     350.351404     577.022487 0.0000000e+00
6407     360.340716     584.659591 0.0000000e+00
6408     371.666684     591.768855 0.0000000e+00
6409     383.687103     598.048823 0.0000000e+00
6410     396.536267     605.037948 0.0000000e+00
6411     410.140794     611.403118 0.0000000e+00
6412     424.571414     617.304524 0.0000000e+00
6413     438.919130     623.054402 0.0000000e+00
6414     453.009947     630.608530 0.0000000e+00
6415     466.340904     637.545554 0.0000000e+00
6416     466.731800     653.596897 0.0000000e+00
6417     467.960249     670.185917 0.0000000e+00
6418     468.116648     686.653376 0.0000000e+00
6419     468.141974     703.058946 0.0000000e+00
6420     468.149130     719.445543 0.0000000e+00
6421     468.145185     735.831054 0.0000000e+00
6422     468.114804     752.236929 0.0000000e+00
6423     467.964596     768.677210 0.0000000e+00
6424     467.882169     785.041319 0.0000000e+00
6425     467.947427     801.389600 0.0000000e+00
6426     468.096986     817.816313 0.0000000e+00
6427     468.145901     834.191290 0.0000000e+00
6428     468.157258     850.562100 0.0000000e+00
6429     468.166558     866.931083 0.0000000e+00
6430     468.174959     883.299069 0.0000000e+00
6431     468.183596     899.667114 0.0000000e+00
6432     468.201495     916.039557 0.0000000e+00
6433     468.261544     932.393734 0.0000000e+00
6434     468.171104     948.461347 0.0000000e+00
6435     465.884960     962.912314 0.0000000e+00
6436     468.166220     976.935452 0.0000000e+00
6437     468.247413     992.831737 0.0000000e+00
6438     468.225484    1009.131810 0.0000000e+00
6439     468.205216    1025.495370 0.0000000e+00
6440     468.188232    1041.862570 0.0000000e+00
6441     468.176353    1058.223860 0.0000000e+00
6442     468.172798    1074.581830 0.0000000e+00
6443     468.177264    1090.942600 0.0000000e+00
6444     468.184628    1107.308400 0.0000000e+00
6445     468.187088    1123.674060 0.0000000e+00
6446     468.188841    1140.040970 0.0000000e+00
6447     468.188543    1156.407380 0.0000000e+00
6448     468.189152    1172.772820 0.0000000e+00
6449     468.198274    1189.135460 0.0000000e+00
6450     468.232071    1205.516330 0.0000000e+00
6451     468.131719    1222.066810 0.0000000e+00
6452     467.633758    1238.913860 0.0000000e+00
6453     466.648675    1256.346520 0.0000000e+00
6454     459.037738    1269.407580 0.0000000e+00
6455     444.482746    1274.626470 0.0000000e+00
6456     430.139420    1280.490300 0.0000000e+00
6457     416.020710    1286.509160 0.0000000e+00
6458     402.274304    1292.611340 0.0000000e+00
6459     389.105816    1298.302120 0.0000000e+00
6460     376.605699    1305.149150 0.0000000e+00
6461     365.526926    1312.459950 0.0000000e+00
6462     354.245982    1319.859000 0.0000000e+00
6463     342.340653    1327.163170 0.0000000e+00
6464     332.902383    1336.438580 0.0000000e+00
6465     323.971480    1344.232480 0.0000000e+00
6466     315.750722    1351.767790 0.0000000e+00
6467     308.061914    1359.101330 0.0000000e+00
6468     300.851487    1366.330380 0.0000000e+00
6469     294.109248    1373.444580 0.0000000e+00
6470     287.886092    1380.197540 0.0000000e+00
6471     281.830612    1385.244370 0.0000000e+00
6472     277.985663    1391.783730 0.0000000e+00
6473     272.836026    1398.095670 0.0000000e+00
6474     267.821356    1404.324280 0.0000000e+00
6475     263.093141    1410.408610 0.0000000e+00
6476     258.629291    1416.312120 0.0000000e+00
6477     254.394662    1422.040700 0.0000000e+00
6478     250.097754    1427.425010 0.0000000e+00
6479     245.355106    1433.146860 0.0000000e+00
6480     242.424173    1439.298300 0.0000000e+00
6481     239.024781    1444.482210 0.0000000e+00
6482     235.792859    1449.449150 0.0000000e+00
6483     232.756978    1454.254620 0.0000000e+00
6484     229.921597    1458.874320 0.0000000e+00
6485     227.145751    1463.356310 0.0000000e+00
6486     224.462192    1467.732020 0.0000000e+00
6487     221.829698    1472.014480 0.0000000e+00
6488     219.202342    1476.223860 0.0000000e+00
6489     216.554095    1480.367210 0.0000000e+00
6490     213.872911    1484.440820 0.0000000e+00
6491     211.149395    1488.433580 0.0000000e+00
6492     208.353600    1492.330180 0.0000000e+00
6493     205.485111    1496.107990 0.0000000e+00
6494     202.426457    1499.679400 0.0000000e+00
6495     199.325323    1502.912660 0.0000000e+00
6496     196.479574    1505.949420 0.0000000e+00
6497     192.575048    1507.371430 0.0000000e+00
6498     188.506659    1508.796050 0.0000000e+00
6499     184.132570    1510.033510 0.0000000e+00
6500     179.784364    1511.283080 0.0000000e+00
6501     175.320890    1512.470110 0.0000000e+00
6502     170.324633    1513.048710 0.0000000e+00
6503     165.853637    1514.707190 0.0000000e+00
6504     165.456391    1510.774700 0.0000000e+00
6505     165.064875    1506.429640 0.0000000e+00
6506     164.944337    1502.082050 0.0000000e+00
6507     164.981945    1497.873690 0.0000000e+00
6508     164.992767    1493.686850 0.0000000e+00
6509     164.985894    1489.486920 0.0000000e+00
6510     164.984211    1485.280810 0.0000000e+00
6511     164.993433    1481.084190 0.0000000e+00
6512     164.995139    1476.885500 0.0000000e+00
6513     164.995455    1472.685170 0.0000000e+00
6514     164.992129    1468.482670 0.0000000e+00
6515     164.989596    1464.283070 0.0000000e+00
6516     164.989451    1460.085600 0.0000000e+00
6517     164.994568    1455.886360 0.0000000e+00
6518     165.003987    1451.685780 0.0000000e+00
6519     164.993167    1447.511600 0.0000000e+00
6520     164.783779    1443.411280 0.0000000e+00
6521     164.755687    1439.191170 0.0000000e+00
6522     164.957926    1435.119900 0.0000000e+00
6523     164.998512    1430.947770 0.0000000e+00
6524     164.998997    1426.753380 0.0000000e+00
6525     164.998103    1422.553940 0.0000000e+00
6526     164.997438    1418.353750 0.0000000e+00
6527     164.996886    1414.153500 0.0000000e+00
6528     164.996383    1409.953240 0.0000000e+00
6529     164.995943    1405.752920 0.0000000e+00
6530     164.995324    1401.552850 0.0000000e+00
6531     164.992014    1397.354240 0.0000000e+00
6532     164.988558    1393.153900 0.0000000e+00
6533     164.987659    1388.951830 0.0000000e+00
6534     164.988653    1384.749900 0.0000000e+00
6535     164.990210    1380.549390 0.0000000e+00
6536     164.991973    1376.350290 0.0000000e+00
6537     164.991779    1372.150370 0.0000000e+00
6538     164.991140    1367.949890 0.0000000e+00
6539     164.990484    1363.749250 0.0000000e+00
6540     164.989817    1359.548580 0.0000000e+00
6541     164.989112    1355.347920 0.0000000e+00
6542     164.988351    1351.147270 0.0000000e+00
6543     164.987477    1346.946560 0.0000000e+00
6544     164.986537    1342.745820 0.0000000e+00
6545     164.985555    1338.545060 0.0000000e+00
6546     164.984538    1334.344270 0.0000000e+00
6547     164.983484    1330.143480 0.0000000e+00
6548     164.982394    1325.942670 0.0000000e+00
6549     164.981266    1321.741870 0.0000000e+00
6550     164.980100    1317.541060 0.0000000e+00
6551     164.978933    1313.340140 0.0000000e+00
6552     164.978319    1309.137890 0.0000000e+00
6553     164.981567    1304.931260 0.0000000e+00
6554     164.995660    1300.734330 0.0000000e+00
6555     164.993174    1296.651980 0.0000000e+00
6556     164.469688    1293.051420 0.0000000e+00
6557     164.975135    1289.112830 0.0000000e+00
6558     164.687540    1284.466410 0.0000000e+00
6559     164.971191    1279.921710 0.0000000e+00
6560     164.990338    1275.605960 0.0000000e+00
6561     164.989463    1271.372950 0.0000000e+00
6562     164.989665    1267.164530 0.0000000e+00
6563     164.990071    1262.962480 0.0000000e+00
6564     164.990493    1258.761880 0.0000000e+00
6565     164.990906    1254.561570 0.0000000e+00
6566     164.991309    1250.361300 0.0000000e+00
6567     164.991700    1246.161030 0.0000000e+00
6568     164.992081    1241.960750 0.0000000e+00
6569     164.992452    1237.760460 0.0000000e+00
6570     164.992817    1233.560150 0.0000000e+00
6571     164.993175    1229.359840 0.0000000e+00
6572     164.993434    1225.159570 0.0000000e+00
6573     164.993158    1220.959510 0.0000000e+00
6574     164.992702    1216.759390 0.0000000e+00
6575     164.992316    1212.559040 0.0000000e+00
6576     164.992307    1208.358330 0.0000000e+00
6577     164.992927    1204.157460 0.0000000e+00
6578     164.993993    1199.957070 0.0000000e+00
6579     164.994844    1195.757120 0.0000000e+00
6580     164.995155    1191.556950 0.0000000e+00
6581     164.995364    1187.356660 0.0000000e+00
6582     164.995560    1183.156340 0.0000000e+00
6583     164.995749    1178.956020 0.0000000e+00
6584     164.995933    1174.755690 0.0000000e+00
6585     164.996114    1170.555370 0.0000000e+00
6586     164.996126    1166.354630 0.0000000e+00
6587     164.994010    1162.149030 0.0000000e+00
6588     164.975684    1157.919510 0.0000000e+00
6589     164.857784    1153.631160 0.0000000e+00
6590     164.852678    1149.411210 0.0000000e+00
6591     164.966456    1145.155620 0.0000000e+00
6592     164.922545    1140.964840 0.0000000e+00
6593     164.901432    1136.745830 0.0000000e+00
6594     164.918276    1132.519970 0.0000000e+00
6595     164.974840    1128.344350 0.0000000e+00
6596     164.990456    1124.159580 0.0000000e+00
6597     164.988685    1119.961600 0.0000000e+00
6598     164.986325    1115.763090 0.0000000e+00
6599     164.985872    1111.565800 0.0000000e+00
6600     164.989639    1107.367050 0.0000000e+00
6601     164.995197    1103.164470 0.0000000e+00
6602     164.996502    1098.963390 0.0000000e+00
6603     164.997054    1094.762460 0.0000000e+00
6604     164.993567    1090.557640 0.0000000e+00
6605     164.961037    1086.339710 0.0000000e+00
6606     164.948502    1082.145780 0.0000000e+00
6607     164.969034    1077.959710 0.0000000e+00
6608     164.988993    1073.779790 0.0000000e+00
6609     164.816932    1069.695960 0.0000000e+00
6610     164.801531    1065.469760 0.0000000e+00
6611     164.989529    1061.383880 0.0000000e+00
6612     165.003370    1057.221420 0.0000000e+00
6613     165.001199    1053.030200 0.0000000e+00
6614     164.999666    1048.831650 0.0000000e+00
6615     164.998723    1044.631660 0.0000000e+00
6616     164.997961    1040.431430 0.0000000e+00
6617     164.997232    1036.231150 0.0000000e+00
6618     164.996387    1032.030900 0.0000000e+00
6619     164.995423    1027.830590 0.0000000e+00
6620     164.994469    1023.630170 0.0000000e+00
6621     164.993675    1019.429610 0.0000000e+00
6622     164.992836    1015.229280 0.0000000e+00
6623     164.989447    1011.030510 0.0000000e+00
6624     164.985897    1006.830000 0.0000000e+00
6625     164.984700    1002.627810 0.0000000e+00
6626     164.985266     998.425701 0.0000000e+00
6627     164.986684     994.224908 0.0000000e+00
6628     164.988485     990.025448 0.0000000e+00
6629     164.988136     985.825305 0.0000000e+00
6630     164.987154     981.624717 0.0000000e+00
6631     164.986016     977.423956 0.0000000e+00
6632     164.984820     973.223127 0.0000000e+00
6633     164.983587     969.022265 0.0000000e+00
6634     164.982320     964.821385 0.0000000e+00
6635     164.981014     960.620490 0.0000000e+00
6636     164.979670     956.419588 0.0000000e+00
6637     164.978282     952.218682 0.0000000e+00
6638     164.976848     948.017775 0.0000000e+00
6639     164.975406     943.816759 0.0000000e+00
6640     164.974546     939.614305 0.0000000e+00
6641     164.977932     935.406149 0.0000000e+00
6642     164.993359     931.199692 0.0000000e+00
6643     164.985566     927.075427 0.0000000e+00
6644     164.473332     923.337258 0.0000000e+00
6645     164.667864     919.073485 0.0000000e+00
6646     164.985621     914.598520 0.0000000e+00
6647     164.996973     910.288494 0.0000000e+00
6648     164.992900     906.052792 0.0000000e+00
6649     164.992110     901.842735 0.0000000e+00
6650     164.992103     897.640160 0.0000000e+00
6651     164.992249     893.439486 0.0000000e+00
6652     164.992418     889.239237 0.0000000e+00
6653     164.992585     885.039063 0.0000000e+00
6654     164.992746     880.838888 0.0000000e+00
6655     164.992899     876.638699 0.0000000e+00
6656     164.993044     872.438493 0.0000000e+00
6657     164.993180     868.238272 0.0000000e+00
6658     164.993308     864.038037 0.0000000e+00
6659     164.993428     859.837789 0.0000000e+00
6660     164.993538     855.637527 0.0000000e+00
6661     164.993640     851.437255 0.0000000e+00
6662     164.993734     847.236972 0.0000000e+00
6663     164.993824     843.036677 0.0000000e+00
6664     164.993907     838.836376 0.0000000e+00
6665     164.993886     834.636131 0.0000000e+00
6666     164.993341     830.436129 0.0000000e+00
6667     164.992607     826.236054 0.0000000e+00
6668     164.991883     822.035729 0.0000000e+00
6669     164.991523     817.835000 0.0000000e+00
6670     164.991831     813.634115 0.0000000e+00
6671     164.992639     809.433736 0.0000000e+00
6672     164.993051     805.233327 0.0000000e+00
6673     164.990735     801.027685 0.0000000e+00
6674     164.971901     796.797589 0.0000000e+00
6675     164.853930     792.508381 0.0000000e+00
6676     164.848425     788.286164 0.0000000e+00
6677     164.977623     784.017770 0.0000000e+00
6678     164.993544     779.795392 0.0000000e+00
6679     164.998263     775.588540 0.0000000e+00
6680     165.000044     771.388319 0.0000000e+00
6681     164.983534     767.199683 0.0000000e+00
6682     164.923445     763.033296 0.0000000e+00
6683     164.897945     758.823530 0.0000000e+00
6684     164.916037     754.601285 0.0000000e+00
6685     164.977852     750.422973 0.0000000e+00
6686     164.994263     746.237245 0.0000000e+00
6687     164.996069     742.040920 0.0000000e+00
6688     164.992269     737.836691 0.0000000e+00
6689     164.959548     733.618060 0.0000000e+00
6690     164.944690     729.424764 0.0000000e+00
6691     164.959983     725.236196 0.0000000e+00
6692     164.987963     721.024677 0.0000000e+00
6693     164.991405     716.820747 0.0000000e+00
6694     164.993279     712.619294 0.0000000e+00
6695     164.996064     708.418078 0.0000000e+00
6696     165.001640     704.220596 0.0000000e+00
6697     164.994851     700.054061 0.0000000e+00
6698     164.821434     695.977468 0.0000000e+00
6699     164.802463     691.753044 0.0000000e+00
6700     164.990832     687.664001 0.0000000e+00
6701     165.004447     683.500103 0.0000000e+00
6702     165.001772     679.308459 0.0000000e+00
6703     164.999792     675.109748 0.0000000e+00
6704     164.998561     670.909601 0.0000000e+00
6705     164.997678     666.709211 0.0000000e+00
6706     164.996874     662.508795 0.0000000e+00
6707     164.996070     658.308404 0.0000000e+00
6708     164.995226     654.108012 0.0000000e+00
6709     164.994292     649.907540 0.0000000e+00
6710     164.993316     645.706993 0.0000000e+00
6711     164.992334     641.506376 0.0000000e+00
6712     164.991381     637.305692 0.0000000e+00
6713     164.990208     633.105297 0.0000000e+00
6714     164.986488     628.906475 0.0000000e+00
6715     164.982503     624.705789 0.0000000e+00
6716     164.980747     620.503391 0.0000000e+00
6717     164.980794     616.301110 0.0000000e+00
6718     164.981842     612.100131 0.0000000e+00
6719     164.983337     607.900385 0.0000000e+00
6720     164.982619     603.699987 0.0000000e+00
6721     164.981272     599.499198 0.0000000e+00
6722     164.979767     595.298269 0.0000000e+00
6723     164.978190     591.097292 0.0000000e+00
6724     164.976562     586.896296 0.0000000e+00
6725     164.974888     582.695291 0.0000000e+00
6726     164.973167     578.494286 0.0000000e+00
6727     164.971435     574.293173 0.0000000e+00
6728     164.970230     570.090245 0.0000000e+00
6729     164.973008     565.876296 0.0000000e+00
6730     164.987550     561.633618 0.0000000e+00
6731     164.958715     557.373627 0.0000000e+00
6732     164.175982     553.307818 0.0000000e+00
6733     164.974418     549.216007 0.0000000e+00
6734     165.010912     544.968725 0.0000000e+00
6735     164.999695     540.736384 0.0000000e+00
6736     164.995474     536.522836 0.0000000e+00
6737     164.994448     532.318434 0.0000000e+00
6738     164.994191     528.117203 0.0000000e+00
6739     164.994101     523.916874 0.0000000e+00
6740     164.994040     519.716766 0.0000000e+00
6741     164.993974     515.516687 0.0000000e+00
6742     164.993902     511.316596 0.0000000e+00
6743     164.993823     507.116484 0.0000000e+00
6744     164.993738     502.916350 0.0000000e+00
6745     164.993647     498.716196 0.0000000e+00
6746     164.993549     494.516022 0.0000000e+00
6747     164.993444     490.315828 0.0000000e+00
6748     164.993335     486.115616 0.0000000e+00
6749     164.993222     481.915384 0.0000000e+00
6750     164.993105     477.715137 0.0000000e+00
6751     164.992980     473.514874 0.0000000e+00
6752     164.992849     469.314599 0.0000000e+00
6753     164.992710     465.114309 0.0000000e+00
6754     164.992574     460.914000 0.0000000e+00
6755     164.992443     456.713674 0.0000000e+00
6756     164.992276     452.513363 0.0000000e+00
6757     164.991847     448.312623 0.0000000e+00
6758     164.988773     444.106770 0.0000000e+00
6759     164.968849     439.875270 0.0000000e+00
6760     164.850363     435.582807 0.0000000e+00
6761     164.843437     431.359875 0.0000000e+00
6762     164.973252     427.094321 0.0000000e+00
6763     164.988125     422.875102 0.0000000e+00
6764     164.979774     418.672855 0.0000000e+00
6765     164.971688     414.475658 0.0000000e+00
6766     164.934189     410.290183 0.0000000e+00
6767     164.966192     406.054786 0.0000000e+00
6768     165.067550     401.814058 0.0000000e+00
6769     165.204292     397.594238 0.0000000e+00
6770     165.163323     393.368775 0.0000000e+00
6771     164.758939     389.207265 0.0000000e+00
6772     166.439835     385.302503 0.0000000e+00
6773     170.990902     386.940643 0.0000000e+00
6774     174.629650     388.263842 0.0000000e+00
6775     178.878545     388.563126 0.0000000e+00
6776     183.406305     389.456887 0.0000000e+00
6777     188.106178     390.999410 0.0000000e+00
6778     192.238081     392.066567 0.0000000e+00
6779     195.380599     394.393390 0.0000000e+00
6780     198.967576     397.052770 0.0000000e+00
6781     202.267814     400.298686 0.0000000e+00
6782     205.344537     403.876241 0.0000000e+00
6783     207.002994     399.330959 0.0000000e+00
6784     210.036259     403.041859 0.0000000e+00
6785     212.961410     406.895262 0.0000000e+00
6786     215.804018     410.858656 0.0000000e+00
6787     218.591666     414.912018 0.0000000e+00
6788     221.345532     419.046229 0.0000000e+00
6789     224.082939     423.261580 0.0000000e+00
6790     226.856549     427.578244 0.0000000e+00
6791     229.731503     432.011578 0.0000000e+00
6792     232.769937     436.608524 0.0000000e+00
6793     236.026706     441.495386 0.0000000e+00
6794     239.239984     447.153585 0.0000000e+00
6795     242.991632     452.442424 0.0000000e+00
6796     246.865587     457.754485 0.0000000e+00
6797     250.908157     462.795724 0.0000000e+00
6798     255.006049     468.263952 0.0000000e+00
6799     259.351281     473.955738 0.0000000e+00
6800     263.956786     479.819946 0.0000000e+00
6801     268.756343     485.903175 0.0000000e+00
6802     273.978553     492.210703 0.0000000e+00
6803     279.594188     498.773056 0.0000000e+00
6804     285.689598     505.565009 0.0000000e+00
6805     292.052905     513.380232 0.0000000e+00
6806     300.103719     520.472286 0.0000000e+00
6807     307.698357     527.753810 0.0000000e+00
6808     315.540573     535.103266 0.0000000e+00
6809     323.745200     542.789368 0.0000000e+00
6810     332.516273     550.120747 0.0000000e+00
6811     342.115515     557.265399 0.0000000e+00
6812     351.530121     564.680901 0.0000000e+00
6813     361.903589     571.924054 0.0000000e+00
6814     371.088085     579.143411 0.0000000e+00
6815     382.276175     583.355553 0.0000000e+00
6816     394.755062     589.707839 0.0000000e+00
6817     408.225237     595.920915 0.0000000e+00
6818     422.283922     601.783051 0.0000000e+00
6819     436.811558     607.445038 0.0000000e+00
6820     451.540183     613.672801 0.0000000e+00
6821     465.966750     620.127527 0.0000000e+00
6822     480.479724     626.344700 0.0000000e+00
6823     481.812181     642.851632 0.0000000e+00
6824     482.193454     659.372284 0.0000000e+00
6825     482.565888     676.126385 0.0000000e+00
6826     482.614439     692.823331 0.0000000e+00
6827     482.590572     709.479257 0.0000000e+00
6828     482.573907     726.142073 0.0000000e+00
6829     482.573668     742.813833 0.0000000e+00
6830     482.541986     759.487025 0.0000000e+00
6831     482.350897     776.052888 0.0000000e+00
6832     482.314113     792.758435 0.0000000e+00
6833     482.417048     809.467618 0.0000000e+00
6834     482.609268     826.029542 0.0000000e+00
6835     482.620257     842.656202 0.0000000e+00
6836     482.617851     859.304075 0.0000000e+00
6837     482.613971     875.958127 0.0000000e+00
6838     482.609649     892.615596 0.0000000e+00
6839     482.605998     909.293994 0.0000000e+00
6840     482.611091     926.096378 0.0000000e+00
6841     482.546095     943.356208 0.0000000e+00
6842     481.246382     961.780201 0.0000000e+00
6843     482.479434     979.838425 0.0000000e+00
6844     482.568845     996.970498 0.0000000e+00
6845     482.567104    1013.765570 0.0000000e+00
6846     482.567145    1030.459900 0.0000000e+00
6847     482.568806    1047.126590 0.0000000e+00
6848     482.572256    1063.785880 0.0000000e+00
6849     482.577666    1080.443500 0.0000000e+00
6850     482.584522    1097.101410 0.0000000e+00
6851     482.591388    1113.759830 0.0000000e+00
6852     482.596808    1130.417700 0.0000000e+00
6853     482.601801    1147.075210 0.0000000e+00
6854     482.606411    1163.731840 0.0000000e+00
6855     482.612636    1180.387060 0.0000000e+00
6856     482.622856    1197.044640 0.0000000e+00
6857     482.596395    1213.735570 0.0000000e+00
6858     482.436584    1230.456450 0.0000000e+00
6859     482.018962    1247.001910 0.0000000e+00
6860     482.182677    1262.578230 0.0000000e+00
6861     473.729298    1275.915410 0.0000000e+00
6862     457.544393    1284.389530 0.0000000e+00
6863     442.300244    1290.395980 0.0000000e+00
6864     427.659757    1296.202330 0.0000000e+00
6865     413.468678    1302.062460 0.0000000e+00
6866     399.925597    1307.896510 0.0000000e+00
6867     387.669385    1311.571700 0.0000000e+00
6868     377.716623    1319.112710 0.0000000e+00
6869     366.060733    1325.253850 0.0000000e+00
6870     354.637101    1332.287270 0.0000000e+00
6871     345.116825    1339.744350 0.0000000e+00
6872     335.772842    1347.484770 0.0000000e+00
6873     326.814213    1354.882690 0.0000000e+00
6874     318.389827    1362.215950 0.0000000e+00
6875     310.463105    1369.475080 0.0000000e+00
6876     302.949712    1376.679520 0.0000000e+00
6877     295.718072    1383.883730 0.0000000e+00
6878     288.133065    1390.880700 0.0000000e+00
6879     282.052549    1398.663140 0.0000000e+00
6880     276.225972    1405.377270 0.0000000e+00
6881     270.849621    1411.721960 0.0000000e+00
6882     265.838809    1417.832890 0.0000000e+00
6883     261.122947    1423.682030 0.0000000e+00
6884     256.665286    1429.296040 0.0000000e+00
6885     251.973423    1433.497780 0.0000000e+00
6886     249.339925    1438.892900 0.0000000e+00
6887     245.849495    1444.273140 0.0000000e+00
6888     242.077634    1449.153700 0.0000000e+00
6889     238.655799    1454.196150 0.0000000e+00
6890     235.731733    1458.996140 0.0000000e+00
6891     232.638743    1463.614050 0.0000000e+00
6892     229.647709    1468.129000 0.0000000e+00
6893     226.787203    1472.530030 0.0000000e+00
6894     224.021001    1476.827110 0.0000000e+00
6895     221.287972    1481.023490 0.0000000e+00
6896     218.542577    1485.149100 0.0000000e+00
6897     215.769433    1489.201560 0.0000000e+00
6898     212.946754    1493.166100 0.0000000e+00
6899     210.061452    1497.024730 0.0000000e+00
6900     207.051418    1500.743180 0.0000000e+00
6901     203.911172    1504.239860 0.0000000e+00
6902     200.607710    1507.465060 0.0000000e+00
6903     196.562252    1510.209020 0.0000000e+00
6904     192.020599    1512.269700 0.0000000e+00
6905     187.065319    1513.328030 0.0000000e+00
6906     182.551174    1514.517610 0.0000000e+00
6907     178.168451    1515.645120 0.0000000e+00
6908     173.704487    1516.549150 0.0000000e+00
6909     169.498663    1517.550680 0.0000000e+00
6910     165.458573    1518.904920 0.0000000e+00
6911     161.640509    1520.368060 0.0000000e+00
6912     161.793710    1516.613390 0.0000000e+00
6913     161.394687    1512.438540 0.0000000e+00
6914     161.542162    1508.006600 0.0000000e+00
6915     161.421622    1503.688500 0.0000000e+00
6916     161.384958    1499.455330 0.0000000e+00
6917     161.390516    1495.286190 0.0000000e+00
6918     161.392255    1491.132850 0.0000000e+00
6919     161.390997    1486.979200 0.0000000e+00
6920     161.391101    1482.825050 0.0000000e+00
6921     161.392730    1478.673280 0.0000000e+00
6922     161.392711    1474.520810 0.0000000e+00
6923     161.390447    1470.365130 0.0000000e+00
6924     161.363640    1466.198990 0.0000000e+00
6925     161.347305    1462.057670 0.0000000e+00
6926     161.360963    1457.913430 0.0000000e+00
6927     161.394326    1453.745910 0.0000000e+00
6928     161.393289    1449.589220 0.0000000e+00
6929     161.328041    1445.431170 0.0000000e+00
6930     161.177478    1441.162980 0.0000000e+00
6931     161.188671    1436.972710 0.0000000e+00
6932     161.349361    1432.797000 0.0000000e+00
6933     161.368707    1428.639130 0.0000000e+00
6934     161.372588    1424.484610 0.0000000e+00
6935     161.374919    1420.330930 0.0000000e+00
6936     161.376963    1416.177550 0.0000000e+00
6937     161.378934    1412.024310 0.0000000e+00
6938     161.380864    1407.871170 0.0000000e+00
6939     161.382710    1403.718160 0.0000000e+00
6940     161.383958    1399.565560 0.0000000e+00
6941     161.384951    1395.412840 0.0000000e+00
6942     161.386282    1391.259720 0.0000000e+00
6943     161.388141    1387.106640 0.0000000e+00
6944     161.390251    1382.953900 0.0000000e+00
6945     161.392492    1378.801540 0.0000000e+00
6946     161.394657    1374.649500 0.0000000e+00
6947     161.396382    1370.497390 0.0000000e+00
6948     161.397985    1366.345280 0.0000000e+00
6949     161.399579    1362.193260 0.0000000e+00
6950     161.401172    1358.041350 0.0000000e+00
6951     161.402770    1353.889550 0.0000000e+00
6952     161.404368    1349.737870 0.0000000e+00
6953     161.405967    1345.586290 0.0000000e+00
6954     161.407581    1341.434810 0.0000000e+00
6955     161.409222    1337.283430 0.0000000e+00
6956     161.410897    1333.132160 0.0000000e+00
6957     161.412611    1328.980990 0.0000000e+00
6958     161.414370    1324.829910 0.0000000e+00
6959     161.416177    1320.678920 0.0000000e+00
6960     161.418050    1316.527990 0.0000000e+00
6961     161.420180    1312.376830 0.0000000e+00
6962     161.423513    1308.224990 0.0000000e+00
6963     161.428827    1304.078890 0.0000000e+00
6964     161.421674    1299.973180 0.0000000e+00
6965     161.263279    1295.967520 0.0000000e+00
6966     161.230964    1291.795560 0.0000000e+00
6967     161.406524    1287.792430 0.0000000e+00
6968     160.882403    1284.136500 0.0000000e+00
6969     161.430282    1280.545350 0.0000000e+00
6970     161.443079    1276.498170 0.0000000e+00
6971     161.430364    1272.359500 0.0000000e+00
6972     161.424412    1268.207590 0.0000000e+00
6973     161.421390    1264.055660 0.0000000e+00
6974     161.419074    1259.904400 0.0000000e+00
6975     161.416950    1255.753350 0.0000000e+00
6976     161.414906    1251.602280 0.0000000e+00
6977     161.412915    1247.451110 0.0000000e+00
6978     161.410969    1243.299820 0.0000000e+00
6979     161.409062    1239.148410 0.0000000e+00
6980     161.407187    1234.996870 0.0000000e+00
6981     161.405340    1230.845190 0.0000000e+00
6982     161.403496    1226.693400 0.0000000e+00
6983     161.401555    1222.541530 0.0000000e+00
6984     161.399530    1218.389530 0.0000000e+00
6985     161.397506    1214.237350 0.0000000e+00
6986     161.395560    1210.084980 0.0000000e+00
6987     161.393749    1205.932400 0.0000000e+00
6988     161.392028    1201.779690 0.0000000e+00
6989     161.390326    1197.626970 0.0000000e+00
6990     161.388530    1193.474190 0.0000000e+00
6991     161.386594    1189.321250 0.0000000e+00
6992     161.384588    1185.168160 0.0000000e+00
6993     161.382530    1181.014940 0.0000000e+00
6994     161.380417    1176.861610 0.0000000e+00
6995     161.378243    1172.708180 0.0000000e+00
6996     161.376021    1168.554210 0.0000000e+00
6997     161.374043    1164.394560 0.0000000e+00
6998     161.373679    1160.202520 0.0000000e+00
6999     161.355013    1155.899000 0.0000000e+00
7000     161.061799    1151.335000 0.0000000e+00
7001     161.371610    1146.761300 0.0000000e+00
7002     161.378071    1142.485210 0.0000000e+00
7003     161.367222    1138.297120 0.0000000e+00
7004     161.366718    1134.129140 0.0000000e+00
7005     161.374756    1129.968510 0.0000000e+00
7006     161.387642    1125.821470 0.0000000e+00
7007     161.389057    1121.669680 0.0000000e+00
7008     161.363229    1117.504480 0.0000000e+00
7009     161.346299    1113.363200 0.0000000e+00
7010     161.359041    1109.219160 0.0000000e+00
7011     161.392119    1105.052480 0.0000000e+00
7012     161.396750    1100.894640 0.0000000e+00
7013     161.397733    1096.740030 0.0000000e+00
7014     161.396101    1092.581420 0.0000000e+00
7015     161.377678    1088.395980 0.0000000e+00
7016     161.248437    1084.138360 0.0000000e+00
7017     161.242532    1079.966310 0.0000000e+00
7018     161.351602    1075.767910 0.0000000e+00
7019     161.318022    1071.625130 0.0000000e+00
7020     161.302093    1067.457720 0.0000000e+00
7021     161.321511    1063.287380 0.0000000e+00
7022     161.372843    1059.163450 0.0000000e+00
7023     161.380440    1055.022130 0.0000000e+00
7024     161.382399    1050.872290 0.0000000e+00
7025     161.384008    1046.719970 0.0000000e+00
7026     161.385591    1042.567110 0.0000000e+00
7027     161.387150    1038.414200 0.0000000e+00
7028     161.388654    1034.261360 0.0000000e+00
7029     161.390093    1030.108620 0.0000000e+00
7030     161.391495    1025.955950 0.0000000e+00
7031     161.392898    1021.803360 0.0000000e+00
7032     161.394282    1017.650910 0.0000000e+00
7033     161.395150    1013.498900 0.0000000e+00
7034     161.395797    1009.346770 0.0000000e+00
7035     161.396770    1005.194270 0.0000000e+00
7036     161.398276    1001.041820 0.0000000e+00
7037     161.400103     996.889667 0.0000000e+00
7038     161.402174     992.737880 0.0000000e+00
7039     161.404193     988.586411 0.0000000e+00
7040     161.405740     984.434898 0.0000000e+00
7041     161.407157     980.283394 0.0000000e+00
7042     161.408570     976.131957 0.0000000e+00
7043     161.410009     971.980607 0.0000000e+00
7044     161.411483     967.829350 0.0000000e+00
7045     161.412999     963.678184 0.0000000e+00
7046     161.414560     959.527107 0.0000000e+00
7047     161.416171     955.376115 0.0000000e+00
7048     161.417834     951.225203 0.0000000e+00
7049     161.419566     947.074337 0.0000000e+00
7050     161.421569     942.923188 0.0000000e+00
7051     161.424930     938.771047 0.0000000e+00
7052     161.431271     934.623100 0.0000000e+00
7053     161.428497     930.512933 0.0000000e+00
7054     161.292424     926.510819 0.0000000e+00
7055     161.218365     922.436911 0.0000000e+00
7056     160.867643     918.820692 0.0000000e+00
7057     161.423372     915.226574 0.0000000e+00
7058     161.445882     911.192227 0.0000000e+00
7059     161.431895     907.056519 0.0000000e+00
7060     161.424965     902.904703 0.0000000e+00
7061     161.421471     898.752533 0.0000000e+00
7062     161.418877     894.601123 0.0000000e+00
7063     161.416532     890.449992 0.0000000e+00
7064     161.414280     886.298861 0.0000000e+00
7065     161.412083     882.147637 0.0000000e+00
7066     161.409927     877.996292 0.0000000e+00
7067     161.407807     873.844817 0.0000000e+00
7068     161.405714     869.693208 0.0000000e+00
7069     161.403642     865.541462 0.0000000e+00
7070     161.401585     861.389579 0.0000000e+00
7071     161.399534     857.237557 0.0000000e+00
7072     161.397484     853.085397 0.0000000e+00
7073     161.395427     848.933097 0.0000000e+00
7074     161.393358     844.780659 0.0000000e+00
7075     161.391269     840.628084 0.0000000e+00
7076     161.389136     836.475387 0.0000000e+00
7077     161.386861     832.322618 0.0000000e+00
7078     161.384457     828.169727 0.0000000e+00
7079     161.381996     824.016674 0.0000000e+00
7080     161.379555     819.863420 0.0000000e+00
7081     161.377200     815.709963 0.0000000e+00
7082     161.374899     811.556404 0.0000000e+00
7083     161.372609     807.402438 0.0000000e+00
7084     161.370492     803.242807 0.0000000e+00
7085     161.369834     799.050575 0.0000000e+00
7086     161.350858     794.746680 0.0000000e+00
7087     161.059484     790.183473 0.0000000e+00
7088     161.373896     785.606636 0.0000000e+00
7089     161.396402     781.324241 0.0000000e+00
7090     161.395588     777.136397 0.0000000e+00
7091     161.395231     772.975008 0.0000000e+00
7092     161.389105     768.819378 0.0000000e+00
7093     161.347817     764.659390 0.0000000e+00
7094     161.321005     760.517407 0.0000000e+00
7095     161.332722     756.366525 0.0000000e+00
7096     161.374181     752.194289 0.0000000e+00
7097     161.392155     748.042893 0.0000000e+00
7098     161.396961     743.892538 0.0000000e+00
7099     161.395711     739.735016 0.0000000e+00
7100     161.376870     735.548340 0.0000000e+00
7101     161.247889     731.287992 0.0000000e+00
7102     161.239146     727.116406 0.0000000e+00
7103     161.351259     722.914668 0.0000000e+00
7104     161.364998     718.746491 0.0000000e+00
7105     161.369313     714.588944 0.0000000e+00
7106     161.372852     710.434314 0.0000000e+00
7107     161.376575     706.281114 0.0000000e+00
7108     161.375310     702.134875 0.0000000e+00
7109     161.330688     698.009680 0.0000000e+00
7110     161.311901     693.847179 0.0000000e+00
7111     161.329625     689.678458 0.0000000e+00
7112     161.381145     685.553916 0.0000000e+00
7113     161.388244     681.412240 0.0000000e+00
7114     161.389695     677.262412 0.0000000e+00
7115     161.390879     673.110274 0.0000000e+00
7116     161.392106     668.957640 0.0000000e+00
7117     161.393360     664.804986 0.0000000e+00
7118     161.394598     660.652414 0.0000000e+00
7119     161.395820     656.499943 0.0000000e+00
7120     161.397016     652.347570 0.0000000e+00
7121     161.398186     648.195286 0.0000000e+00
7122     161.399347     644.043090 0.0000000e+00
7123     161.400518     639.890983 0.0000000e+00
7124     161.401653     635.739036 0.0000000e+00
7125     161.402283     631.587539 0.0000000e+00
7126     161.402697     627.435877 0.0000000e+00
7127     161.403407     623.283845 0.0000000e+00
7128     161.404676     619.131854 0.0000000e+00
7129     161.406329     614.980142 0.0000000e+00
7130     161.408297     610.828764 0.0000000e+00
7131     161.410230     606.677669 0.0000000e+00
7132     161.411691     602.526529 0.0000000e+00
7133     161.413045     598.375396 0.0000000e+00
7134     161.414415     594.224319 0.0000000e+00
7135     161.415827     590.073311 0.0000000e+00
7136     161.417289     585.922374 0.0000000e+00
7137     161.418806     581.771506 0.0000000e+00
7138     161.420395     577.620670 0.0000000e+00
7139     161.422277     573.469426 0.0000000e+00
7140     161.425981     569.315867 0.0000000e+00
7141     161.436046     565.162005 0.0000000e+00
7142     161.447609     561.051028 0.0000000e+00
7143     161.313051     557.129902 0.0000000e+00
7144     160.676393     553.511235 0.0000000e+00
7145     161.285218     549.801603 0.0000000e+00
7146     161.438660     545.850122 0.0000000e+00
7147     161.434619     541.745303 0.0000000e+00
7148     161.426138     537.600561 0.0000000e+00
7149     161.421523     533.449287 0.0000000e+00
7150     161.418426     529.297776 0.0000000e+00
7151     161.415794     525.146508 0.0000000e+00
7152     161.413312     520.995288 0.0000000e+00
7153     161.410897     516.843993 0.0000000e+00
7154     161.408523     512.692579 0.0000000e+00
7155     161.406178     508.541030 0.0000000e+00
7156     161.403856     504.389341 0.0000000e+00
7157     161.401549     500.237512 0.0000000e+00
7158     161.399250     496.085539 0.0000000e+00
7159     161.396952     491.933423 0.0000000e+00
7160     161.394648     487.781164 0.0000000e+00
7161     161.392330     483.628762 0.0000000e+00
7162     161.389993     479.476219 0.0000000e+00
7163     161.387628     475.323537 0.0000000e+00
7164     161.385228     471.170718 0.0000000e+00
7165     161.382785     467.017766 0.0000000e+00
7166     161.380297     462.864682 0.0000000e+00
7167     161.377755     458.711471 0.0000000e+00
7168     161.375150     454.558143 0.0000000e+00
7169     161.372475     450.404287 0.0000000e+00
7170     161.369970     446.244714 0.0000000e+00
7171     161.369030     442.052274 0.0000000e+00
7172     161.350085     437.746499 0.0000000e+00
7173     161.058698     433.176270 0.0000000e+00
7174     161.372362     428.604674 0.0000000e+00
7175     161.394600     424.323897 0.0000000e+00
7176     161.386171     420.131885 0.0000000e+00
7177     161.359235     415.960404 0.0000000e+00
7178     161.335082     411.819380 0.0000000e+00
7179     161.353740     407.665522 0.0000000e+00
7180     161.408185     403.486833 0.0000000e+00
7181     161.456060     399.316799 0.0000000e+00
7182     161.478292     395.154649 0.0000000e+00
7183     161.381252     390.924676 0.0000000e+00
7184     161.831997     386.314826 0.0000000e+00
7185     162.195507     381.688189 0.0000000e+00
7186     166.987527     381.177751 0.0000000e+00
7187     171.181607     382.864509 0.0000000e+00
7188     175.788319     384.294858 0.0000000e+00
7189     180.612931     385.064383 0.0000000e+00
7190     184.792356     385.543756 0.0000000e+00
7191     188.399223     387.071136 0.0000000e+00
7192     192.612511     388.258465 0.0000000e+00
7193     196.732749     390.187104 0.0000000e+00
7194     200.347931     392.761059 0.0000000e+00
7195     203.788877     395.836706 0.0000000e+00
7196     205.042177     391.133627 0.0000000e+00
7197     208.360734     394.472619 0.0000000e+00
7198     211.501777     398.113023 0.0000000e+00
7199     214.518441     401.902064 0.0000000e+00
7200     217.452062     405.805437 0.0000000e+00
7201     220.331615     409.803316 0.0000000e+00
7202     223.168923     413.889278 0.0000000e+00
7203     226.014176     418.067765 0.0000000e+00
7204     228.934020     422.360286 0.0000000e+00
7205     231.986775     426.786087 0.0000000e+00
7206     235.191763     431.362076 0.0000000e+00
7207     238.565511     436.125936 0.0000000e+00
7208     242.042388     441.185346 0.0000000e+00
7209     245.656369     446.142636 0.0000000e+00
7210     248.483200     451.260521 0.0000000e+00
7211     252.646297     455.283821 0.0000000e+00
7212     256.864460     460.604894 0.0000000e+00
7213     261.453943     466.257269 0.0000000e+00
7214     266.325654     472.013686 0.0000000e+00
7215     271.435991     477.995001 0.0000000e+00
7216     276.458961     484.299588 0.0000000e+00
7217     282.320535     490.748313 0.0000000e+00
7218     288.642464     496.908954 0.0000000e+00
7219     295.172867     503.857910 0.0000000e+00
7220     302.273233     510.721864 0.0000000e+00
7221     310.168166     517.659903 0.0000000e+00
7222     318.248053     524.828183 0.0000000e+00
7223     326.736458     532.151337 0.0000000e+00
7224     335.765954     539.412079 0.0000000e+00
7225     345.460716     546.520122 0.0000000e+00
7226     355.624628     553.492088 0.0000000e+00
7227     364.357317     561.220200 0.0000000e+00
7228     376.350044     567.616786 0.0000000e+00
7229     390.088600     573.593814 0.0000000e+00
7230     403.866039     579.824215 0.0000000e+00
7231     417.999392     585.627320 0.0000000e+00
7232     432.461777     591.199817 0.0000000e+00
7233     447.272634     596.845328 0.0000000e+00
7234     462.229202     602.656229 0.0000000e+00
7235     477.229976     608.667675 0.0000000e+00
7236     492.767774     614.141203 0.0000000e+00
7237     496.510202     630.127229 0.0000000e+00
7238     496.973600     647.188642 0.0000000e+00
7239     497.142259     664.208628 0.0000000e+00
7240     497.251228     681.219907 0.0000000e+00
7241     497.262674     698.176955 0.0000000e+00
7242     497.080043     715.042105 0.0000000e+00
7243     497.036471     732.021720 0.0000000e+00
7244     497.111354     749.070141 0.0000000e+00
7245     497.228925     765.875758 0.0000000e+00
7246     496.471561     782.478414 0.0000000e+00
7247     496.623175     799.564688 0.0000000e+00
7248     497.367761     815.925546 0.0000000e+00
7249     497.398886     832.680390 0.0000000e+00
7250     497.382584     849.577327 0.0000000e+00
7251     497.369032     866.510755 0.0000000e+00
7252     497.356352     883.453221 0.0000000e+00
7253     497.342499     900.401270 0.0000000e+00
7254     497.318142     917.373018 0.0000000e+00
7255     497.228700     934.451315 0.0000000e+00
7256     496.739655     951.785238 0.0000000e+00
7257     496.719402     968.797495 0.0000000e+00
7258     497.182312     986.012471 0.0000000e+00
7259     497.245827    1003.062590 0.0000000e+00
7260     497.254754    1020.043750 0.0000000e+00
7261     497.259111    1037.003730 0.0000000e+00
7262     497.263389    1053.956760 0.0000000e+00
7263     497.267284    1070.907960 0.0000000e+00
7264     497.272199    1087.857230 0.0000000e+00
7265     497.275884    1104.807150 0.0000000e+00
7266     497.279320    1121.757180 0.0000000e+00
7267     497.282312    1138.706930 0.0000000e+00
7268     497.285149    1155.656400 0.0000000e+00
7269     497.288165    1172.605350 0.0000000e+00
7270     497.291818    1189.554440 0.0000000e+00
7271     497.286317    1206.511900 0.0000000e+00
7272     497.244650    1223.494640 0.0000000e+00
7273     497.133922    1240.500920 0.0000000e+00
7274     497.076511    1257.424110 0.0000000e+00
7275     493.789301    1274.527160 0.0000000e+00
7276     497.921258    1288.903590 0.0000000e+00
7277     482.623281    1289.554190 0.0000000e+00
7278     467.675638    1294.759080 0.0000000e+00
7279     452.425454    1301.193180 0.0000000e+00
7280     437.427441    1306.900930 0.0000000e+00
7281     422.738175    1312.523300 0.0000000e+00
7282     408.109058    1318.318350 0.0000000e+00
7283     392.898740    1323.878940 0.0000000e+00
7284     379.417379    1331.809430 0.0000000e+00
7285     367.371699    1336.569830 0.0000000e+00
7286     358.830424    1344.014430 0.0000000e+00
7287     348.701258    1350.960960 0.0000000e+00
7288     338.946095    1358.208770 0.0000000e+00
7289     329.682823    1365.322280 0.0000000e+00
7290     320.973505    1372.552530 0.0000000e+00
7291     312.800481    1379.780140 0.0000000e+00
7292     305.154441    1386.879900 0.0000000e+00
7293     297.615496    1393.727490 0.0000000e+00
7294     290.823370    1400.538870 0.0000000e+00
7295     284.530363    1407.473090 0.0000000e+00
7296     278.546952    1413.990260 0.0000000e+00
7297     272.949146    1420.262580 0.0000000e+00
7298     267.703110    1426.302470 0.0000000e+00
7299     262.544583    1431.919360 0.0000000e+00
7300     256.978195    1437.762340 0.0000000e+00
7301     253.076879    1444.274750 0.0000000e+00
7302     248.972034    1449.750620 0.0000000e+00
7303     244.786748    1453.931810 0.0000000e+00
7304     242.413433    1458.702930 0.0000000e+00
7305     238.984668    1463.433120 0.0000000e+00
7306     235.588966    1468.117100 0.0000000e+00
7307     232.353837    1472.695840 0.0000000e+00
7308     229.273649    1477.150710 0.0000000e+00
7309     226.326457    1481.475430 0.0000000e+00
7310     223.441301    1485.640310 0.0000000e+00
7311     220.578406    1489.764510 0.0000000e+00
7312     217.711276    1493.822070 0.0000000e+00
7313     214.847143    1497.757850 0.0000000e+00
7314     211.846993    1501.571290 0.0000000e+00
7315     208.740700    1505.265770 0.0000000e+00
7316     205.433542    1508.707770 0.0000000e+00
7317     201.635247    1511.725830 0.0000000e+00
7318     197.464342    1514.395360 0.0000000e+00
7319     193.084579    1516.363050 0.0000000e+00
7320     188.933682    1516.975230 0.0000000e+00
7321     184.569980    1517.982850 0.0000000e+00
7322     180.245452    1519.070800 0.0000000e+00
7323     175.940211    1520.064190 0.0000000e+00
7324     171.715989    1521.054230 0.0000000e+00
7325     167.578893    1522.138180 0.0000000e+00
7326     163.379662    1523.323180 0.0000000e+00
7327     158.848643    1524.012030 0.0000000e+00
7328     158.053551    1520.077650 0.0000000e+00
7329     157.996572    1516.242710 0.0000000e+00
7330     157.432544    1512.775610 0.0000000e+00
7331     157.920415    1509.147000 0.0000000e+00
7332     157.898137    1505.135770 0.0000000e+00
7333     157.852190    1501.022700 0.0000000e+00
7334     157.836514    1496.903380 0.0000000e+00
7335     157.833718    1492.794130 0.0000000e+00
7336     157.831620    1488.688230 0.0000000e+00
7337     157.829275    1484.582410 0.0000000e+00
7338     157.827145    1480.476560 0.0000000e+00
7339     157.825103    1476.370950 0.0000000e+00
7340     157.821543    1472.263730 0.0000000e+00
7341     157.806719    1468.144950 0.0000000e+00
7342     157.688407    1463.982120 0.0000000e+00
7343     157.694240    1459.859830 0.0000000e+00
7344     157.816973    1455.663400 0.0000000e+00
7345     157.834010    1451.520650 0.0000000e+00
7346     157.827442    1447.377030 0.0000000e+00
7347     157.804208    1443.110050 0.0000000e+00
7348     157.478725    1438.474090 0.0000000e+00
7349     157.751190    1434.047470 0.0000000e+00
7350     157.786787    1429.838810 0.0000000e+00
7351     157.791568    1425.703070 0.0000000e+00
7352     157.794550    1421.588990 0.0000000e+00
7353     157.797347    1417.480670 0.0000000e+00
7354     157.800051    1413.373740 0.0000000e+00
7355     157.802688    1409.267110 0.0000000e+00
7356     157.805250    1405.160560 0.0000000e+00
7357     157.807630    1401.054090 0.0000000e+00
7358     157.809866    1396.947660 0.0000000e+00
7359     157.812097    1392.841180 0.0000000e+00
7360     157.814372    1388.734690 0.0000000e+00
7361     157.816694    1384.628270 0.0000000e+00
7362     157.819023    1380.521950 0.0000000e+00
7363     157.821329    1376.415770 0.0000000e+00
7364     157.823541    1372.309700 0.0000000e+00
7365     157.825625    1368.203660 0.0000000e+00
7366     157.827645    1364.097680 0.0000000e+00
7367     157.829631    1359.991780 0.0000000e+00
7368     157.831589    1355.885970 0.0000000e+00
7369     157.833524    1351.780240 0.0000000e+00
7370     157.835438    1347.674620 0.0000000e+00
7371     157.837338    1343.569090 0.0000000e+00
7372     157.839232    1339.463650 0.0000000e+00
7373     157.841126    1335.358320 0.0000000e+00
7374     157.843026    1331.253090 0.0000000e+00
7375     157.844939    1327.147960 0.0000000e+00
7376     157.846870    1323.042930 0.0000000e+00
7377     157.848829    1318.938000 0.0000000e+00
7378     157.850876    1314.833110 0.0000000e+00
7379     157.853251    1310.728160 0.0000000e+00
7380     157.855746    1306.624430 0.0000000e+00
7381     157.852474    1302.529870 0.0000000e+00
7382     157.810177    1298.458490 0.0000000e+00
7383     157.788380    1294.350240 0.0000000e+00
7384     157.790692    1290.257430 0.0000000e+00
7385     157.670694    1286.283980 0.0000000e+00
7386     157.660931    1282.161440 0.0000000e+00
7387     157.844052    1278.174310 0.0000000e+00
7388     157.856843    1274.108560 0.0000000e+00
7389     157.854009    1270.012990 0.0000000e+00
7390     157.851744    1265.909830 0.0000000e+00
7391     157.850095    1261.805160 0.0000000e+00
7392     157.848659    1257.700240 0.0000000e+00
7393     157.847297    1253.595260 0.0000000e+00
7394     157.845969    1249.490230 0.0000000e+00
7395     157.844663    1245.385140 0.0000000e+00
7396     157.843372    1241.280000 0.0000000e+00
7397     157.842094    1237.174810 0.0000000e+00
7398     157.840823    1233.069560 0.0000000e+00
7399     157.839554    1228.964250 0.0000000e+00
7400     157.838266    1224.858910 0.0000000e+00
7401     157.836945    1220.753530 0.0000000e+00
7402     157.835606    1216.648080 0.0000000e+00
7403     157.834271    1212.542570 0.0000000e+00
7404     157.832957    1208.437000 0.0000000e+00
7405     157.831661    1204.331380 0.0000000e+00
7406     157.830358    1200.225740 0.0000000e+00
7407     157.829038    1196.120090 0.0000000e+00
7408     157.827677    1192.014410 0.0000000e+00
7409     157.826268    1187.908700 0.0000000e+00
7410     157.824823    1183.802960 0.0000000e+00
7411     157.823348    1179.697200 0.0000000e+00
7412     157.821839    1175.591430 0.0000000e+00
7413     157.820334    1171.485550 0.0000000e+00
7414     157.819376    1167.378440 0.0000000e+00
7415     157.822291    1163.267250 0.0000000e+00
7416     157.836171    1159.165620 0.0000000e+00
7417     157.831444    1155.177410 0.0000000e+00
7418     157.309171    1151.675140 0.0000000e+00
7419     157.830043    1148.011380 0.0000000e+00
7420     157.847003    1143.977850 0.0000000e+00
7421     157.830734    1139.878000 0.0000000e+00
7422     157.823508    1135.769550 0.0000000e+00
7423     157.821443    1131.661100 0.0000000e+00
7424     157.821087    1127.553970 0.0000000e+00
7425     157.820002    1123.447670 0.0000000e+00
7426     157.805265    1119.328520 0.0000000e+00
7427     157.690414    1115.165370 0.0000000e+00
7428     157.694025    1111.044410 0.0000000e+00
7429     157.819317    1106.848920 0.0000000e+00
7430     157.836768    1102.710810 0.0000000e+00
7431     157.839080    1098.595650 0.0000000e+00
7432     157.839656    1094.482810 0.0000000e+00
7433     157.842232    1090.341330 0.0000000e+00
7434     157.826067    1086.076320 0.0000000e+00
7435     157.502530    1081.452740 0.0000000e+00
7436     157.770618    1077.027720 0.0000000e+00
7437     157.782945    1072.815350 0.0000000e+00
7438     157.777864    1068.676050 0.0000000e+00
7439     157.781030    1064.555520 0.0000000e+00
7440     157.792040    1060.442610 0.0000000e+00
7441     157.805311    1056.343380 0.0000000e+00
7442     157.809376    1052.240540 0.0000000e+00
7443     157.811777    1048.135260 0.0000000e+00
7444     157.813901    1044.029150 0.0000000e+00
7445     157.815928    1039.922840 0.0000000e+00
7446     157.817891    1035.816500 0.0000000e+00
7447     157.819793    1031.710190 0.0000000e+00
7448     157.821643    1027.603940 0.0000000e+00
7449     157.823451    1023.497730 0.0000000e+00
7450     157.825217    1019.391580 0.0000000e+00
7451     157.826842    1015.285570 0.0000000e+00
7452     157.828365    1011.179620 0.0000000e+00
7453     157.829900    1007.073660 0.0000000e+00
7454     157.831502    1002.967710 0.0000000e+00
7455     157.833193     998.861872 0.0000000e+00
7456     157.834944     994.756155 0.0000000e+00
7457     157.836720     990.650595 0.0000000e+00
7458     157.838430     986.545173 0.0000000e+00
7459     157.840034     982.439806 0.0000000e+00
7460     157.841606     978.334504 0.0000000e+00
7461     157.843177     974.229288 0.0000000e+00
7462     157.844759     970.124163 0.0000000e+00
7463     157.846358     966.019132 0.0000000e+00
7464     157.847980     961.914196 0.0000000e+00
7465     157.849631     957.809352 0.0000000e+00
7466     157.851314     953.704600 0.0000000e+00
7467     157.853039     949.599933 0.0000000e+00
7468     157.854868     945.495286 0.0000000e+00
7469     157.857084     941.390501 0.0000000e+00
7470     157.859737     937.286654 0.0000000e+00
7471     157.857762     933.191750 0.0000000e+00
7472     157.820518     929.123678 0.0000000e+00
7473     157.781379     925.048755 0.0000000e+00
7474     157.623655     921.040047 0.0000000e+00
7475     157.653659     916.927395 0.0000000e+00
7476     157.840425     912.939268 0.0000000e+00
7477     157.855666     908.874658 0.0000000e+00
7478     157.852534     904.779310 0.0000000e+00
7479     157.849851     900.676045 0.0000000e+00
7480     157.847858     896.571238 0.0000000e+00
7481     157.846116     892.466190 0.0000000e+00
7482     157.844458     888.361084 0.0000000e+00
7483     157.842830     884.255926 0.0000000e+00
7484     157.841217     880.150710 0.0000000e+00
7485     157.839611     876.045432 0.0000000e+00
7486     157.838007     871.940093 0.0000000e+00
7487     157.836402     867.834694 0.0000000e+00
7488     157.834790     863.729237 0.0000000e+00
7489     157.833168     859.623725 0.0000000e+00
7490     157.831531     855.518159 0.0000000e+00
7491     157.829876     851.412543 0.0000000e+00
7492     157.828200     847.306879 0.0000000e+00
7493     157.826498     843.201173 0.0000000e+00
7494     157.824765     839.095430 0.0000000e+00
7495     157.822981     834.989667 0.0000000e+00
7496     157.821134     830.883882 0.0000000e+00
7497     157.819236     826.778063 0.0000000e+00
7498     157.817310     822.672208 0.0000000e+00
7499     157.815376     818.566318 0.0000000e+00
7500     157.813434     814.460415 0.0000000e+00
7501     157.811501     810.354423 0.0000000e+00
7502     157.810118     806.247210 0.0000000e+00
7503     157.812548     802.135860 0.0000000e+00
7504     157.825820     798.034456 0.0000000e+00
7505     157.821912     794.049207 0.0000000e+00
7506     157.303206     790.553070 0.0000000e+00
7507     157.822769     786.881680 0.0000000e+00
7508     157.843714     782.844494 0.0000000e+00
7509     157.830819     778.743605 0.0000000e+00
7510     157.824185     774.635862 0.0000000e+00
7511     157.818181     770.527725 0.0000000e+00
7512     157.797922     766.408777 0.0000000e+00
7513     157.683898     762.247498 0.0000000e+00
7514     157.685219     758.127023 0.0000000e+00
7515     157.814542     753.928450 0.0000000e+00
7516     157.834440     749.789323 0.0000000e+00
7517     157.839563     745.675741 0.0000000e+00
7518     157.840877     741.563970 0.0000000e+00
7519     157.843385     737.422490 0.0000000e+00
7520     157.827051     733.155480 0.0000000e+00
7521     157.505841     728.528475 0.0000000e+00
7522     157.775248     724.105230 0.0000000e+00
7523     157.799964     719.890062 0.0000000e+00
7524     157.802470     715.751457 0.0000000e+00
7525     157.804938     711.636591 0.0000000e+00
7526     157.807582     707.528217 0.0000000e+00
7527     157.808838     703.422314 0.0000000e+00
7528     157.798773     699.320781 0.0000000e+00
7529     157.793121     695.214630 0.0000000e+00
7530     157.795285     691.102763 0.0000000e+00
7531     157.805371     686.992131 0.0000000e+00
7532     157.818282     682.893341 0.0000000e+00
7533     157.821712     678.790587 0.0000000e+00
7534     157.823483     674.685457 0.0000000e+00
7535     157.825022     670.579580 0.0000000e+00
7536     157.826496     666.473534 0.0000000e+00
7537     157.827934     662.367494 0.0000000e+00
7538     157.829340     658.261506 0.0000000e+00
7539     157.830714     654.155583 0.0000000e+00
7540     157.832060     650.049729 0.0000000e+00
7541     157.833380     645.943945 0.0000000e+00
7542     157.834683     641.838233 0.0000000e+00
7543     157.835965     637.732607 0.0000000e+00
7544     157.837130     633.627124 0.0000000e+00
7545     157.838217     629.521717 0.0000000e+00
7546     157.839329     625.416300 0.0000000e+00
7547     157.840528     621.310903 0.0000000e+00
7548     157.841855     617.205609 0.0000000e+00
7549     157.843284     613.100437 0.0000000e+00
7550     157.844778     608.995420 0.0000000e+00
7551     157.846229     604.890533 0.0000000e+00
7552     157.847597     600.785695 0.0000000e+00
7553     157.848960     596.680919 0.0000000e+00
7554     157.850350     592.576217 0.0000000e+00
7555     157.851776     588.471593 0.0000000e+00
7556     157.853244     584.367048 0.0000000e+00
7557     157.854763     580.262572 0.0000000e+00
7558     157.856405     576.158072 0.0000000e+00
7559     157.858625     572.053122 0.0000000e+00
7560     157.862406     567.948346 0.0000000e+00
7561     157.863909     563.855886 0.0000000e+00
7562     157.819884     559.817241 0.0000000e+00
7563     157.616718     555.842818 0.0000000e+00
7564     157.596507     551.686704 0.0000000e+00
7565     157.796622     547.678861 0.0000000e+00
7566     157.847211     543.630606 0.0000000e+00
7567     157.848543     539.542437 0.0000000e+00
7568     157.845801     535.441111 0.0000000e+00
7569     157.843387     531.336609 0.0000000e+00
7570     157.841257     527.231485 0.0000000e+00
7571     157.839237     523.126234 0.0000000e+00
7572     157.837252     519.020922 0.0000000e+00
7573     157.835273     514.915549 0.0000000e+00
7574     157.833291     510.810113 0.0000000e+00
7575     157.831300     506.704614 0.0000000e+00
7576     157.829293     502.599056 0.0000000e+00
7577     157.827268     498.493440 0.0000000e+00
7578     157.825219     494.387770 0.0000000e+00
7579     157.823143     490.282050 0.0000000e+00
7580     157.821036     486.176285 0.0000000e+00
7581     157.818893     482.070478 0.0000000e+00
7582     157.816713     477.964635 0.0000000e+00
7583     157.814490     473.858761 0.0000000e+00
7584     157.812223     469.752862 0.0000000e+00
7585     157.809909     465.646944 0.0000000e+00
7586     157.807547     461.541012 0.0000000e+00
7587     157.805134     457.435075 0.0000000e+00
7588     157.802701     453.329042 0.0000000e+00
7589     157.800787     449.221788 0.0000000e+00
7590     157.802696     445.110404 0.0000000e+00
7591     157.815618     441.008913 0.0000000e+00
7592     157.812096     437.023396 0.0000000e+00
7593     157.294892     433.524185 0.0000000e+00
7594     157.815295     429.854144 0.0000000e+00
7595     157.835814     425.817174 0.0000000e+00
7596     157.818895     421.712491 0.0000000e+00
7597     157.758721     417.571257 0.0000000e+00
7598     157.691772     413.427504 0.0000000e+00
7599     157.738056     409.273515 0.0000000e+00
7600     157.832661     405.098480 0.0000000e+00
7601     157.856711     400.965078 0.0000000e+00
7602     157.870391     396.849181 0.0000000e+00
7603     157.863260     392.718307 0.0000000e+00
7604     158.012150     388.442278 0.0000000e+00
7605     158.227274     384.111634 0.0000000e+00
7606     157.726850     379.786458 0.0000000e+00
7607     160.088255     376.774927 0.0000000e+00
7608     164.233430     377.613885 0.0000000e+00
7609     168.332684     377.585146 0.0000000e+00
7610     171.837506     379.043093 0.0000000e+00
7611     175.851145     380.187955 0.0000000e+00
7612     180.114046     381.123708 0.0000000e+00
7613     184.576624     381.868305 0.0000000e+00
7614     188.997862     383.036210 0.0000000e+00
7615     193.171097     384.365513 0.0000000e+00
7616     197.389226     385.994470 0.0000000e+00
7617     201.404780     388.243799 0.0000000e+00
7618     201.757702     383.551206 0.0000000e+00
7619     205.799436     386.050723 0.0000000e+00
7620     209.361106     389.192771 0.0000000e+00
7621     212.631868     392.859183 0.0000000e+00
7622     215.794308     396.633251 0.0000000e+00
7623     218.802675     400.508798 0.0000000e+00
7624     221.792423     404.485930 0.0000000e+00
7625     224.785434     408.553799 0.0000000e+00
7626     227.807812     412.679990 0.0000000e+00
7627     230.928172     416.979157 0.0000000e+00
7628     234.201485     421.429680 0.0000000e+00
7629     237.639862     426.036526 0.0000000e+00
7630     241.261443     430.815057 0.0000000e+00
7631     245.082178     435.824334 0.0000000e+00
7632     249.199515     441.086439 0.0000000e+00
7633     253.368116     447.115973 0.0000000e+00
7634     258.303554     452.790261 0.0000000e+00
7635     263.310439     458.634973 0.0000000e+00
7636     268.597033     464.115987 0.0000000e+00
7637     274.053726     470.027041 0.0000000e+00
7638     279.711115     476.067487 0.0000000e+00
7639     284.164030     482.514799 0.0000000e+00
7640     290.585314     487.191757 0.0000000e+00
7641     297.307605     493.689776 0.0000000e+00
7642     304.569863     500.465549 0.0000000e+00
7643     312.359961     507.329933 0.0000000e+00
7644     320.673418     514.313847 0.0000000e+00
7645     329.297074     521.498404 0.0000000e+00
7646     338.607440     528.725213 0.0000000e+00
7647     348.689432     535.902786 0.0000000e+00
7648     359.736102     543.107780 0.0000000e+00
7649     371.742715     551.793622 0.0000000e+00
7650     385.718532     558.231028 0.0000000e+00
7651     399.781538     564.161097 0.0000000e+00
7652     413.980615     569.823323 0.0000000e+00
7653     428.438820     575.224132 0.0000000e+00
7654     443.219711     580.573257 0.0000000e+00
7655     458.286874     585.977990 0.0000000e+00
7656     473.500879     591.474154 0.0000000e+00
7657     488.525699     596.809330 0.0000000e+00
7658     502.628922     602.310839 0.0000000e+00
7659     511.116629     617.081207 0.0000000e+00
7660     511.829303     635.864484 0.0000000e+00
7661     512.133209     653.660095 0.0000000e+00
7662     512.218183     671.077411 0.0000000e+00
7663     512.272856     688.363237 0.0000000e+00
7664     512.254994     705.471287 0.0000000e+00
7665     511.502774     722.152964 0.0000000e+00
7666     511.418079     739.539582 0.0000000e+00
7667     512.275125     756.387464 0.0000000e+00
7668     512.244959     773.269070 0.0000000e+00
7669     509.985133     788.783099 0.0000000e+00
7670     512.389671     803.348645 0.0000000e+00
7671     512.431658     820.028304 0.0000000e+00
7672     512.374524     837.172048 0.0000000e+00
7673     512.348749     854.400457 0.0000000e+00
7674     512.333508     871.640119 0.0000000e+00
7675     512.320092     888.882016 0.0000000e+00
7676     512.303291     906.130867 0.0000000e+00
7677     512.262947     923.408566 0.0000000e+00
7678     512.111610     940.745250 0.0000000e+00
7679     512.020544     957.967979 0.0000000e+00
7680     512.073076     975.180611 0.0000000e+00
7681     512.206545     992.475736 0.0000000e+00
7682     512.196389    1009.730380 0.0000000e+00
7683     512.183821    1026.986590 0.0000000e+00
7684     512.192286    1044.245670 0.0000000e+00
7685     512.203459    1061.504110 0.0000000e+00
7686     512.223570    1078.736390 0.0000000e+00
7687     512.222777    1095.979450 0.0000000e+00
7688     512.221259    1113.225690 0.0000000e+00
7689     512.219354    1130.473180 0.0000000e+00
7690     512.217255    1147.721270 0.0000000e+00
7691     512.215078    1164.969800 0.0000000e+00
7692     512.212874    1182.218790 0.0000000e+00
7693     512.208321    1199.469870 0.0000000e+00
7694     512.193223    1216.725950 0.0000000e+00
7695     512.156941    1233.976860 0.0000000e+00
7696     512.128948    1251.151850 0.0000000e+00
7697     511.185649    1268.134460 0.0000000e+00
7698     511.737674    1283.360040 0.0000000e+00
7699     510.746452    1298.700060 0.0000000e+00
7700     493.887783    1302.770240 0.0000000e+00
7701     478.371475    1306.698240 0.0000000e+00
7702     463.213189    1312.040030 0.0000000e+00
7703     448.070827    1317.621680 0.0000000e+00
7704     433.174825    1322.984000 0.0000000e+00
7705     418.549194    1328.306410 0.0000000e+00
7706     403.960293    1333.576440 0.0000000e+00
7707     389.952299    1339.551210 0.0000000e+00
7708     375.258841    1346.222380 0.0000000e+00
7709     363.081596    1354.520490 0.0000000e+00
7710     352.088602    1361.835740 0.0000000e+00
7711     341.918514    1368.948740 0.0000000e+00
7712     332.318011    1375.522150 0.0000000e+00
7713     323.378964    1382.752280 0.0000000e+00
7714     315.563137    1389.986650 0.0000000e+00
7715     307.616378    1396.854000 0.0000000e+00
7716     300.089325    1403.627210 0.0000000e+00
7717     293.042759    1410.330460 0.0000000e+00
7718     286.423076    1416.937090 0.0000000e+00
7719     280.194660    1423.314960 0.0000000e+00
7720     274.380492    1429.494830 0.0000000e+00
7721     269.006044    1435.308740 0.0000000e+00
7722     263.594620    1439.510820 0.0000000e+00
7723     260.111622    1445.295720 0.0000000e+00
7724     255.513979    1451.117870 0.0000000e+00
7725     250.282115    1456.762800 0.0000000e+00
7726     246.294907    1462.576000 0.0000000e+00
7727     242.355050    1467.701970 0.0000000e+00
7728     238.636502    1472.484650 0.0000000e+00
7729     235.133988    1477.151350 0.0000000e+00
7730     231.829647    1481.696030 0.0000000e+00
7731     228.745574    1486.034860 0.0000000e+00
7732     225.610973    1490.017170 0.0000000e+00
7733     222.640739    1494.172380 0.0000000e+00
7734     219.955652    1498.198130 0.0000000e+00
7735     216.956483    1502.067760 0.0000000e+00
7736     213.846626    1505.861670 0.0000000e+00
7737     210.648430    1509.616920 0.0000000e+00
7738     207.149028    1512.940850 0.0000000e+00
7739     203.317617    1515.620060 0.0000000e+00
7740     200.098656    1518.036640 0.0000000e+00
7741     195.919742    1519.182200 0.0000000e+00
7742     191.080135    1520.861880 0.0000000e+00
7743     186.309755    1521.559190 0.0000000e+00
7744     181.877024    1522.587980 0.0000000e+00
7745     177.558951    1523.589410 0.0000000e+00
7746     173.315370    1524.561300 0.0000000e+00
7747     169.125215    1525.547310 0.0000000e+00
7748     164.905146    1526.548400 0.0000000e+00
7749     160.403897    1527.365040 0.0000000e+00
7750     155.510332    1528.034070 0.0000000e+00
7751     154.832684    1523.683370 0.0000000e+00
7752     154.420708    1519.521480 0.0000000e+00
7753     154.221745    1515.554620 0.0000000e+00
7754     154.159593    1511.461440 0.0000000e+00
7755     154.325170    1507.476330 0.0000000e+00
7756     154.325827    1503.436210 0.0000000e+00
7757     154.313664    1499.375550 0.0000000e+00
7758     154.308760    1495.312950 0.0000000e+00
7759     154.307227    1491.251650 0.0000000e+00
7760     154.306133    1487.190800 0.0000000e+00
7761     154.305045    1483.130010 0.0000000e+00
7762     154.304023    1479.068920 0.0000000e+00
7763     154.303219    1475.003300 0.0000000e+00
7764     154.303733    1470.911200 0.0000000e+00
7765     154.285333    1466.723380 0.0000000e+00
7766     153.988077    1462.279710 0.0000000e+00
7767     154.287893    1457.774260 0.0000000e+00
7768     154.308978    1453.570880 0.0000000e+00
7769     154.310391    1449.469420 0.0000000e+00
7770     154.324540    1445.399260 0.0000000e+00
7771     154.310994    1441.381620 0.0000000e+00
7772     153.807238    1437.669360 0.0000000e+00
7773     154.322238    1434.251740 0.0000000e+00
7774     154.323388    1430.330730 0.0000000e+00
7775     154.316359    1426.293770 0.0000000e+00
7776     154.313280    1422.235170 0.0000000e+00
7777     154.312290    1418.174550 0.0000000e+00
7778     154.311863    1414.114320 0.0000000e+00
7779     154.311606    1410.054330 0.0000000e+00
7780     154.311429    1405.994390 0.0000000e+00
7781     154.311291    1401.934440 0.0000000e+00
7782     154.311179    1397.874450 0.0000000e+00
7783     154.311125    1393.814410 0.0000000e+00
7784     154.311143    1389.754310 0.0000000e+00
7785     154.311233    1385.694160 0.0000000e+00
7786     154.311392    1381.633970 0.0000000e+00
7787     154.311607    1377.573760 0.0000000e+00
7788     154.311862    1373.513520 0.0000000e+00
7789     154.312141    1369.453260 0.0000000e+00
7790     154.312443    1365.392960 0.0000000e+00
7791     154.312778    1361.332630 0.0000000e+00
7792     154.313149    1357.272270 0.0000000e+00
7793     154.313557    1353.211890 0.0000000e+00
7794     154.314001    1349.151490 0.0000000e+00
7795     154.314480    1345.091080 0.0000000e+00
7796     154.314996    1341.030660 0.0000000e+00
7797     154.315548    1336.970230 0.0000000e+00
7798     154.316138    1332.909790 0.0000000e+00
7799     154.316766    1328.849350 0.0000000e+00
7800     154.317434    1324.788920 0.0000000e+00
7801     154.318142    1320.728490 0.0000000e+00
7802     154.318907    1316.668060 0.0000000e+00
7803     154.319788    1312.607600 0.0000000e+00
7804     154.320712    1308.547310 0.0000000e+00
7805     154.319915    1304.488750 0.0000000e+00
7806     154.309026    1300.435410 0.0000000e+00
7807     154.301735    1296.376340 0.0000000e+00
7808     154.296316    1292.317190 0.0000000e+00
7809     154.257390    1288.279750 0.0000000e+00
7810     154.248981    1284.215940 0.0000000e+00
7811     154.266352    1280.142530 0.0000000e+00
7812     154.315102    1276.110080 0.0000000e+00
7813     154.320746    1272.060700 0.0000000e+00
7814     154.320539    1268.003340 0.0000000e+00
7815     154.319993    1263.943690 0.0000000e+00
7816     154.319500    1259.883480 0.0000000e+00
7817     154.319072    1255.823160 0.0000000e+00
7818     154.318694    1251.762830 0.0000000e+00
7819     154.318360    1247.702500 0.0000000e+00
7820     154.318069    1243.642190 0.0000000e+00
7821     154.317820    1239.581900 0.0000000e+00
7822     154.317613    1235.521630 0.0000000e+00
7823     154.317447    1231.461380 0.0000000e+00
7824     154.317321    1227.401160 0.0000000e+00
7825     154.317231    1223.340960 0.0000000e+00
7826     154.317180    1219.280800 0.0000000e+00
7827     154.317175    1215.220670 0.0000000e+00
7828     154.317222    1211.160570 0.0000000e+00
7829     154.317327    1207.100510 0.0000000e+00
7830     154.317488    1203.040490 0.0000000e+00
7831     154.317702    1198.980510 0.0000000e+00
7832     154.317970    1194.920590 0.0000000e+00
7833     154.318288    1190.860710 0.0000000e+00
7834     154.318660    1186.800870 0.0000000e+00
7835     154.319090    1182.741090 0.0000000e+00
7836     154.319582    1178.681350 0.0000000e+00
7837     154.320152    1174.621640 0.0000000e+00
7838     154.320975    1170.561650 0.0000000e+00
7839     154.322956    1166.500950 0.0000000e+00
7840     154.326873    1162.445960 0.0000000e+00
7841     154.318595    1158.432400 0.0000000e+00
7842     154.160118    1154.520250 0.0000000e+00
7843     154.111388    1150.435460 0.0000000e+00
7844     154.289930    1146.445140 0.0000000e+00
7845     154.300391    1142.403750 0.0000000e+00
7846     154.295704    1138.346100 0.0000000e+00
7847     154.293140    1134.285050 0.0000000e+00
7848     154.291705    1130.223250 0.0000000e+00
7849     154.290778    1126.156940 0.0000000e+00
7850     154.291084    1122.063600 0.0000000e+00
7851     154.271734    1117.875980 0.0000000e+00
7852     153.985305    1113.454880 0.0000000e+00
7853     154.292502    1108.934860 0.0000000e+00
7854     154.313741    1104.730830 0.0000000e+00
7855     154.312915    1100.630720 0.0000000e+00
7856     154.313487    1096.559670 0.0000000e+00
7857     154.318374    1092.494440 0.0000000e+00
7858     154.335393    1088.434240 0.0000000e+00
7859     154.322596    1084.424990 0.0000000e+00
7860     153.814419    1080.734650 0.0000000e+00
7861     154.337115    1077.297680 0.0000000e+00
7862     154.335985    1073.369170 0.0000000e+00
7863     154.323113    1069.328630 0.0000000e+00
7864     154.318178    1065.268460 0.0000000e+00
7865     154.318100    1061.206580 0.0000000e+00
7866     154.319754    1057.145830 0.0000000e+00
7867     154.321279    1053.087830 0.0000000e+00
7868     154.321083    1049.029170 0.0000000e+00
7869     154.320506    1044.969910 0.0000000e+00
7870     154.319897    1040.910370 0.0000000e+00
7871     154.319329    1036.850700 0.0000000e+00
7872     154.318814    1032.790970 0.0000000e+00
7873     154.318357    1028.731170 0.0000000e+00
7874     154.317957    1024.671330 0.0000000e+00
7875     154.317613    1020.611440 0.0000000e+00
7876     154.317302    1016.551510 0.0000000e+00
7877     154.317019    1012.491540 0.0000000e+00
7878     154.316791    1008.431530 0.0000000e+00
7879     154.316628    1004.371460 0.0000000e+00
7880     154.316536    1000.311340 0.0000000e+00
7881     154.316516     996.251195 0.0000000e+00
7882     154.316556     992.191027 0.0000000e+00
7883     154.316638     988.130849 0.0000000e+00
7884     154.316744     984.070654 0.0000000e+00
7885     154.316873     980.010429 0.0000000e+00
7886     154.317036     975.950178 0.0000000e+00
7887     154.317240     971.889907 0.0000000e+00
7888     154.317486     967.829623 0.0000000e+00
7889     154.317776     963.769328 0.0000000e+00
7890     154.318110     959.709025 0.0000000e+00
7891     154.318489     955.648717 0.0000000e+00
7892     154.318915     951.588406 0.0000000e+00
7893     154.319403     947.528082 0.0000000e+00
7894     154.320025     943.467710 0.0000000e+00
7895     154.320767     939.407453 0.0000000e+00
7896     154.320091     935.348958 0.0000000e+00
7897     154.310166     931.296633 0.0000000e+00
7898     154.296817     927.245753 0.0000000e+00
7899     154.249531     923.208932 0.0000000e+00
7900     154.234787     919.134751 0.0000000e+00
7901     154.259821     915.064194 0.0000000e+00
7902     154.310051     911.030890 0.0000000e+00
7903     154.315975     906.981083 0.0000000e+00
7904     154.315418     902.923476 0.0000000e+00
7905     154.314496     898.863662 0.0000000e+00
7906     154.313643     894.803329 0.0000000e+00
7907     154.312859     890.742896 0.0000000e+00
7908     154.312123     886.682447 0.0000000e+00
7909     154.311428     882.622000 0.0000000e+00
7910     154.310769     878.561559 0.0000000e+00
7911     154.310145     874.501127 0.0000000e+00
7912     154.309557     870.440708 0.0000000e+00
7913     154.309004     866.380305 0.0000000e+00
7914     154.308487     862.319922 0.0000000e+00
7915     154.308006     858.259560 0.0000000e+00
7916     154.307562     854.199225 0.0000000e+00
7917     154.307156     850.138918 0.0000000e+00
7918     154.306790     846.078643 0.0000000e+00
7919     154.306464     842.018403 0.0000000e+00
7920     154.306177     837.958203 0.0000000e+00
7921     154.305926     833.898046 0.0000000e+00
7922     154.305716     829.837929 0.0000000e+00
7923     154.305552     825.777853 0.0000000e+00
7924     154.305445     821.717817 0.0000000e+00
7925     154.305399     817.657826 0.0000000e+00
7926     154.305427     813.597855 0.0000000e+00
7927     154.305703     809.537592 0.0000000e+00
7928     154.307103     805.476574 0.0000000e+00
7929     154.310314     801.421635 0.0000000e+00
7930     154.301862     797.410135 0.0000000e+00
7931     154.146732     793.501406 0.0000000e+00
7932     154.092014     789.414540 0.0000000e+00
7933     154.270312     785.417584 0.0000000e+00
7934     154.281121     781.373153 0.0000000e+00
7935     154.276384     777.314313 0.0000000e+00
7936     154.273049     773.247981 0.0000000e+00
7937     154.270546     769.153728 0.0000000e+00
7938     154.247959     764.968048 0.0000000e+00
7939     153.976431     760.577121 0.0000000e+00
7940     154.291414     756.037810 0.0000000e+00
7941     154.313787     751.831022 0.0000000e+00
7942     154.313188     747.731172 0.0000000e+00
7943     154.314019     743.660813 0.0000000e+00
7944     154.318748     739.595954 0.0000000e+00
7945     154.335700     735.536298 0.0000000e+00
7946     154.323589     731.530213 0.0000000e+00
7947     153.815301     727.851432 0.0000000e+00
7948     154.343146     724.399344 0.0000000e+00
7949     154.346841     720.463997 0.0000000e+00
7950     154.336419     716.422228 0.0000000e+00
7951     154.331594     712.362824 0.0000000e+00
7952     154.329442     708.302604 0.0000000e+00
7953     154.327709     704.243176 0.0000000e+00
7954     154.323443     700.184722 0.0000000e+00
7955     154.319301     696.125754 0.0000000e+00
7956     154.317425     692.065942 0.0000000e+00
7957     154.317745     688.005252 0.0000000e+00
7958     154.319234     683.945077 0.0000000e+00
7959     154.320634     679.887253 0.0000000e+00
7960     154.320217     675.828636 0.0000000e+00
7961     154.319409     671.769397 0.0000000e+00
7962     154.318578     667.709888 0.0000000e+00
7963     154.317789     663.650254 0.0000000e+00
7964     154.317055     659.590542 0.0000000e+00
7965     154.316377     655.530769 0.0000000e+00
7966     154.315753     651.470939 0.0000000e+00
7967     154.315180     647.411054 0.0000000e+00
7968     154.314657     643.351117 0.0000000e+00
7969     154.314182     639.291130 0.0000000e+00
7970     154.313733     635.231108 0.0000000e+00
7971     154.313306     631.171046 0.0000000e+00
7972     154.312925     627.110931 0.0000000e+00
7973     154.312600     623.050761 0.0000000e+00
7974     154.312342     618.990544 0.0000000e+00
7975     154.312156     614.930297 0.0000000e+00
7976     154.312029     610.870029 0.0000000e+00
7977     154.311944     606.809754 0.0000000e+00
7978     154.311880     602.749462 0.0000000e+00
7979     154.311835     598.689141 0.0000000e+00
7980     154.311824     594.628796 0.0000000e+00
7981     154.311854     590.568434 0.0000000e+00
7982     154.311926     586.508058 0.0000000e+00
7983     154.312043     582.447671 0.0000000e+00
7984     154.312223     578.387256 0.0000000e+00
7985     154.312587     574.326719 0.0000000e+00
7986     154.313363     570.266118 0.0000000e+00
7987     154.313095     566.208079 0.0000000e+00
7988     154.299558     562.163438 0.0000000e+00
7989     154.244346     558.137788 0.0000000e+00
7990     154.219166     554.063463 0.0000000e+00
7991     154.232131     549.982725 0.0000000e+00
7992     154.287122     545.943911 0.0000000e+00
7993     154.301578     541.896620 0.0000000e+00
7994     154.302096     537.840117 0.0000000e+00
7995     154.300883     533.780478 0.0000000e+00
7996     154.299562     529.720025 0.0000000e+00
7997     154.298284     525.659396 0.0000000e+00
7998     154.297047     521.598737 0.0000000e+00
7999     154.295841     517.538076 0.0000000e+00
8000     154.294662     513.477423 0.0000000e+00
8001     154.293507     509.416780 0.0000000e+00
8002     154.292377     505.356153 0.0000000e+00
8003     154.291272     501.295545 0.0000000e+00
8004     154.290192     497.234961 0.0000000e+00
8005     154.289138     493.174403 0.0000000e+00
8006     154.288112     489.113877 0.0000000e+00
8007     154.287114     485.053386 0.0000000e+00
8008     154.286147     480.992933 0.0000000e+00
8009     154.285210     476.932523 0.0000000e+00
8010     154.284307     472.872157 0.0000000e+00
8011     154.283440     468.811840 0.0000000e+00
8012     154.282611     464.751573 0.0000000e+00
8013     154.281821     460.691360 0.0000000e+00
8014     154.281086     456.631172 0.0000000e+00
8015     154.280579     452.570689 0.0000000e+00
8016     154.281156     448.509425 0.0000000e+00
8017     154.283503     444.454429 0.0000000e+00
8018     154.274905     440.444023 0.0000000e+00
8019     154.122562     436.536418 0.0000000e+00
8020     154.062917     432.447480 0.0000000e+00
8021     154.241240     428.446983 0.0000000e+00
8022     154.251399     424.392161 0.0000000e+00
8023     154.239949     420.260935 0.0000000e+00
8024     154.044262     415.902907 0.0000000e+00
8025     154.190534     411.407698 0.0000000e+00
8026     154.300941     407.108200 0.0000000e+00
8027     154.315724     402.968064 0.0000000e+00
8028     154.318666     398.884238 0.0000000e+00
8029     154.321571     394.813389 0.0000000e+00
8030     154.368178     390.714216 0.0000000e+00
8031     154.458452     386.628174 0.0000000e+00
8032     154.414477     382.666459 0.0000000e+00
8033     153.983963     378.845066 0.0000000e+00
8034     155.413863     375.214811 0.0000000e+00
8035     154.793366     370.977186 0.0000000e+00
8036     159.044733     372.567196 0.0000000e+00
8037     163.301782     373.466375 0.0000000e+00
8038     167.467620     374.077790 0.0000000e+00
8039     171.779022     374.997649 0.0000000e+00
8040     175.844810     376.150766 0.0000000e+00
8041     180.032428     377.137854 0.0000000e+00
8042     184.337714     378.032424 0.0000000e+00
8043     188.759350     379.030720 0.0000000e+00
8044     193.178117     380.185334 0.0000000e+00
8045     197.503460     381.611096 0.0000000e+00
8046     196.838103     377.086410 0.0000000e+00
8047     201.245634     378.669703 0.0000000e+00
8048     205.572124     380.890176 0.0000000e+00
8049     210.039601     383.630976 0.0000000e+00
8050     213.736088     387.591115 0.0000000e+00
8051     217.092941     391.509446 0.0000000e+00
8052     220.299141     395.341902 0.0000000e+00
8053     223.159746     399.305194 0.0000000e+00
8054     226.289831     403.376929 0.0000000e+00
8055     229.564030     407.281598 0.0000000e+00
8056     232.877081     411.539888 0.0000000e+00
8057     236.361752     415.987885 0.0000000e+00
8058     240.033002     420.601896 0.0000000e+00
8059     243.903306     425.383234 0.0000000e+00
8060     247.986003     430.344926 0.0000000e+00
8061     252.308822     435.492174 0.0000000e+00
8062     256.799527     440.934325 0.0000000e+00
8063     261.453112     446.234557 0.0000000e+00
8064     265.218115     451.860180 0.0000000e+00
8065     270.773802     456.260753 0.0000000e+00
8066     276.548959     462.123612 0.0000000e+00
8067     282.893005     468.405269 0.0000000e+00
8068     289.642435     475.913176 0.0000000e+00
8069     297.670653     482.418525 0.0000000e+00
8070     305.420470     489.188174 0.0000000e+00
8071     313.446352     495.995201 0.0000000e+00
8072     321.906819     502.860422 0.0000000e+00
8073     330.799724     509.791131 0.0000000e+00
8074     339.675984     517.075462 0.0000000e+00
8075     349.800270     524.139348 0.0000000e+00
8076     360.594166     530.477648 0.0000000e+00
8077     372.080658     537.620365 0.0000000e+00
8078     384.435412     544.055891 0.0000000e+00
8079     398.077035     549.685864 0.0000000e+00
8080     412.275107     555.082329 0.0000000e+00
8081     426.764206     560.277934 0.0000000e+00
8082     441.572416     565.386977 0.0000000e+00
8083     456.698319     570.518998 0.0000000e+00
8084     472.134429     575.722692 0.0000000e+00
8085     487.853458     580.926818 0.0000000e+00
8086     503.650672     586.343136 0.0000000e+00
8087     516.577613     597.464193 0.0000000e+00
8088     530.712458     594.218737 0.0000000e+00
8089     527.568063     612.175296 0.0000000e+00
8090     526.813404     629.657664 0.0000000e+00
8091     527.256455     647.497325 0.0000000e+00
8092     527.399484     665.229634 0.0000000e+00
8093     527.453177     682.858946 0.0000000e+00
8094     527.535417     700.402735 0.0000000e+00
8095     527.504455     717.454958 0.0000000e+00
8096     525.073973     732.432163 0.0000000e+00
8097     527.427050     748.158530 0.0000000e+00
8098     527.472612     766.077264 0.0000000e+00
8099     526.078401     785.745788 0.0000000e+00
8100     527.288664     804.494937 0.0000000e+00
8101     527.387315     822.471901 0.0000000e+00
8102     527.382198     840.147224 0.0000000e+00
8103     527.383918     857.731490 0.0000000e+00
8104     527.387343     875.292332 0.0000000e+00
8105     527.389635     892.849500 0.0000000e+00
8106     527.384892     910.412897 0.0000000e+00
8107     527.352633     927.990780 0.0000000e+00
8108     527.320320     945.541181 0.0000000e+00
8109     527.317039     963.075945 0.0000000e+00
8110     527.350005     980.621410 0.0000000e+00
8111     527.381755     998.172389 0.0000000e+00
8112     527.193873    1015.641860 0.0000000e+00
8113     527.155431    1033.240700 0.0000000e+00
8114     527.237709    1050.881150 0.0000000e+00
8115     527.405360    1068.332320 0.0000000e+00
8116     527.413106    1085.854590 0.0000000e+00
8117     527.414141    1103.399630 0.0000000e+00
8118     527.414752    1120.950480 0.0000000e+00
8119     527.415124    1138.502720 0.0000000e+00
8120     527.415366    1156.055210 0.0000000e+00
8121     527.415506    1173.607700 0.0000000e+00
8122     527.415069    1191.160500 0.0000000e+00
8123     527.412021    1208.714620 0.0000000e+00
8124     527.404033    1226.268420 0.0000000e+00
8125     527.403837    1243.802910 0.0000000e+00
8126     527.220776    1261.264260 0.0000000e+00
8127     527.347462    1278.042080 0.0000000e+00
8128     527.108508    1294.079290 0.0000000e+00
8129     525.343518    1309.021410 0.0000000e+00
8130     508.293973    1313.222910 0.0000000e+00
8131     492.094382    1317.905650 0.0000000e+00
8132     476.420864    1322.736500 0.0000000e+00
8133     461.000173    1327.911450 0.0000000e+00
8134     445.801258    1333.091550 0.0000000e+00
8135     430.883372    1338.180730 0.0000000e+00
8136     416.244283    1343.231500 0.0000000e+00
8137     402.067033    1348.449240 0.0000000e+00
8138     388.250903    1353.312730 0.0000000e+00
8139     375.494587    1359.798920 0.0000000e+00
8140     364.336110    1367.254370 0.0000000e+00
8141     353.412774    1374.164470 0.0000000e+00
8142     343.279969    1380.960670 0.0000000e+00
8143     333.820528    1385.865770 0.0000000e+00
8144     327.027185    1393.185300 0.0000000e+00
8145     318.577814    1399.942970 0.0000000e+00
8146     310.345460    1406.701790 0.0000000e+00
8147     302.537777    1413.379760 0.0000000e+00
8148     295.168199    1419.947370 0.0000000e+00
8149     288.236301    1426.392040 0.0000000e+00
8150     281.699189    1432.696390 0.0000000e+00
8151     275.427398    1438.930960 0.0000000e+00
8152     268.817430    1444.878760 0.0000000e+00
8153     263.470546    1451.581460 0.0000000e+00
8154     258.145401    1457.268420 0.0000000e+00
8155     253.427201    1462.668060 0.0000000e+00
8156     249.124581    1468.072660 0.0000000e+00
8157     245.083545    1473.087020 0.0000000e+00
8158     241.086903    1477.605790 0.0000000e+00
8159     237.350851    1482.300750 0.0000000e+00
8160     234.173248    1486.883020 0.0000000e+00
8161     230.879147    1491.122220 0.0000000e+00
8162     227.473893    1494.416270 0.0000000e+00
8163     225.414043    1498.383510 0.0000000e+00
8164     222.400538    1502.285580 0.0000000e+00
8165     219.225817    1506.166950 0.0000000e+00
8166     215.895343    1510.046480 0.0000000e+00
8167     212.453131    1514.173300 0.0000000e+00
8168     208.200788    1517.602900 0.0000000e+00
8169     204.337886    1520.359330 0.0000000e+00
8170     199.939922    1522.205140 0.0000000e+00
8171     195.539237    1523.376080 0.0000000e+00
8172     191.714907    1524.949490 0.0000000e+00
8173     187.745395    1525.217800 0.0000000e+00
8174     183.508048    1526.132360 0.0000000e+00
8175     179.217910    1527.094310 0.0000000e+00
8176     174.958918    1528.036180 0.0000000e+00
8177     170.753456    1528.965790 0.0000000e+00
8178     166.583016    1529.881940 0.0000000e+00
8179     162.361736    1530.705890 0.0000000e+00
8180     158.000749    1531.394270 0.0000000e+00
8181     153.653997    1532.647030 0.0000000e+00
8182     150.964894    1530.586770 0.0000000e+00
8183     151.352718    1526.442780 0.0000000e+00
8184     151.011312    1522.301030 0.0000000e+00
8185     150.828571    1518.217210 0.0000000e+00
8186     150.781648    1514.154670 0.0000000e+00
8187     150.783668    1510.105270 0.0000000e+00
8188     150.829428    1506.096320 0.0000000e+00
8189     150.830861    1502.076720 0.0000000e+00
8190     150.828655    1498.052530 0.0000000e+00
8191     150.828356    1494.027880 0.0000000e+00
8192     150.828923    1490.003460 0.0000000e+00
8193     150.829675    1485.979200 0.0000000e+00
8194     150.830534    1481.954930 0.0000000e+00
8195     150.831953    1477.929800 0.0000000e+00
8196     150.836807    1473.901520 0.0000000e+00
8197     150.851521    1469.879440 0.0000000e+00
8198     150.841099    1465.943010 0.0000000e+00
8199     150.304409    1462.444330 0.0000000e+00
8200     150.828495    1458.902340 0.0000000e+00
8201     150.839516    1454.959130 0.0000000e+00
8202     150.828161    1450.940510 0.0000000e+00
8203     150.827661    1446.912950 0.0000000e+00
8204     150.820725    1442.897790 0.0000000e+00
8205     150.650999    1438.932900 0.0000000e+00
8206     150.690874    1434.871990 0.0000000e+00
8207     150.849649    1430.989230 0.0000000e+00
8208     150.860639    1427.018600 0.0000000e+00
8209     150.858302    1423.009730 0.0000000e+00
8210     150.855243    1418.989530 0.0000000e+00
8211     150.852571    1414.966750 0.0000000e+00
8212     150.850154    1410.943490 0.0000000e+00
8213     150.847901    1406.920110 0.0000000e+00
8214     150.845773    1402.896670 0.0000000e+00
8215     150.843754    1398.873150 0.0000000e+00
8216     150.841845    1394.849570 0.0000000e+00
8217     150.840047    1390.825910 0.0000000e+00
8218     150.838359    1386.802170 0.0000000e+00
8219     150.836778    1382.778350 0.0000000e+00
8220     150.835300    1378.754460 0.0000000e+00
8221     150.833916    1374.730500 0.0000000e+00
8222     150.832621    1370.706470 0.0000000e+00
8223     150.831409    1366.682370 0.0000000e+00
8224     150.830280    1362.658200 0.0000000e+00
8225     150.829231    1358.633950 0.0000000e+00
8226     150.828262    1354.609640 0.0000000e+00
8227     150.827369    1350.585260 0.0000000e+00
8228     150.826552    1346.560820 0.0000000e+00
8229     150.825807    1342.536320 0.0000000e+00
8230     150.825132    1338.511750 0.0000000e+00
8231     150.824527    1334.487140 0.0000000e+00
8232     150.823988    1330.462470 0.0000000e+00
8233     150.823516    1326.437740 0.0000000e+00
8234     150.823108    1322.412980 0.0000000e+00
8235     150.822767    1318.388160 0.0000000e+00
8236     150.822506    1314.363300 0.0000000e+00
8237     150.822314    1310.338420 0.0000000e+00
8238     150.821763    1306.313860 0.0000000e+00
8239     150.818805    1302.290490 0.0000000e+00
8240     150.815959    1298.266110 0.0000000e+00
8241     150.813524    1294.241810 0.0000000e+00
8242     150.802516    1290.221850 0.0000000e+00
8243     150.796561    1286.195700 0.0000000e+00
8244     150.798668    1282.166110 0.0000000e+00
8245     150.805907    1278.138070 0.0000000e+00
8246     150.817590    1274.119300 0.0000000e+00
8247     150.819347    1270.096960 0.0000000e+00
8248     150.819326    1266.072680 0.0000000e+00
8249     150.819135    1262.047810 0.0000000e+00
8250     150.818962    1258.022790 0.0000000e+00
8251     150.818841    1253.997740 0.0000000e+00
8252     150.818777    1249.972680 0.0000000e+00
8253     150.818770    1245.947650 0.0000000e+00
8254     150.818820    1241.922620 0.0000000e+00
8255     150.818928    1237.897620 0.0000000e+00
8256     150.819096    1233.872640 0.0000000e+00
8257     150.819324    1229.847700 0.0000000e+00
8258     150.819613    1225.822780 0.0000000e+00
8259     150.819964    1221.797900 0.0000000e+00
8260     150.820379    1217.773050 0.0000000e+00
8261     150.820863    1213.748240 0.0000000e+00
8262     150.821418    1209.723480 0.0000000e+00
8263     150.822047    1205.698760 0.0000000e+00
8264     150.822752    1201.674080 0.0000000e+00
8265     150.823534    1197.649460 0.0000000e+00
8266     150.824395    1193.624890 0.0000000e+00
8267     150.825337    1189.600380 0.0000000e+00
8268     150.826363    1185.575910 0.0000000e+00
8269     150.827478    1181.551510 0.0000000e+00
8270     150.828687    1177.527150 0.0000000e+00
8271     150.830045    1173.502780 0.0000000e+00
8272     150.831768    1169.478290 0.0000000e+00
8273     150.833641    1165.455280 0.0000000e+00
8274     150.830123    1161.442900 0.0000000e+00
8275     150.790244    1157.454700 0.0000000e+00
8276     150.759695    1153.422130 0.0000000e+00
8277     150.766469    1149.382530 0.0000000e+00
8278     150.817497    1145.372690 0.0000000e+00
8279     150.821957    1141.352880 0.0000000e+00
8280     150.821978    1137.329460 0.0000000e+00
8281     150.822613    1133.305290 0.0000000e+00
8282     150.824028    1129.280010 0.0000000e+00
8283     150.828938    1125.251170 0.0000000e+00
8284     150.843439    1121.230540 0.0000000e+00
8285     150.837138    1117.311690 0.0000000e+00
8286     150.307523    1113.863780 0.0000000e+00
8287     150.821157    1110.271100 0.0000000e+00
8288     150.836785    1106.314520 0.0000000e+00
8289     150.824839    1102.293860 0.0000000e+00
8290     150.820434    1098.266260 0.0000000e+00
8291     150.820330    1094.239320 0.0000000e+00
8292     150.824328    1090.214010 0.0000000e+00
8293     150.818065    1086.204880 0.0000000e+00
8294     150.649256    1082.254370 0.0000000e+00
8295     150.674280    1078.195040 0.0000000e+00
8296     150.838012    1074.304490 0.0000000e+00
8297     150.848537    1070.328780 0.0000000e+00
8298     150.845300    1066.317450 0.0000000e+00
8299     150.842506    1062.296110 0.0000000e+00
8300     150.840656    1058.272650 0.0000000e+00
8301     150.839059    1054.249020 0.0000000e+00
8302     150.837487    1050.225680 0.0000000e+00
8303     150.835670    1046.202160 0.0000000e+00
8304     150.833834    1042.178460 0.0000000e+00
8305     150.832064    1038.154630 0.0000000e+00
8306     150.830380    1034.130700 0.0000000e+00
8307     150.828785    1030.106690 0.0000000e+00
8308     150.827278    1026.082600 0.0000000e+00
8309     150.825857    1022.058440 0.0000000e+00
8310     150.824515    1018.034200 0.0000000e+00
8311     150.823247    1014.009890 0.0000000e+00
8312     150.822054    1009.985510 0.0000000e+00
8313     150.820939    1005.961050 0.0000000e+00
8314     150.819901    1001.936530 0.0000000e+00
8315     150.818939     997.911938 0.0000000e+00
8316     150.818050     993.887287 0.0000000e+00
8317     150.817228     989.862580 0.0000000e+00
8318     150.816466     985.837820 0.0000000e+00
8319     150.815762     981.813009 0.0000000e+00
8320     150.815114     977.788147 0.0000000e+00
8321     150.814522     973.763237 0.0000000e+00
8322     150.813989     969.738284 0.0000000e+00
8323     150.813512     965.713291 0.0000000e+00
8324     150.813091     961.688263 0.0000000e+00
8325     150.812726     957.663202 0.0000000e+00
8326     150.812417     953.638113 0.0000000e+00
8327     150.812167     949.612996 0.0000000e+00
8328     150.811992     945.587844 0.0000000e+00
8329     150.811895     941.562685 0.0000000e+00
8330     150.811506     937.537894 0.0000000e+00
8331     150.808943     933.514566 0.0000000e+00
8332     150.804656     929.492030 0.0000000e+00
8333     150.792139     925.473533 0.0000000e+00
8334     150.784430     921.446121 0.0000000e+00
8335     150.785042     917.414454 0.0000000e+00
8336     150.793943     913.387081 0.0000000e+00
8337     150.806392     909.367706 0.0000000e+00
8338     150.808237     905.344929 0.0000000e+00
8339     150.808171     901.320437 0.0000000e+00
8340     150.807953     897.295467 0.0000000e+00
8341     150.807766     893.270394 0.0000000e+00
8342     150.807638     889.245318 0.0000000e+00
8343     150.807571     885.220263 0.0000000e+00
8344     150.807566     881.195237 0.0000000e+00
8345     150.807623     877.170244 0.0000000e+00
8346     150.807744     873.145286 0.0000000e+00
8347     150.807930     869.120366 0.0000000e+00
8348     150.808185     865.095488 0.0000000e+00
8349     150.808509     861.070654 0.0000000e+00
8350     150.808906     857.045866 0.0000000e+00
8351     150.809378     853.021126 0.0000000e+00
8352     150.809926     848.996436 0.0000000e+00
8353     150.810554     844.971798 0.0000000e+00
8354     150.811265     840.947214 0.0000000e+00
8355     150.812059     836.922686 0.0000000e+00
8356     150.812940     832.898214 0.0000000e+00
8357     150.813911     828.873797 0.0000000e+00
8358     150.814978     824.849436 0.0000000e+00
8359     150.816145     820.825131 0.0000000e+00
8360     150.817419     816.800875 0.0000000e+00
8361     150.818852     812.776592 0.0000000e+00
8362     150.820653     808.752181 0.0000000e+00
8363     150.822566     804.729485 0.0000000e+00
8364     150.819242     800.718430 0.0000000e+00
8365     150.781430     796.731938 0.0000000e+00
8366     150.747255     792.699281 0.0000000e+00
8367     150.752037     788.660790 0.0000000e+00
8368     150.803860     784.647118 0.0000000e+00
8369     150.808352     780.625716 0.0000000e+00
8370     150.808940     776.600819 0.0000000e+00
8371     150.813121     772.571618 0.0000000e+00
8372     150.826185     768.553359 0.0000000e+00
8373     150.825457     764.656132 0.0000000e+00
8374     150.314136     761.260472 0.0000000e+00
8375     150.806930     757.612545 0.0000000e+00
8376     150.826590     753.643135 0.0000000e+00
8377     150.814920     749.620284 0.0000000e+00
8378     150.810658     745.592507 0.0000000e+00
8379     150.810596     741.565504 0.0000000e+00
8380     150.814348     737.540497 0.0000000e+00
8381     150.807845     733.535137 0.0000000e+00
8382     150.642297     729.595211 0.0000000e+00
8383     150.654408     725.535784 0.0000000e+00
8384     150.823628     721.637068 0.0000000e+00
8385     150.835851     717.656455 0.0000000e+00
8386     150.833080     713.643456 0.0000000e+00
8387     150.830063     709.621693 0.0000000e+00
8388     150.827519     705.598175 0.0000000e+00
8389     150.824660     701.574605 0.0000000e+00
8390     150.821643     697.550832 0.0000000e+00
8391     150.819140     693.526690 0.0000000e+00
8392     150.817432     689.502300 0.0000000e+00
8393     150.816187     685.477798 0.0000000e+00
8394     150.815032     681.453459 0.0000000e+00
8395     150.813877     677.429420 0.0000000e+00
8396     150.812422     673.405186 0.0000000e+00
8397     150.810919     669.380774 0.0000000e+00
8398     150.809458     665.356248 0.0000000e+00
8399     150.808061     661.331637 0.0000000e+00
8400     150.806729     657.306955 0.0000000e+00
8401     150.805461     653.282207 0.0000000e+00
8402     150.804257     649.257395 0.0000000e+00
8403     150.803113     645.232524 0.0000000e+00
8404     150.802028     641.207595 0.0000000e+00
8405     150.800996     637.182616 0.0000000e+00
8406     150.800014     633.157589 0.0000000e+00
8407     150.799083     629.132513 0.0000000e+00
8408     150.798208     625.107391 0.0000000e+00
8409     150.797389     621.082226 0.0000000e+00
8410     150.796628     617.057024 0.0000000e+00
8411     150.795925     613.031790 0.0000000e+00
8412     150.795273     609.006530 0.0000000e+00
8413     150.794669     604.981251 0.0000000e+00
8414     150.794110     600.955951 0.0000000e+00
8415     150.793597     596.930633 0.0000000e+00
8416     150.793132     592.905302 0.0000000e+00
8417     150.792718     588.879960 0.0000000e+00
8418     150.792356     584.854613 0.0000000e+00
8419     150.792052     580.829258 0.0000000e+00
8420     150.791834     576.803873 0.0000000e+00
8421     150.791762     572.778453 0.0000000e+00
8422     150.791470     568.753614 0.0000000e+00
8423     150.787892     564.732237 0.0000000e+00
8424     150.774014     560.716393 0.0000000e+00
8425     150.763754     556.689825 0.0000000e+00
8426     150.761121     552.657738 0.0000000e+00
8427     150.767790     548.628421 0.0000000e+00
8428     150.781966     544.607472 0.0000000e+00
8429     150.785801     540.584823 0.0000000e+00
8430     150.786007     536.560439 0.0000000e+00
8431     150.785729     532.535516 0.0000000e+00
8432     150.785444     528.510485 0.0000000e+00
8433     150.785219     524.485463 0.0000000e+00
8434     150.785063     520.460477 0.0000000e+00
8435     150.784976     516.435537 0.0000000e+00
8436     150.784960     512.410643 0.0000000e+00
8437     150.785018     508.385800 0.0000000e+00
8438     150.785151     504.361009 0.0000000e+00
8439     150.785363     500.336271 0.0000000e+00
8440     150.785656     496.311588 0.0000000e+00
8441     150.786032     492.286961 0.0000000e+00
8442     150.786494     488.262392 0.0000000e+00
8443     150.787046     484.237880 0.0000000e+00
8444     150.787691     480.213427 0.0000000e+00
8445     150.788431     476.189033 0.0000000e+00
8446     150.789269     472.164696 0.0000000e+00
8447     150.790209     468.140418 0.0000000e+00
8448     150.791254     464.116196 0.0000000e+00
8449     150.792410     460.092023 0.0000000e+00
8450     150.793729     456.067812 0.0000000e+00
8451     150.795410     452.043463 0.0000000e+00
8452     150.797191     448.021022 0.0000000e+00
8453     150.794048     444.011023 0.0000000e+00
8454     150.758194     440.025648 0.0000000e+00
8455     150.720482     435.993165 0.0000000e+00
8456     150.723708     431.956132 0.0000000e+00
8457     150.776590     427.936931 0.0000000e+00
8458     150.786238     423.907736 0.0000000e+00
8459     150.788581     419.955195 0.0000000e+00
8460     150.409727     416.517545 0.0000000e+00
8461     150.685833     412.922139 0.0000000e+00
8462     150.792808     408.999134 0.0000000e+00
8463     150.804333     404.989397 0.0000000e+00
8464     150.798203     400.962652 0.0000000e+00
8465     150.796757     396.934221 0.0000000e+00
8466     150.808326     392.898579 0.0000000e+00
8467     150.833532     388.864155 0.0000000e+00
8468     150.827334     384.866468 0.0000000e+00
8469     150.705030     380.885640 0.0000000e+00
8470     150.957711     376.672409 0.0000000e+00
8471     151.189961     372.655501 0.0000000e+00
8472     150.758092     368.016339 0.0000000e+00
8473     154.711900     367.271776 0.0000000e+00
8474     158.485336     368.508552 0.0000000e+00
8475     162.473381     369.448315 0.0000000e+00
8476     166.592758     370.222454 0.0000000e+00
8477     170.800259     371.082518 0.0000000e+00
8478     175.052132     372.023509 0.0000000e+00
8479     179.278342     372.998958 0.0000000e+00
8480     183.569701     373.924421 0.0000000e+00
8481     187.939182     374.870290 0.0000000e+00
8482     192.363900     375.890701 0.0000000e+00
8483     191.144392     371.567026 0.0000000e+00
8484     195.593006     372.587764 0.0000000e+00
8485     200.054132     373.819890 0.0000000e+00
8486     204.400035     375.499114 0.0000000e+00
8487     208.426333     377.699298 0.0000000e+00
8488     212.176306     379.634390 0.0000000e+00
8489     215.653071     383.062252 0.0000000e+00
8490     218.977030     387.199185 0.0000000e+00
8491     222.370026     391.059041 0.0000000e+00
8492     225.578488     394.875588 0.0000000e+00
8493     227.873509     398.768466 0.0000000e+00
8494     231.339756     401.889270 0.0000000e+00
8495     234.779122     406.007484 0.0000000e+00
8496     238.432215     410.401150 0.0000000e+00
8497     242.302571     414.969525 0.0000000e+00
8498     246.394301     419.706504 0.0000000e+00
8499     250.724408     424.616249 0.0000000e+00
8500     255.320053     429.707414 0.0000000e+00
8501     260.211203     435.042990 0.0000000e+00
8502     265.477325     440.638687 0.0000000e+00
8503     270.623417     447.227033 0.0000000e+00
8504     277.617427     453.263387 0.0000000e+00
8505     284.276214     459.033986 0.0000000e+00
8506     291.062340     465.509250 0.0000000e+00
8507     298.331329     471.860341 0.0000000e+00
8508     306.338722     478.222741 0.0000000e+00
8509     314.585244     484.830895 0.0000000e+00
8510     323.231183     491.551708 0.0000000e+00
8511     332.400459     498.305478 0.0000000e+00
8512     341.867548     505.031284 0.0000000e+00
8513     349.771105     512.471277 0.0000000e+00
8514     359.938093     516.994422 0.0000000e+00
8515     371.229559     523.503032 0.0000000e+00
8516     383.549447     529.799220 0.0000000e+00
8517     396.753969     535.395384 0.0000000e+00
8518     410.825719     540.632148 0.0000000e+00
8519     425.340628     545.618914 0.0000000e+00
8520     440.191930     550.501357 0.0000000e+00
8521     455.366735     555.384069 0.0000000e+00
8522     470.864970     560.329913 0.0000000e+00
8523     486.744898     565.365492 0.0000000e+00
8524     503.186034     570.675760 0.0000000e+00
8525     520.135597     578.235998 0.0000000e+00
8526     538.590016     578.918029 0.0000000e+00
8527     546.233039     591.307714 0.0000000e+00
8528     543.362353     607.449564 0.0000000e+00
8529     542.538207     624.673348 0.0000000e+00
8530     542.627059     642.131572 0.0000000e+00
8531     542.757617     659.974725 0.0000000e+00
8532     542.795199     677.895407 0.0000000e+00
8533     542.807600     695.942263 0.0000000e+00
8534     542.737229     714.426711 0.0000000e+00
8535     541.420846     733.890457 0.0000000e+00
8536     542.709964     753.720799 0.0000000e+00
8537     542.288785     772.634670 0.0000000e+00
8538     542.206680     790.689249 0.0000000e+00
8539     542.662974     808.773394 0.0000000e+00
8540     542.726102     826.713766 0.0000000e+00
8541     542.746717     844.602907 0.0000000e+00
8542     542.766482     862.478382 0.0000000e+00
8543     542.785518     880.348340 0.0000000e+00
8544     542.800191     898.219104 0.0000000e+00
8545     542.807699     916.092172 0.0000000e+00
8546     542.812749     933.959651 0.0000000e+00
8547     542.821392     951.820508 0.0000000e+00
8548     542.839964     969.679405 0.0000000e+00
8549     542.873224     987.530634 0.0000000e+00
8550     542.854764    1005.272980 0.0000000e+00
8551     542.048364    1022.625120 0.0000000e+00
8552     542.051470    1040.625130 0.0000000e+00
8553     542.863685    1057.998370 0.0000000e+00
8554     542.897621    1075.712740 0.0000000e+00
8555     542.889791    1093.539950 0.0000000e+00
8556     542.888266    1111.393950 0.0000000e+00
8557     542.887771    1129.253910 0.0000000e+00
8558     542.887406    1147.115040 0.0000000e+00
8559     542.886997    1164.976300 0.0000000e+00
8560     542.886423    1182.837530 0.0000000e+00
8561     542.885194    1200.698900 0.0000000e+00
8562     542.882703    1218.560210 0.0000000e+00
8563     542.883158    1236.419250 0.0000000e+00
8564     542.857716    1254.272270 0.0000000e+00
8565     542.940023    1271.979000 0.0000000e+00
8566     542.990889    1289.402370 0.0000000e+00
8567     542.803504    1306.145300 0.0000000e+00
8568     538.569816    1320.868420 0.0000000e+00
8569     521.094244    1324.580750 0.0000000e+00
8570     504.584812    1329.288410 0.0000000e+00
8571     488.501100    1334.162040 0.0000000e+00
8572     472.741334    1339.058560 0.0000000e+00
8573     457.248677    1343.983480 0.0000000e+00
8574     442.031729    1348.860690 0.0000000e+00
8575     427.117339    1353.700060 0.0000000e+00
8576     412.602342    1358.655320 0.0000000e+00
8577     398.705462    1363.655650 0.0000000e+00
8578     386.253328    1366.791610 0.0000000e+00
8579     376.194734    1374.028300 0.0000000e+00
8580     364.548005    1380.528690 0.0000000e+00
8581     353.065882    1387.367270 0.0000000e+00
8582     341.154400    1394.179910 0.0000000e+00
8583     331.281452    1402.320160 0.0000000e+00
8584     321.999196    1409.367850 0.0000000e+00
8585     313.373022    1416.135410 0.0000000e+00
8586     305.229524    1422.642650 0.0000000e+00
8587     297.533004    1429.103040 0.0000000e+00
8588     290.287691    1435.467190 0.0000000e+00
8589     283.568814    1441.646070 0.0000000e+00
8590     276.987095    1447.533530 0.0000000e+00
8591     271.071856    1453.328230 0.0000000e+00
8592     265.563480    1459.152880 0.0000000e+00
8593     260.279543    1464.272960 0.0000000e+00
8594     255.352701    1469.598280 0.0000000e+00
8595     251.150296    1474.901250 0.0000000e+00
8596     246.897888    1479.712470 0.0000000e+00
8597     242.673118    1483.307020 0.0000000e+00
8598     239.934424    1487.951280 0.0000000e+00
8599     236.132627    1492.507930 0.0000000e+00
8600     231.844559    1497.034740 0.0000000e+00
8601     228.501601    1501.756520 0.0000000e+00
8602     225.122845    1505.893470 0.0000000e+00
8603     221.809982    1509.779990 0.0000000e+00
8604     218.563385    1513.423920 0.0000000e+00
8605     216.070118    1516.948320 0.0000000e+00
8606     212.281291    1519.622500 0.0000000e+00
8607     208.276349    1523.176600 0.0000000e+00
8608     203.536816    1525.271290 0.0000000e+00
8609     198.849950    1526.693240 0.0000000e+00
8610     194.448890    1527.980490 0.0000000e+00
8611     189.931586    1528.973490 0.0000000e+00
8612     185.616417    1529.691960 0.0000000e+00
8613     181.313163    1530.578770 0.0000000e+00
8614     177.030693    1531.476350 0.0000000e+00
8615     172.792979    1532.363450 0.0000000e+00
8616     168.604579    1533.235570 0.0000000e+00
8617     164.450476    1534.065180 0.0000000e+00
8618     160.327152    1534.810140 0.0000000e+00
8619     156.339140    1535.616410 0.0000000e+00
8620     152.459741    1536.529060 0.0000000e+00
8621     148.901638    1535.526330 0.0000000e+00
8622     147.265565    1532.323970 0.0000000e+00
8623     147.490115    1528.509720 0.0000000e+00
8624     147.511226    1524.615500 0.0000000e+00
8625     147.387823    1520.603030 0.0000000e+00
8626     147.336464    1516.573620 0.0000000e+00
8627     147.325484    1512.552340 0.0000000e+00
8628     147.329443    1508.538330 0.0000000e+00
8629     147.340197    1504.535190 0.0000000e+00
8630     147.340877    1500.529620 0.0000000e+00
8631     147.340661    1496.522850 0.0000000e+00
8632     147.340899    1492.515940 0.0000000e+00
8633     147.341345    1488.509080 0.0000000e+00
8634     147.341869    1484.502220 0.0000000e+00
8635     147.342597    1480.495130 0.0000000e+00
8636     147.344357    1476.487320 0.0000000e+00
8637     147.348205    1472.482610 0.0000000e+00
8638     147.339313    1468.508100 0.0000000e+00
8639     147.165769    1464.621820 0.0000000e+00
8640     147.162624    1460.585130 0.0000000e+00
8641     147.332071    1456.678740 0.0000000e+00
8642     147.343699    1452.703010 0.0000000e+00
8643     147.342336    1448.702890 0.0000000e+00
8644     147.339566    1444.701910 0.0000000e+00
8645     147.296287    1440.717380 0.0000000e+00
8646     147.284286    1436.692340 0.0000000e+00
8647     147.305232    1432.673300 0.0000000e+00
8648     147.348473    1428.693960 0.0000000e+00
8649     147.354594    1424.699380 0.0000000e+00
8650     147.354274    1420.696720 0.0000000e+00
8651     147.352966    1416.691340 0.0000000e+00
8652     147.351569    1412.685200 0.0000000e+00
8653     147.350225    1408.678880 0.0000000e+00
8654     147.348946    1404.672510 0.0000000e+00
8655     147.347727    1400.666100 0.0000000e+00
8656     147.346565    1396.659660 0.0000000e+00
8657     147.345461    1392.653200 0.0000000e+00
8658     147.344412    1388.646710 0.0000000e+00
8659     147.343419    1384.640190 0.0000000e+00
8660     147.342479    1380.633650 0.0000000e+00
8661     147.341591    1376.627080 0.0000000e+00
8662     147.340751    1372.620480 0.0000000e+00
8663     147.339959    1368.613860 0.0000000e+00
8664     147.339212    1364.607210 0.0000000e+00
8665     147.338509    1360.600540 0.0000000e+00
8666     147.337851    1356.593840 0.0000000e+00
8667     147.337235    1352.587120 0.0000000e+00
8668     147.336662    1348.580380 0.0000000e+00
8669     147.336129    1344.573610 0.0000000e+00
8670     147.335637    1340.566820 0.0000000e+00
8671     147.335184    1336.560020 0.0000000e+00
8672     147.334769    1332.553190 0.0000000e+00
8673     147.334392    1328.546350 0.0000000e+00
8674     147.334053    1324.539490 0.0000000e+00
8675     147.333751    1320.532610 0.0000000e+00
8676     147.333489    1316.525710 0.0000000e+00
8677     147.333267    1312.518800 0.0000000e+00
8678     147.332995    1308.511960 0.0000000e+00
8679     147.332223    1304.505440 0.0000000e+00
8680     147.331276    1300.498750 0.0000000e+00
8681     147.330331    1296.492060 0.0000000e+00
8682     147.327620    1292.486560 0.0000000e+00
8683     147.325198    1288.479650 0.0000000e+00
8684     147.324750    1284.471480 0.0000000e+00
8685     147.326018    1280.463150 0.0000000e+00
8686     147.328244    1276.455740 0.0000000e+00
8687     147.330978    1272.449970 0.0000000e+00
8688     147.331503    1268.443540 0.0000000e+00
8689     147.331545    1264.436730 0.0000000e+00
8690     147.331542    1260.429790 0.0000000e+00
8691     147.331556    1256.422830 0.0000000e+00
8692     147.331601    1252.415860 0.0000000e+00
8693     147.331681    1248.408880 0.0000000e+00
8694     147.331795    1244.401920 0.0000000e+00
8695     147.331945    1240.394950 0.0000000e+00
8696     147.332131    1236.387990 0.0000000e+00
8697     147.332354    1232.381040 0.0000000e+00
8698     147.332613    1228.374090 0.0000000e+00
8699     147.332911    1224.367160 0.0000000e+00
8700     147.333247    1220.360230 0.0000000e+00
8701     147.333623    1216.353310 0.0000000e+00
8702     147.334040    1212.346400 0.0000000e+00
8703     147.334500    1208.339500 0.0000000e+00
8704     147.335003    1204.332610 0.0000000e+00
8705     147.335550    1200.325740 0.0000000e+00
8706     147.336143    1196.318880 0.0000000e+00
8707     147.336782    1192.312030 0.0000000e+00
8708     147.337469    1188.305190 0.0000000e+00
8709     147.338205    1184.298370 0.0000000e+00
8710     147.338993    1180.291560 0.0000000e+00
8711     147.339846    1176.284740 0.0000000e+00
8712     147.340818    1172.277890 0.0000000e+00
8713     147.341799    1168.271350 0.0000000e+00
8714     147.341115    1164.267350 0.0000000e+00
8715     147.331753    1160.269440 0.0000000e+00
8716     147.323008    1156.263320 0.0000000e+00
8717     147.318466    1152.251010 0.0000000e+00
8718     147.325267    1148.240140 0.0000000e+00
8719     147.338415    1144.236990 0.0000000e+00
8720     147.340245    1140.231470 0.0000000e+00
8721     147.340934    1136.224990 0.0000000e+00
8722     147.341951    1132.218050 0.0000000e+00
8723     147.344034    1128.210320 0.0000000e+00
8724     147.347863    1124.207170 0.0000000e+00
8725     147.339054    1120.241150 0.0000000e+00
8726     147.172474    1116.372180 0.0000000e+00
8727     147.149795    1112.335840 0.0000000e+00
8728     147.320945    1108.411730 0.0000000e+00
8729     147.332399    1104.429060 0.0000000e+00
8730     147.329876    1100.426820 0.0000000e+00
8731     147.328865    1096.420260 0.0000000e+00
8732     147.329399    1092.413400 0.0000000e+00
8733     147.327387    1088.412630 0.0000000e+00
8734     147.286667    1084.431390 0.0000000e+00
8735     147.269714    1080.407090 0.0000000e+00
8736     147.286305    1076.390000 0.0000000e+00
8737     147.332127    1072.408280 0.0000000e+00
8738     147.337994    1068.411620 0.0000000e+00
8739     147.337656    1064.407800 0.0000000e+00
8740     147.336747    1060.401800 0.0000000e+00
8741     147.335859    1056.395300 0.0000000e+00
8742     147.335001    1052.388730 0.0000000e+00
8743     147.334169    1048.382170 0.0000000e+00
8744     147.333318    1044.375560 0.0000000e+00
8745     147.332487    1040.368920 0.0000000e+00
8746     147.331698    1036.362240 0.0000000e+00
8747     147.330954    1032.355550 0.0000000e+00
8748     147.330258    1028.348830 0.0000000e+00
8749     147.329608    1024.342100 0.0000000e+00
8750     147.329002    1020.335350 0.0000000e+00
8751     147.328440    1016.328580 0.0000000e+00
8752     147.327920    1012.321790 0.0000000e+00
8753     147.327442    1008.314990 0.0000000e+00
8754     147.327008    1004.308170 0.0000000e+00
8755     147.326615    1000.301340 0.0000000e+00
8756     147.326263     996.294499 0.0000000e+00
8757     147.325952     992.287644 0.0000000e+00
8758     147.325678     988.280778 0.0000000e+00
8759     147.325442     984.273904 0.0000000e+00
8760     147.325242     980.267020 0.0000000e+00
8761     147.325078     976.260129 0.0000000e+00
8762     147.324951     972.253231 0.0000000e+00
8763     147.324859     968.246327 0.0000000e+00
8764     147.324804     964.239418 0.0000000e+00
8765     147.324785     960.232506 0.0000000e+00
8766     147.324802     956.225591 0.0000000e+00
8767     147.324856     952.218674 0.0000000e+00
8768     147.324950     948.211753 0.0000000e+00
8769     147.325089     944.204831 0.0000000e+00
8770     147.325195     940.197997 0.0000000e+00
8771     147.324863     936.191538 0.0000000e+00
8772     147.323948     932.185389 0.0000000e+00
8773     147.321122     928.180344 0.0000000e+00
8774     147.318602     924.173444 0.0000000e+00
8775     147.317889     920.165120 0.0000000e+00
8776     147.319183     916.156735 0.0000000e+00
8777     147.322284     912.149623 0.0000000e+00
8778     147.325621     908.143802 0.0000000e+00
8779     147.326483     904.137389 0.0000000e+00
8780     147.326854     900.130679 0.0000000e+00
8781     147.327202     896.123898 0.0000000e+00
8782     147.327579     892.117108 0.0000000e+00
8783     147.327996     888.110327 0.0000000e+00
8784     147.328455     884.103558 0.0000000e+00
8785     147.328956     880.096803 0.0000000e+00
8786     147.329501     876.090063 0.0000000e+00
8787     147.330090     872.083337 0.0000000e+00
8788     147.330725     868.076627 0.0000000e+00
8789     147.331406     864.069933 0.0000000e+00
8790     147.332135     860.063255 0.0000000e+00
8791     147.332912     856.056593 0.0000000e+00
8792     147.333739     852.049947 0.0000000e+00
8793     147.334618     848.043318 0.0000000e+00
8794     147.335549     844.036705 0.0000000e+00
8795     147.336533     840.030108 0.0000000e+00
8796     147.337573     836.023528 0.0000000e+00
8797     147.338668     832.016964 0.0000000e+00
8798     147.339822     828.010415 0.0000000e+00
8799     147.341036     824.003881 0.0000000e+00
8800     147.342312     819.997359 0.0000000e+00
8801     147.343665     815.990831 0.0000000e+00
8802     147.345145     811.984267 0.0000000e+00
8803     147.346624     807.978090 0.0000000e+00
8804     147.346471     803.974734 0.0000000e+00
8805     147.338248     799.977405 0.0000000e+00
8806     147.328729     795.971454 0.0000000e+00
8807     147.322970     791.960178 0.0000000e+00
8808     147.330449     787.949953 0.0000000e+00
8809     147.344694     783.945838 0.0000000e+00
8810     147.347091     779.939789 0.0000000e+00
8811     147.349376     775.932403 0.0000000e+00
8812     147.353076     771.931143 0.0000000e+00
8813     147.344743     767.973701 0.0000000e+00
8814     147.187634     764.118798 0.0000000e+00
8815     147.143422     760.081525 0.0000000e+00
8816     147.311445     756.135940 0.0000000e+00
8817     147.322411     752.145468 0.0000000e+00
8818     147.319735     748.141239 0.0000000e+00
8819     147.318966     744.134303 0.0000000e+00
8820     147.319627     740.127564 0.0000000e+00
8821     147.317526     736.127972 0.0000000e+00
8822     147.279528     732.149075 0.0000000e+00
8823     147.257772     728.125643 0.0000000e+00
8824     147.271421     724.110442 0.0000000e+00
8825     147.320116     720.125228 0.0000000e+00
8826     147.326028     716.126424 0.0000000e+00
8827     147.325741     712.121877 0.0000000e+00
8828     147.324887     708.115738 0.0000000e+00
8829     147.323951     704.109304 0.0000000e+00
8830     147.322971     700.102793 0.0000000e+00
8831     147.322069     696.096164 0.0000000e+00
8832     147.321375     692.089441 0.0000000e+00
8833     147.320902     688.082701 0.0000000e+00
8834     147.320515     684.075996 0.0000000e+00
8835     147.320160     680.069342 0.0000000e+00
8836     147.319822     676.062712 0.0000000e+00
8837     147.319449     672.056053 0.0000000e+00
8838     147.319090     668.049372 0.0000000e+00
8839     147.318769     664.042677 0.0000000e+00
8840     147.318489     660.035975 0.0000000e+00
8841     147.318252     656.029267 0.0000000e+00
8842     147.318058     652.022554 0.0000000e+00
8843     147.317906     648.015837 0.0000000e+00
8844     147.317796     644.009118 0.0000000e+00
8845     147.317727     640.002397 0.0000000e+00
8846     147.317697     635.995677 0.0000000e+00
8847     147.317707     631.988957 0.0000000e+00
8848     147.317757     627.982237 0.0000000e+00
8849     147.317848     623.975518 0.0000000e+00
8850     147.317981     619.968802 0.0000000e+00
8851     147.318156     615.962090 0.0000000e+00
8852     147.318373     611.955383 0.0000000e+00
8853     147.318629     607.948682 0.0000000e+00
8854     147.318926     603.941989 0.0000000e+00
8855     147.319263     599.935303 0.0000000e+00
8856     147.319640     595.928625 0.0000000e+00
8857     147.320058     591.921956 0.0000000e+00
8858     147.320518     587.915296 0.0000000e+00
8859     147.321023     583.908645 0.0000000e+00
8860     147.321578     579.901996 0.0000000e+00
8861     147.322200     575.895342 0.0000000e+00
8862     147.322815     571.888822 0.0000000e+00
8863     147.322737     567.883169 0.0000000e+00
8864     147.320298     563.879018 0.0000000e+00
8865     147.317466     559.872720 0.0000000e+00
8866     147.316312     555.864971 0.0000000e+00
8867     147.317312     551.856958 0.0000000e+00
8868     147.320810     547.849864 0.0000000e+00
8869     147.325229     543.843960 0.0000000e+00
8870     147.327040     539.837820 0.0000000e+00
8871     147.327992     535.831462 0.0000000e+00
8872     147.328862     531.825053 0.0000000e+00
8873     147.329766     527.818644 0.0000000e+00
8874     147.330719     523.812248 0.0000000e+00
8875     147.331725     519.805869 0.0000000e+00
8876     147.332785     515.799505 0.0000000e+00
8877     147.333899     511.793157 0.0000000e+00
8878     147.335069     507.786825 0.0000000e+00
8879     147.336296     503.780508 0.0000000e+00
8880     147.337581     499.774205 0.0000000e+00
8881     147.338925     495.767917 0.0000000e+00
8882     147.340330     491.761643 0.0000000e+00
8883     147.341796     487.755381 0.0000000e+00
8884     147.343325     483.749132 0.0000000e+00
8885     147.344919     479.742894 0.0000000e+00
8886     147.346578     475.736667 0.0000000e+00
8887     147.348304     471.730449 0.0000000e+00
8888     147.350098     467.724239 0.0000000e+00
8889     147.351963     463.718035 0.0000000e+00
8890     147.353913     459.711814 0.0000000e+00
8891     147.355993     455.705549 0.0000000e+00
8892     147.358072     451.699726 0.0000000e+00
8893     147.358590     447.696915 0.0000000e+00
8894     147.351498     443.699983 0.0000000e+00
8895     147.341121     439.694495 0.0000000e+00
8896     147.334663     435.684757 0.0000000e+00
8897     147.343368     431.674606 0.0000000e+00
8898     147.359909     427.669056 0.0000000e+00
8899     147.357873     423.692154 0.0000000e+00
8900     147.252866     419.829982 0.0000000e+00
8901     147.154719     415.857028 0.0000000e+00
8902     147.246869     411.860628 0.0000000e+00
8903     147.307736     407.872587 0.0000000e+00
8904     147.313535     403.870431 0.0000000e+00
8905     147.312143     399.863592 0.0000000e+00
8906     147.314667     395.854041 0.0000000e+00
8907     147.321566     391.844494 0.0000000e+00
8908     147.323267     387.845460 0.0000000e+00
8909     147.299843     383.849082 0.0000000e+00
8910     147.336424     379.767726 0.0000000e+00
8911     147.427550     375.712822 0.0000000e+00
8912     147.489334     371.617103 0.0000000e+00
8913     146.871985     367.547898 0.0000000e+00
8914     148.508637     363.440119 0.0000000e+00
8915     152.882704     363.948049 0.0000000e+00
8916     157.311804     364.453243 0.0000000e+00
8917     161.373191     365.390563 0.0000000e+00
8918     165.457025     366.234040 0.0000000e+00
8919     169.618200     367.070865 0.0000000e+00
8920     173.834715     367.943563 0.0000000e+00
8921     178.094620     368.835151 0.0000000e+00
8922     182.387727     369.730990 0.0000000e+00
8923     186.734187     370.632597 0.0000000e+00
8924     185.386363     366.395522 0.0000000e+00
8925     189.781343     367.265720 0.0000000e+00
8926     194.231036     368.175977 0.0000000e+00
8927     198.720352     369.194091 0.0000000e+00
8928     203.189616     370.475395 0.0000000e+00
8929     207.486813     372.213405 0.0000000e+00
8930     211.511427     374.334523 0.0000000e+00
8931     215.382970     377.028197 0.0000000e+00
8932     218.802279     379.536318 0.0000000e+00
8933     221.358702     383.295117 0.0000000e+00
8934     224.441788     387.047820 0.0000000e+00
8935     228.008278     391.085470 0.0000000e+00
8936     231.654912     395.493162 0.0000000e+00
8937     235.911405     399.685339 0.0000000e+00
8938     239.892867     404.108174 0.0000000e+00
8939     244.002317     408.647826 0.0000000e+00
8940     248.329640     413.336192 0.0000000e+00
8941     252.909576     418.190310 0.0000000e+00
8942     257.771459     423.214605 0.0000000e+00
8943     262.942444     428.419742 0.0000000e+00
8944     268.453542     433.785647 0.0000000e+00
8945     274.073631     439.408712 0.0000000e+00
8946     278.564471     445.286386 0.0000000e+00
8947     285.358218     449.435368 0.0000000e+00
8948     292.305150     455.351644 0.0000000e+00
8949     299.765023     461.517474 0.0000000e+00
8950     307.743231     467.771250 0.0000000e+00
8951     316.222299     474.165769 0.0000000e+00
8952     325.111673     480.720286 0.0000000e+00
8953     334.449272     487.462941 0.0000000e+00
8954     344.749780     494.450241 0.0000000e+00
8955     355.884451     502.580115 0.0000000e+00
8956     368.235700     509.149348 0.0000000e+00
8957     380.945933     515.510571 0.0000000e+00
8958     393.995533     520.563962 0.0000000e+00
8959     407.850175     525.722914 0.0000000e+00
8960     422.309346     530.549215 0.0000000e+00
8961     437.157619     535.208353 0.0000000e+00
8962     452.343280     539.837245 0.0000000e+00
8963     467.847667     544.508599 0.0000000e+00
8964     483.670406     549.261333 0.0000000e+00
8965     499.838086     554.167442 0.0000000e+00
8966     516.238530     559.713550 0.0000000e+00
8967     532.269245     563.814858 0.0000000e+00
8968     549.288137     566.639646 0.0000000e+00
8969     559.564778     578.710803 0.0000000e+00
8970     559.089263     597.946691 0.0000000e+00
8971     558.067617     616.256415 0.0000000e+00
8972     558.590047     633.755130 0.0000000e+00
8973     558.587612     651.689585 0.0000000e+00
8974     558.597495     669.824364 0.0000000e+00
8975     558.582169     688.020640 0.0000000e+00
8976     558.495689     706.314350 0.0000000e+00
8977     558.010584     724.836728 0.0000000e+00
8978     557.960988     743.122603 0.0000000e+00
8979     558.332309     761.759647 0.0000000e+00
8980     558.327881     780.060813 0.0000000e+00
8981     558.366800     798.222110 0.0000000e+00
8982     558.487768     816.470158 0.0000000e+00
8983     558.518992     834.687035 0.0000000e+00
8984     558.543599     852.878098 0.0000000e+00
8985     558.582228     871.041756 0.0000000e+00
8986     558.593435     889.214810 0.0000000e+00
8987     558.601886     907.390393 0.0000000e+00
8988     558.609026     925.565610 0.0000000e+00
8989     558.616476     943.739070 0.0000000e+00
8990     558.626660     961.912021 0.0000000e+00
8991     558.652021     980.091359 0.0000000e+00
8992     558.732920     998.239947 0.0000000e+00
8993     558.685558    1015.982620 0.0000000e+00
8994     556.147345    1031.731880 0.0000000e+00
8995     558.649565    1047.586150 0.0000000e+00
8996     558.735079    1065.330840 0.0000000e+00
8997     558.673205    1083.436520 0.0000000e+00
8998     558.652198    1101.601220 0.0000000e+00
8999     558.644026    1119.773310 0.0000000e+00
9000     558.638204    1137.946650 0.0000000e+00
9001     558.632806    1156.120770 0.0000000e+00
9002     558.627440    1174.295660 0.0000000e+00
9003     558.621904    1192.471350 0.0000000e+00
9004     558.615987    1210.647770 0.0000000e+00
9005     558.610619    1228.824250 0.0000000e+00
9006     558.601740    1247.002400 0.0000000e+00
9007     558.624754    1265.170270 0.0000000e+00
9008     558.669252    1283.364760 0.0000000e+00
9009     558.620921    1301.683330 0.0000000e+00
9010     558.182193    1320.496410 0.0000000e+00
9011     549.588547    1333.388450 0.0000000e+00
9012     533.033941    1336.804740 0.0000000e+00
9013     516.526101    1341.188220 0.0000000e+00
9014     500.192460    1345.908710 0.0000000e+00
9015     484.106454    1350.651500 0.0000000e+00
9016     468.306289    1355.352280 0.0000000e+00
9017     452.795879    1360.004760 0.0000000e+00
9018     437.572812    1364.612790 0.0000000e+00
9019     422.586104    1369.271640 0.0000000e+00
9020     407.581741    1374.174550 0.0000000e+00
9021     391.920847    1378.975470 0.0000000e+00
9022     378.227447    1386.362000 0.0000000e+00
9023     365.697125    1392.872230 0.0000000e+00
9024     353.927404    1399.303180 0.0000000e+00
9025     343.374798    1405.981480 0.0000000e+00
9026     333.540824    1412.944090 0.0000000e+00
9027     324.174088    1419.679010 0.0000000e+00
9028     315.384531    1426.270210 0.0000000e+00
9029     307.102659    1432.255470 0.0000000e+00
9030     299.121590    1438.589540 0.0000000e+00
9031     292.130174    1444.920220 0.0000000e+00
9032     285.084251    1450.826280 0.0000000e+00
9033     278.493095    1456.609380 0.0000000e+00
9034     272.390343    1462.284840 0.0000000e+00
9035     266.772147    1467.690390 0.0000000e+00
9036     261.399901    1471.579320 0.0000000e+00
9037     257.650095    1476.929290 0.0000000e+00
9038     252.737155    1482.057860 0.0000000e+00
9039     247.355024    1487.074770 0.0000000e+00
9040     243.037494    1492.498720 0.0000000e+00
9041     238.681193    1497.160130 0.0000000e+00
9042     234.775134    1501.516670 0.0000000e+00
9043     231.160204    1505.843600 0.0000000e+00
9044     227.623697    1509.878360 0.0000000e+00
9045     224.226418    1513.718850 0.0000000e+00
9046     221.058723    1517.433610 0.0000000e+00
9047     217.528143    1520.968500 0.0000000e+00
9048     213.817957    1523.937180 0.0000000e+00
9049     210.611152    1526.980430 0.0000000e+00
9050     206.276822    1528.867640 0.0000000e+00
9051     201.422599    1530.148830 0.0000000e+00
9052     196.804919    1531.383520 0.0000000e+00
9053     192.255858    1532.389130 0.0000000e+00
9054     187.769748    1533.274230 0.0000000e+00
9055     183.398432    1534.094070 0.0000000e+00
9056     179.078085    1534.941270 0.0000000e+00
9057     174.805685    1535.784400 0.0000000e+00
9058     170.584760    1536.616200 0.0000000e+00
9059     166.412124    1537.427660 0.0000000e+00
9060     162.281376    1538.201620 0.0000000e+00
9061     158.202730    1538.966680 0.0000000e+00
9062     154.110408    1539.728540 0.0000000e+00
9063     149.685970    1539.845730 0.0000000e+00
9064     145.244451    1539.948230 0.0000000e+00
9065     144.503765    1535.775640 0.0000000e+00
9066     143.887488    1531.551810 0.0000000e+00
9067     143.936697    1527.506230 0.0000000e+00
9068     143.933580    1523.502080 0.0000000e+00
9069     143.897527    1519.490500 0.0000000e+00
9070     143.884076    1515.482110 0.0000000e+00
9071     143.882040    1511.477260 0.0000000e+00
9072     143.883775    1507.475020 0.0000000e+00
9073     143.886529    1503.474430 0.0000000e+00
9074     143.886973    1499.473370 0.0000000e+00
9075     143.887203    1495.472090 0.0000000e+00
9076     143.887548    1491.470790 0.0000000e+00
9077     143.887948    1487.469490 0.0000000e+00
9078     143.888417    1483.468130 0.0000000e+00
9079     143.889152    1479.466580 0.0000000e+00
9080     143.890216    1475.465980 0.0000000e+00
9081     143.886976    1471.474500 0.0000000e+00
9082     143.845706    1467.506390 0.0000000e+00
9083     143.816198    1463.490130 0.0000000e+00
9084     143.828971    1459.480830 0.0000000e+00
9085     143.878002    1455.496190 0.0000000e+00
9086     143.882963    1451.500220 0.0000000e+00
9087     143.882408    1447.501540 0.0000000e+00
9088     143.873499    1443.507290 0.0000000e+00
9089     143.866241    1439.502530 0.0000000e+00
9090     143.866572    1435.495650 0.0000000e+00
9091     143.874132    1431.493910 0.0000000e+00
9092     143.885792    1427.497080 0.0000000e+00
9093     143.887803    1423.497720 0.0000000e+00
9094     143.887798    1419.497110 0.0000000e+00
9095     143.887474    1415.496090 0.0000000e+00
9096     143.887107    1411.494960 0.0000000e+00
9097     143.886758    1407.493800 0.0000000e+00
9098     143.886432    1403.492640 0.0000000e+00
9099     143.886131    1399.491460 0.0000000e+00
9100     143.885854    1395.490280 0.0000000e+00
9101     143.885600    1391.489100 0.0000000e+00
9102     143.885370    1387.487900 0.0000000e+00
9103     143.885163    1383.486710 0.0000000e+00
9104     143.884978    1379.485510 0.0000000e+00
9105     143.884814    1375.484300 0.0000000e+00
9106     143.884671    1371.483090 0.0000000e+00
9107     143.884548    1367.481880 0.0000000e+00
9108     143.884445    1363.480660 0.0000000e+00
9109     143.884361    1359.479440 0.0000000e+00
9110     143.884296    1355.478210 0.0000000e+00
9111     143.884249    1351.476980 0.0000000e+00
9112     143.884221    1347.475740 0.0000000e+00
9113     143.884210    1343.474500 0.0000000e+00
9114     143.884217    1339.473260 0.0000000e+00
9115     143.884241    1335.472010 0.0000000e+00
9116     143.884282    1331.470760 0.0000000e+00
9117     143.884339    1327.469510 0.0000000e+00
9118     143.884413    1323.468250 0.0000000e+00
9119     143.884504    1319.466990 0.0000000e+00
9120     143.884612    1315.465730 0.0000000e+00
9121     143.884721    1311.464480 0.0000000e+00
9122     143.884739    1307.463310 0.0000000e+00
9123     143.884675    1303.462120 0.0000000e+00
9124     143.884574    1299.460930 0.0000000e+00
9125     143.884128    1295.460020 0.0000000e+00
9126     143.883565    1291.458860 0.0000000e+00
9127     143.883330    1287.457350 0.0000000e+00
9128     143.883673    1283.455730 0.0000000e+00
9129     143.884367    1279.454230 0.0000000e+00
9130     143.885271    1275.452960 0.0000000e+00
9131     143.886143    1271.451880 0.0000000e+00
9132     143.886509    1267.450690 0.0000000e+00
9133     143.886757    1263.449450 0.0000000e+00
9134     143.887000    1259.448180 0.0000000e+00
9135     143.887253    1255.446920 0.0000000e+00
9136     143.887521    1251.445650 0.0000000e+00
9137     143.887803    1247.444380 0.0000000e+00
9138     143.888100    1243.443110 0.0000000e+00
9139     143.888413    1239.441840 0.0000000e+00
9140     143.888742    1235.440570 0.0000000e+00
9141     143.889086    1231.439300 0.0000000e+00
9142     143.889446    1227.438030 0.0000000e+00
9143     143.889823    1223.436760 0.0000000e+00
9144     143.890217    1219.435490 0.0000000e+00
9145     143.890627    1215.434230 0.0000000e+00
9146     143.891055    1211.432960 0.0000000e+00
9147     143.891501    1207.431700 0.0000000e+00
9148     143.891966    1203.430430 0.0000000e+00
9149     143.892449    1199.429170 0.0000000e+00
9150     143.892951    1195.427900 0.0000000e+00
9151     143.893474    1191.426640 0.0000000e+00
9152     143.894016    1187.425380 0.0000000e+00
9153     143.894579    1183.424120 0.0000000e+00
9154     143.895166    1179.422850 0.0000000e+00
9155     143.895791    1175.421570 0.0000000e+00
9156     143.896427    1171.420350 0.0000000e+00
9157     143.896658    1167.419700 0.0000000e+00
9158     143.894878    1163.420480 0.0000000e+00
9159     143.892394    1159.419780 0.0000000e+00
9160     143.890762    1155.417740 0.0000000e+00
9161     143.890985    1151.414950 0.0000000e+00
9162     143.894025    1147.413220 0.0000000e+00
9163     143.897574    1143.412680 0.0000000e+00
9164     143.898447    1139.411660 0.0000000e+00
9165     143.899092    1135.410380 0.0000000e+00
9166     143.900036    1131.408890 0.0000000e+00
9167     143.901139    1127.408700 0.0000000e+00
9168     143.897344    1123.418940 0.0000000e+00
9169     143.856565    1119.453240 0.0000000e+00
9170     143.823613    1115.439310 0.0000000e+00
9171     143.833225    1111.427960 0.0000000e+00
9172     143.882612    1107.439990 0.0000000e+00
9173     143.886797    1103.442660 0.0000000e+00
9174     143.886546    1099.442120 0.0000000e+00
9175     143.886692    1095.440970 0.0000000e+00
9176     143.886261    1091.441390 0.0000000e+00
9177     143.877889    1087.447220 0.0000000e+00
9178     143.870087    1083.443110 0.0000000e+00
9179     143.868477    1079.437000 0.0000000e+00
9180     143.876030    1075.434960 0.0000000e+00
9181     143.888445    1071.437450 0.0000000e+00
9182     143.890374    1067.437650 0.0000000e+00
9183     143.890462    1063.436830 0.0000000e+00
9184     143.890370    1059.435740 0.0000000e+00
9185     143.890264    1055.434590 0.0000000e+00
9186     143.890171    1051.433430 0.0000000e+00
9187     143.890090    1047.432270 0.0000000e+00
9188     143.890014    1043.431100 0.0000000e+00
9189     143.889953    1039.429930 0.0000000e+00
9190     143.889911    1035.428750 0.0000000e+00
9191     143.889890    1031.427570 0.0000000e+00
9192     143.889889    1027.426380 0.0000000e+00
9193     143.889908    1023.425190 0.0000000e+00
9194     143.889947    1019.424000 0.0000000e+00
9195     143.890005    1015.422800 0.0000000e+00
9196     143.890082    1011.421600 0.0000000e+00
9197     143.890177    1007.420400 0.0000000e+00
9198     143.890291    1003.419200 0.0000000e+00
9199     143.890424     999.417991 0.0000000e+00
9200     143.890574     995.416783 0.0000000e+00
9201     143.890742     991.415572 0.0000000e+00
9202     143.890927     987.414360 0.0000000e+00
9203     143.891129     983.413146 0.0000000e+00
9204     143.891347     979.411931 0.0000000e+00
9205     143.891581     975.410714 0.0000000e+00
9206     143.891832     971.409496 0.0000000e+00
9207     143.892099     967.408277 0.0000000e+00
9208     143.892382     963.407057 0.0000000e+00
9209     143.892681     959.405836 0.0000000e+00
9210     143.892996     955.404614 0.0000000e+00
9211     143.893329     951.403390 0.0000000e+00
9212     143.893679     947.402164 0.0000000e+00
9213     143.894034     943.400955 0.0000000e+00
9214     143.894310     939.399827 0.0000000e+00
9215     143.894426     935.398789 0.0000000e+00
9216     143.894096     931.398016 0.0000000e+00
9217     143.893614     927.396916 0.0000000e+00
9218     143.893451     923.395469 0.0000000e+00
9219     143.893857     919.393903 0.0000000e+00
9220     143.894781     915.392429 0.0000000e+00
9221     143.896099     911.391201 0.0000000e+00
9222     143.897264     907.390143 0.0000000e+00
9223     143.897855     903.388996 0.0000000e+00
9224     143.898333     899.387804 0.0000000e+00
9225     143.898814     895.386601 0.0000000e+00
9226     143.899310     891.385397 0.0000000e+00
9227     143.899824     887.384193 0.0000000e+00
9228     143.900355     883.382989 0.0000000e+00
9229     143.900905     879.381786 0.0000000e+00
9230     143.901473     875.380584 0.0000000e+00
9231     143.902060     871.379382 0.0000000e+00
9232     143.902666     867.378182 0.0000000e+00
9233     143.903292     863.376981 0.0000000e+00
9234     143.903939     859.375781 0.0000000e+00
9235     143.904605     855.374582 0.0000000e+00
9236     143.905293     851.373383 0.0000000e+00
9237     143.906003     847.372184 0.0000000e+00
9238     143.906735     843.370985 0.0000000e+00
9239     143.907489     839.369786 0.0000000e+00
9240     143.908266     835.368586 0.0000000e+00
9241     143.909067     831.367386 0.0000000e+00
9242     143.909893     827.366186 0.0000000e+00
9243     143.910744     823.364984 0.0000000e+00
9244     143.911624     819.363776 0.0000000e+00
9245     143.912545     815.362554 0.0000000e+00
9246     143.913475     811.361402 0.0000000e+00
9247     143.913989     807.360859 0.0000000e+00
9248     143.912611     803.361705 0.0000000e+00
9249     143.910242     799.361177 0.0000000e+00
9250     143.908220     795.359444 0.0000000e+00
9251     143.908398     791.356789 0.0000000e+00
9252     143.912081     787.354972 0.0000000e+00
9253     143.916119     783.354211 0.0000000e+00
9254     143.917529     779.352916 0.0000000e+00
9255     143.918656     775.353208 0.0000000e+00
9256     143.914428     771.365102 0.0000000e+00
9257     143.874644     767.401087 0.0000000e+00
9258     143.838010     763.389399 0.0000000e+00
9259     143.843429     759.375897 0.0000000e+00
9260     143.891941     755.384234 0.0000000e+00
9261     143.895455     751.385583 0.0000000e+00
9262     143.895130     747.384733 0.0000000e+00
9263     143.895410     743.383609 0.0000000e+00
9264     143.895025     739.384265 0.0000000e+00
9265     143.887165     735.390245 0.0000000e+00
9266     143.878760     731.386812 0.0000000e+00
9267     143.875510     727.381460 0.0000000e+00
9268     143.883477     723.378989 0.0000000e+00
9269     143.896684     719.380685 0.0000000e+00
9270     143.898564     715.380524 0.0000000e+00
9271     143.898717     711.379633 0.0000000e+00
9272     143.898727     707.378584 0.0000000e+00
9273     143.898714     703.377502 0.0000000e+00
9274     143.898713     699.376392 0.0000000e+00
9275     143.898760     695.375256 0.0000000e+00
9276     143.898877     691.374107 0.0000000e+00
9277     143.899051     687.372967 0.0000000e+00
9278     143.899247     683.371834 0.0000000e+00
9279     143.899459     679.370706 0.0000000e+00
9280     143.899679     675.369578 0.0000000e+00
9281     143.899900     671.368446 0.0000000e+00
9282     143.900134     667.367310 0.0000000e+00
9283     143.900387     663.366172 0.0000000e+00
9284     143.900658     659.365033 0.0000000e+00
9285     143.900948     655.363891 0.0000000e+00
9286     143.901258     651.362748 0.0000000e+00
9287     143.901586     647.361604 0.0000000e+00
9288     143.901933     643.360458 0.0000000e+00
9289     143.902298     639.359312 0.0000000e+00
9290     143.902681     635.358165 0.0000000e+00
9291     143.903082     631.357016 0.0000000e+00
9292     143.903501     627.355867 0.0000000e+00
9293     143.903938     623.354717 0.0000000e+00
9294     143.904393     619.353566 0.0000000e+00
9295     143.904867     615.352415 0.0000000e+00
9296     143.905359     611.351263 0.0000000e+00
9297     143.905868     607.350111 0.0000000e+00
9298     143.906395     603.348959 0.0000000e+00
9299     143.906940     599.347807 0.0000000e+00
9300     143.907503     595.346654 0.0000000e+00
9301     143.908083     591.345501 0.0000000e+00
9302     143.908683     587.344348 0.0000000e+00
9303     143.909302     583.343192 0.0000000e+00
9304     143.909947     579.342030 0.0000000e+00
9305     143.910603     575.340888 0.0000000e+00
9306     143.911123     571.339924 0.0000000e+00
9307     143.911115     567.339319 0.0000000e+00
9308     143.910775     563.338395 0.0000000e+00
9309     143.910594     559.337121 0.0000000e+00
9310     143.911023     555.335691 0.0000000e+00
9311     143.912108     551.334240 0.0000000e+00
9312     143.913819     547.332966 0.0000000e+00
9313     143.915451     543.331903 0.0000000e+00
9314     143.916439     539.330812 0.0000000e+00
9315     143.917235     535.329687 0.0000000e+00
9316     143.918025     531.328551 0.0000000e+00
9317     143.918833     527.327412 0.0000000e+00
9318     143.919663     523.326272 0.0000000e+00
9319     143.920514     519.325132 0.0000000e+00
9320     143.921389     515.323990 0.0000000e+00
9321     143.922286     511.322846 0.0000000e+00
9322     143.923207     507.321702 0.0000000e+00
9323     143.924151     503.320556 0.0000000e+00
9324     143.925120     499.319407 0.0000000e+00
9325     143.926114     495.318257 0.0000000e+00
9326     143.927134     491.317104 0.0000000e+00
9327     143.928179     487.315949 0.0000000e+00
9328     143.929251     483.314791 0.0000000e+00
9329     143.930350     479.313630 0.0000000e+00
9330     143.931477     475.312465 0.0000000e+00
9331     143.932632     471.311296 0.0000000e+00
9332     143.933816     467.310123 0.0000000e+00
9333     143.935033     463.308941 0.0000000e+00
9334     143.936295     459.307741 0.0000000e+00
9335     143.937563     455.306619 0.0000000e+00
9336     143.938420     451.306128 0.0000000e+00
9337     143.937473     447.306988 0.0000000e+00
9338     143.935182     443.306662 0.0000000e+00
9339     143.932812     439.305267 0.0000000e+00
9340     143.933196     435.302603 0.0000000e+00
9341     143.937858     431.300686 0.0000000e+00
9342     143.939648     427.307200 0.0000000e+00
9343     143.912734     423.339096 0.0000000e+00
9344     143.872010     419.349680 0.0000000e+00
9345     143.855995     415.333766 0.0000000e+00
9346     143.884854     411.330138 0.0000000e+00
9347     143.906737     407.332516 0.0000000e+00
9348     143.908834     403.332210 0.0000000e+00
9349     143.909370     399.330533 0.0000000e+00
9350     143.911445     395.328601 0.0000000e+00
9351     143.912968     391.328920 0.0000000e+00
9352     143.909808     387.330036 0.0000000e+00
9353     143.916980     383.312095 0.0000000e+00
9354     143.942359     379.297768 0.0000000e+00
9355     143.987189     375.316422 0.0000000e+00
9356     143.923850     371.493798 0.0000000e+00
9357     143.360153     367.983471 0.0000000e+00
9358     144.286270     364.175813 0.0000000e+00
9359     144.530686     360.078956 0.0000000e+00
9360     148.273342     359.374585 0.0000000e+00
9361     151.891454     360.179209 0.0000000e+00
9362     155.910158     360.730732 0.0000000e+00
9363     160.059449     361.409246 0.0000000e+00
9364     164.155457     362.223432 0.0000000e+00
9365     168.295361     363.036453 0.0000000e+00
9366     172.492759     363.859934 0.0000000e+00
9367     176.741637     364.697924 0.0000000e+00
9368     181.038460     365.541879 0.0000000e+00
9369     179.597947     361.377174 0.0000000e+00
9370     183.949910     362.181785 0.0000000e+00
9371     188.357164     362.998363 0.0000000e+00
9372     192.821136     363.838247 0.0000000e+00
9373     197.340599     364.730453 0.0000000e+00
9374     201.893096     365.763206 0.0000000e+00
9375     206.404943     367.117117 0.0000000e+00
9376     210.766831     368.982984 0.0000000e+00
9377     214.994504     371.486863 0.0000000e+00
9378     219.345390     374.278645 0.0000000e+00
9379     223.127544     378.465152 0.0000000e+00
9380     226.501371     382.310644 0.0000000e+00
9381     229.165729     386.250705 0.0000000e+00
9382     232.915724     389.305900 0.0000000e+00
9383     236.698683     393.250628 0.0000000e+00
9384     240.905230     397.441589 0.0000000e+00
9385     245.240985     401.887216 0.0000000e+00
9386     249.808260     406.509739 0.0000000e+00
9387     254.646123     411.304057 0.0000000e+00
9388     259.786118     416.269903 0.0000000e+00
9389     265.267627     421.412568 0.0000000e+00
9390     271.160831     426.761288 0.0000000e+00
9391     277.562532     432.484663 0.0000000e+00
9392     284.343945     439.164773 0.0000000e+00
9393     292.674846     444.940850 0.0000000e+00
9394     300.662734     451.016215 0.0000000e+00
9395     308.924594     457.139528 0.0000000e+00
9396     317.563209     463.368998 0.0000000e+00
9397     326.681166     469.712132 0.0000000e+00
9398     336.205605     476.130225 0.0000000e+00
9399     345.754969     482.920913 0.0000000e+00
9400     356.591296     489.865625 0.0000000e+00
9401     367.958254     495.476819 0.0000000e+00
9402     378.319065     502.354021 0.0000000e+00
9403     390.269067     505.484937 0.0000000e+00
9404     403.737068     510.493155 0.0000000e+00
9405     418.085881     515.250770 0.0000000e+00
9406     432.895485     519.724963 0.0000000e+00
9407     448.063765     524.109025 0.0000000e+00
9408     463.556370     528.507219 0.0000000e+00
9409     479.364404     532.968018 0.0000000e+00
9410     495.495346     537.529274 0.0000000e+00
9411     511.945094     542.314726 0.0000000e+00
9412     528.592145     546.877152 0.0000000e+00
9413     545.926976     551.308631 0.0000000e+00
9414     565.004720     557.749673 0.0000000e+00
9415     576.914696     571.108248 0.0000000e+00
9416     575.015360     590.069093 0.0000000e+00
9417     572.522711     606.886346 0.0000000e+00
9418     574.792074     622.883214 0.0000000e+00
9419     574.797737     640.844450 0.0000000e+00
9420     574.721007     659.236244 0.0000000e+00
9421     574.693308     677.720130 0.0000000e+00
9422     574.650332     696.240065 0.0000000e+00
9423     574.494004     714.814322 0.0000000e+00
9424     574.400971     733.294861 0.0000000e+00
9425     574.422367     751.777227 0.0000000e+00
9426     574.538362     770.342313 0.0000000e+00
9427     574.552865     788.834533 0.0000000e+00
9428     574.377403     807.239183 0.0000000e+00
9429     574.367310     825.830752 0.0000000e+00
9430     574.455992     844.406409 0.0000000e+00
9431     574.633153     862.789605 0.0000000e+00
9432     574.638433     881.250296 0.0000000e+00
9433     574.632630     899.737966 0.0000000e+00
9434     574.623041     918.232403 0.0000000e+00
9435     574.613216     936.730522 0.0000000e+00
9436     574.605458     955.232546 0.0000000e+00
9437     574.600765     973.758107 0.0000000e+00
9438     574.607093     992.423229 0.0000000e+00
9439     574.542870    1011.571010 0.0000000e+00
9440     573.150835    1031.866510 0.0000000e+00
9441     574.556570    1052.069630 0.0000000e+00
9442     574.642526    1071.121140 0.0000000e+00
9443     574.627622    1089.769140 0.0000000e+00
9444     574.625316    1108.303900 0.0000000e+00
9445     574.626203    1126.810210 0.0000000e+00
9446     574.627499    1145.310020 0.0000000e+00
9447     574.628715    1163.808380 0.0000000e+00
9448     574.629745    1182.306320 0.0000000e+00
9449     574.630551    1200.804010 0.0000000e+00
9450     574.631365    1219.301250 0.0000000e+00
9451     574.631706    1237.798060 0.0000000e+00
9452     574.638284    1256.289650 0.0000000e+00
9453     574.652076    1274.769250 0.0000000e+00
9454     574.648462    1293.178110 0.0000000e+00
9455     574.507670    1311.259190 0.0000000e+00
9456     575.200981    1328.046940 0.0000000e+00
9457     566.734325    1341.507260 0.0000000e+00
9458     548.332560    1348.372780 0.0000000e+00
9459     530.852201    1352.820550 0.0000000e+00
9460     514.010169    1357.368750 0.0000000e+00
9461     497.543278    1361.943480 0.0000000e+00
9462     481.392507    1366.462700 0.0000000e+00
9463     465.549073    1370.913430 0.0000000e+00
9464     450.010581    1375.301960 0.0000000e+00
9465     434.771361    1379.652410 0.0000000e+00
9466     419.779761    1384.021260 0.0000000e+00
9467     404.892709    1388.394430 0.0000000e+00
9468     390.984028    1393.548480 0.0000000e+00
9469     377.888036    1399.692730 0.0000000e+00
9470     365.591614    1405.823990 0.0000000e+00
9471     354.245363    1412.164600 0.0000000e+00
9472     343.771677    1418.625770 0.0000000e+00
9473     333.895932    1424.640170 0.0000000e+00
9474     324.365375    1431.133950 0.0000000e+00
9475     316.030598    1437.658140 0.0000000e+00
9476     307.768082    1441.984040 0.0000000e+00
9477     301.628849    1448.433560 0.0000000e+00
9478     294.021988    1454.140780 0.0000000e+00
9479     286.662709    1459.896560 0.0000000e+00
9480     279.774860    1465.633410 0.0000000e+00
9481     273.257833    1471.322350 0.0000000e+00
9482     266.380451    1476.771470 0.0000000e+00
9483     260.723259    1482.858920 0.0000000e+00
9484     255.173167    1488.013310 0.0000000e+00
9485     250.225756    1492.870260 0.0000000e+00
9486     245.648523    1497.725270 0.0000000e+00
9487     241.284039    1502.227010 0.0000000e+00
9488     237.180730    1506.548480 0.0000000e+00
9489     233.276154    1510.726080 0.0000000e+00
9490     229.531516    1514.692040 0.0000000e+00
9491     225.988874    1518.498090 0.0000000e+00
9492     222.446259    1522.135920 0.0000000e+00
9493     218.816000    1525.512980 0.0000000e+00
9494     215.211726    1528.581520 0.0000000e+00
9495     211.253331    1531.153300 0.0000000e+00
9496     207.663378    1533.240080 0.0000000e+00
9497     203.573398    1533.840200 0.0000000e+00
9498     199.156876    1534.934700 0.0000000e+00
9499     194.639831    1535.909100 0.0000000e+00
9500     190.142818    1536.780930 0.0000000e+00
9501     185.703351    1537.606930 0.0000000e+00
9502     181.333873    1538.408970 0.0000000e+00
9503     177.020967    1539.207680 0.0000000e+00
9504     172.762462    1539.997350 0.0000000e+00
9505     168.556965    1540.774080 0.0000000e+00
9506     164.401631    1541.530820 0.0000000e+00
9507     160.296556    1542.266270 0.0000000e+00
9508     156.211666    1542.967370 0.0000000e+00
9509     152.013831    1543.426190 0.0000000e+00
9510     147.823850    1543.664650 0.0000000e+00
9511     143.768002    1544.505330 0.0000000e+00
9512     140.780556    1542.663700 0.0000000e+00
9513     141.014604    1538.649430 0.0000000e+00
9514     140.645014    1534.572350 0.0000000e+00
9515     140.451131    1530.466180 0.0000000e+00
9516     140.457238    1526.442840 0.0000000e+00
9517     140.452265    1522.438350 0.0000000e+00
9518     140.442107    1518.434490 0.0000000e+00
9519     140.438847    1514.432290 0.0000000e+00
9520     140.438564    1510.431270 0.0000000e+00
9521     140.439241    1506.430890 0.0000000e+00
9522     140.439945    1502.430840 0.0000000e+00
9523     140.440142    1498.430690 0.0000000e+00
9524     140.440295    1494.430480 0.0000000e+00
9525     140.440479    1490.430270 0.0000000e+00
9526     140.440688    1486.430050 0.0000000e+00
9527     140.440967    1482.429770 0.0000000e+00
9528     140.441286    1478.429690 0.0000000e+00
9529     140.440296    1474.431710 0.0000000e+00
9530     140.430712    1470.439420 0.0000000e+00
9531     140.421028    1466.437940 0.0000000e+00
9532     140.415598    1462.432460 0.0000000e+00
9533     140.423706    1458.429780 0.0000000e+00
9534     140.436403    1454.433240 0.0000000e+00
9535     140.437643    1450.434580 0.0000000e+00
9536     140.435837    1446.436210 0.0000000e+00
9537     140.433796    1442.435910 0.0000000e+00
9538     140.432649    1438.434440 0.0000000e+00
9539     140.433428    1434.433240 0.0000000e+00
9540     140.436327    1430.432930 0.0000000e+00
9541     140.439239    1426.433620 0.0000000e+00
9542     140.439763    1422.433830 0.0000000e+00
9543     140.439758    1418.433770 0.0000000e+00
9544     140.439679    1414.433630 0.0000000e+00
9545     140.439591    1410.433460 0.0000000e+00
9546     140.439510    1406.433290 0.0000000e+00
9547     140.439438    1402.433120 0.0000000e+00
9548     140.439375    1398.432940 0.0000000e+00
9549     140.439321    1394.432760 0.0000000e+00
9550     140.439275    1390.432590 0.0000000e+00
9551     140.439238    1386.432410 0.0000000e+00
9552     140.439210    1382.432230 0.0000000e+00
9553     140.439189    1378.432040 0.0000000e+00
9554     140.439177    1374.431860 0.0000000e+00
9555     140.439172    1370.431680 0.0000000e+00
9556     140.439174    1366.431490 0.0000000e+00
9557     140.439184    1362.431310 0.0000000e+00
9558     140.439201    1358.431120 0.0000000e+00
9559     140.439225    1354.430930 0.0000000e+00
9560     140.439256    1350.430750 0.0000000e+00
9561     140.439293    1346.430560 0.0000000e+00
9562     140.439338    1342.430370 0.0000000e+00
9563     140.439388    1338.430180 0.0000000e+00
9564     140.439445    1334.429980 0.0000000e+00
9565     140.439508    1330.429790 0.0000000e+00
9566     140.439578    1326.429600 0.0000000e+00
9567     140.439653    1322.429400 0.0000000e+00
9568     140.439735    1318.429210 0.0000000e+00
9569     140.439821    1314.429020 0.0000000e+00
9570     140.439891    1310.428840 0.0000000e+00
9571     140.439940    1306.428660 0.0000000e+00
9572     140.439971    1302.428490 0.0000000e+00
9573     140.439928    1298.428370 0.0000000e+00
9574     140.439835    1294.428220 0.0000000e+00
9575     140.439776    1290.427990 0.0000000e+00
9576     140.439841    1286.427710 0.0000000e+00
9577     140.440051    1282.427440 0.0000000e+00
9578     140.440338    1278.427200 0.0000000e+00
9579     140.440670    1274.427010 0.0000000e+00
9580     140.440947    1270.426860 0.0000000e+00
9581     140.441112    1266.426680 0.0000000e+00
9582     140.441251    1262.426480 0.0000000e+00
9583     140.441391    1258.426290 0.0000000e+00
9584     140.441536    1254.426090 0.0000000e+00
9585     140.441686    1250.425890 0.0000000e+00
9586     140.441841    1246.425690 0.0000000e+00
9587     140.442002    1242.425490 0.0000000e+00
9588     140.442169    1238.425290 0.0000000e+00
9589     140.442341    1234.425090 0.0000000e+00
9590     140.442519    1230.424890 0.0000000e+00
9591     140.442703    1226.424680 0.0000000e+00
9592     140.442893    1222.424480 0.0000000e+00
9593     140.443090    1218.424280 0.0000000e+00
9594     140.443292    1214.424080 0.0000000e+00
9595     140.443502    1210.423870 0.0000000e+00
9596     140.443717    1206.423670 0.0000000e+00
9597     140.443940    1202.423470 0.0000000e+00
9598     140.444169    1198.423260 0.0000000e+00
9599     140.444406    1194.423060 0.0000000e+00
9600     140.444650    1190.422850 0.0000000e+00
9601     140.444901    1186.422650 0.0000000e+00
9602     140.445161    1182.422440 0.0000000e+00
9603     140.445432    1178.422230 0.0000000e+00
9604     140.445710    1174.422030 0.0000000e+00
9605     140.445898    1170.421930 0.0000000e+00
9606     140.445642    1166.422160 0.0000000e+00
9607     140.445082    1162.422200 0.0000000e+00
9608     140.444517    1158.421920 0.0000000e+00
9609     140.444370    1154.421390 0.0000000e+00
9610     140.444820    1150.420830 0.0000000e+00
9611     140.445906    1146.420570 0.0000000e+00
9612     140.446837    1142.420560 0.0000000e+00
9613     140.447190    1138.420400 0.0000000e+00
9614     140.447544    1134.420140 0.0000000e+00
9615     140.447894    1130.420140 0.0000000e+00
9616     140.446703    1126.422480 0.0000000e+00
9617     140.436880    1122.430530 0.0000000e+00
9618     140.426523    1118.429680 0.0000000e+00
9619     140.420189    1114.424130 0.0000000e+00
9620     140.427824    1110.420790 0.0000000e+00
9621     140.440466    1106.423980 0.0000000e+00
9622     140.441626    1102.424880 0.0000000e+00
9623     140.441665    1098.424890 0.0000000e+00
9624     140.441581    1094.425060 0.0000000e+00
9625     140.439844    1090.426440 0.0000000e+00
9626     140.437754    1086.426260 0.0000000e+00
9627     140.436182    1082.425030 0.0000000e+00
9628     140.436638    1078.423700 0.0000000e+00
9629     140.439710    1074.423220 0.0000000e+00
9630     140.442790    1070.423870 0.0000000e+00
9631     140.443310    1066.424030 0.0000000e+00
9632     140.443363    1062.423940 0.0000000e+00
9633     140.443376    1058.423790 0.0000000e+00
9634     140.443387    1054.423620 0.0000000e+00
9635     140.443403    1050.423440 0.0000000e+00
9636     140.443424    1046.423270 0.0000000e+00
9637     140.443449    1042.423090 0.0000000e+00
9638     140.443481    1038.422910 0.0000000e+00
9639     140.443519    1034.422730 0.0000000e+00
9640     140.443566    1030.422550 0.0000000e+00
9641     140.443620    1026.422370 0.0000000e+00
9642     140.443681    1022.422180 0.0000000e+00
9643     140.443750    1018.422000 0.0000000e+00
9644     140.443826    1014.421820 0.0000000e+00
9645     140.443908    1010.421630 0.0000000e+00
9646     140.443998    1006.421450 0.0000000e+00
9647     140.444095    1002.421260 0.0000000e+00
9648     140.444198     998.421071 0.0000000e+00
9649     140.444308     994.420884 0.0000000e+00
9650     140.444424     990.420695 0.0000000e+00
9651     140.444546     986.420506 0.0000000e+00
9652     140.444675     982.420317 0.0000000e+00
9653     140.444809     978.420127 0.0000000e+00
9654     140.444950     974.419936 0.0000000e+00
9655     140.445097     970.419745 0.0000000e+00
9656     140.445249     966.419554 0.0000000e+00
9657     140.445408     962.419362 0.0000000e+00
9658     140.445573     958.419169 0.0000000e+00
9659     140.445743     954.418976 0.0000000e+00
9660     140.445921     950.418782 0.0000000e+00
9661     140.446102     946.418589 0.0000000e+00
9662     140.446271     942.418412 0.0000000e+00
9663     140.446404     938.418257 0.0000000e+00
9664     140.446434     934.418160 0.0000000e+00
9665     140.446394     930.418023 0.0000000e+00
9666     140.446374     926.417804 0.0000000e+00
9667     140.446479     922.417531 0.0000000e+00
9668     140.446747     918.417253 0.0000000e+00
9669     140.447151     914.417001 0.0000000e+00
9670     140.447620     910.416814 0.0000000e+00
9671     140.447999     906.416663 0.0000000e+00
9672     140.448253     902.416486 0.0000000e+00
9673     140.448484     898.416296 0.0000000e+00
9674     140.448718     894.416102 0.0000000e+00
9675     140.448959     890.415907 0.0000000e+00
9676     140.449205     886.415711 0.0000000e+00
9677     140.449458     882.415515 0.0000000e+00
9678     140.449718     878.415318 0.0000000e+00
9679     140.449985     874.415121 0.0000000e+00
9680     140.450259     870.414923 0.0000000e+00
9681     140.450540     866.414725 0.0000000e+00
9682     140.450829     862.414527 0.0000000e+00
9683     140.451125     858.414328 0.0000000e+00
9684     140.451429     854.414128 0.0000000e+00
9685     140.451740     850.413928 0.0000000e+00
9686     140.452060     846.413727 0.0000000e+00
9687     140.452387     842.413525 0.0000000e+00
9688     140.452724     838.413323 0.0000000e+00
9689     140.453069     834.413120 0.0000000e+00
9690     140.453422     830.412916 0.0000000e+00
9691     140.453785     826.412711 0.0000000e+00
9692     140.454159     822.412505 0.0000000e+00
9693     140.454545     818.412294 0.0000000e+00
9694     140.454938     814.412093 0.0000000e+00
9695     140.455238     810.412008 0.0000000e+00
9696     140.455112     806.412229 0.0000000e+00
9697     140.454645     802.412307 0.0000000e+00
9698     140.454038     798.412110 0.0000000e+00
9699     140.453822     794.411590 0.0000000e+00
9700     140.454390     790.410962 0.0000000e+00
9701     140.455716     786.410663 0.0000000e+00
9702     140.456860     782.410587 0.0000000e+00
9703     140.457303     778.410715 0.0000000e+00
9704     140.455944     774.413352 0.0000000e+00
9705     140.446046     770.421639 0.0000000e+00
9706     140.435024     766.421480 0.0000000e+00
9707     140.427559     762.415908 0.0000000e+00
9708     140.434355     758.411927 0.0000000e+00
9709     140.446669     754.414753 0.0000000e+00
9710     140.447613     750.415497 0.0000000e+00
9711     140.447642     746.415470 0.0000000e+00
9712     140.447584     742.415667 0.0000000e+00
9713     140.445942     738.417041 0.0000000e+00
9714     140.443793     734.417035 0.0000000e+00
9715     140.441823     730.416019 0.0000000e+00
9716     140.442088     726.414526 0.0000000e+00
9717     140.445431     722.413888 0.0000000e+00
9718     140.448676     718.414513 0.0000000e+00
9719     140.449188     714.414647 0.0000000e+00
9720     140.449274     710.414552 0.0000000e+00
9721     140.449334     706.414403 0.0000000e+00
9722     140.449392     702.414237 0.0000000e+00
9723     140.449461     698.414063 0.0000000e+00
9724     140.449547     694.413883 0.0000000e+00
9725     140.449654     690.413703 0.0000000e+00
9726     140.449775     686.413525 0.0000000e+00
9727     140.449903     682.413348 0.0000000e+00
9728     140.450037     678.413172 0.0000000e+00
9729     140.450174     674.412995 0.0000000e+00
9730     140.450314     670.412818 0.0000000e+00
9731     140.450460     666.412639 0.0000000e+00
9732     140.450614     662.412459 0.0000000e+00
9733     140.450774     658.412278 0.0000000e+00
9734     140.450941     654.412097 0.0000000e+00
9735     140.451115     650.411915 0.0000000e+00
9736     140.451297     646.411733 0.0000000e+00
9737     140.451485     642.411550 0.0000000e+00
9738     140.451680     638.411366 0.0000000e+00
9739     140.451881     634.411182 0.0000000e+00
9740     140.452090     630.410997 0.0000000e+00
9741     140.452305     626.410812 0.0000000e+00
9742     140.452526     622.410626 0.0000000e+00
9743     140.452755     618.410439 0.0000000e+00
9744     140.452990     614.410252 0.0000000e+00
9745     140.453232     610.410065 0.0000000e+00
9746     140.453480     606.409877 0.0000000e+00
9747     140.453735     602.409688 0.0000000e+00
9748     140.453997     598.409499 0.0000000e+00
9749     140.454265     594.409310 0.0000000e+00
9750     140.454540     590.409120 0.0000000e+00
9751     140.454822     586.408928 0.0000000e+00
9752     140.455113     582.408735 0.0000000e+00
9753     140.455411     578.408544 0.0000000e+00
9754     140.455684     574.408384 0.0000000e+00
9755     140.455846     570.408303 0.0000000e+00
9756     140.455903     566.408198 0.0000000e+00
9757     140.455925     562.408013 0.0000000e+00
9758     140.456047     558.407758 0.0000000e+00
9759     140.456370     554.407473 0.0000000e+00
9760     140.456882     550.407191 0.0000000e+00
9761     140.457511     546.406984 0.0000000e+00
9762     140.458049     542.406832 0.0000000e+00
9763     140.458441     538.406660 0.0000000e+00
9764     140.458794     534.406472 0.0000000e+00
9765     140.459151     530.406278 0.0000000e+00
9766     140.459514     526.406083 0.0000000e+00
9767     140.459886     522.405886 0.0000000e+00
9768     140.460265     518.405689 0.0000000e+00
9769     140.460654     514.405490 0.0000000e+00
9770     140.461051     510.405291 0.0000000e+00
9771     140.461457     506.405091 0.0000000e+00
9772     140.461872     502.404889 0.0000000e+00
9773     140.462297     498.404687 0.0000000e+00
9774     140.462731     494.404483 0.0000000e+00
9775     140.463174     490.404278 0.0000000e+00
9776     140.463628     486.404072 0.0000000e+00
9777     140.464091     482.403865 0.0000000e+00
9778     140.464565     478.403657 0.0000000e+00
9779     140.465050     474.403446 0.0000000e+00
9780     140.465545     470.403235 0.0000000e+00
9781     140.466052     466.403020 0.0000000e+00
9782     140.466574     462.402802 0.0000000e+00
9783     140.467103     458.402593 0.0000000e+00
9784     140.467538     454.402503 0.0000000e+00
9785     140.467562     450.402713 0.0000000e+00
9786     140.467186     446.402839 0.0000000e+00
9787     140.466535     442.402721 0.0000000e+00
9788     140.466309     438.402157 0.0000000e+00
9789     140.467106     434.401470 0.0000000e+00
9790     140.467793     430.402675 0.0000000e+00
9791     140.461721     426.409593 0.0000000e+00
9792     140.450391     422.414026 0.0000000e+00
9793     140.440627     418.410896 0.0000000e+00
9794     140.439490     414.405617 0.0000000e+00
9795     140.448786     410.404856 0.0000000e+00
9796     140.455031     406.406304 0.0000000e+00
9797     140.455763     402.406522 0.0000000e+00
9798     140.456235     398.406195 0.0000000e+00
9799     140.456804     394.406203 0.0000000e+00
9800     140.456626     390.406539 0.0000000e+00
9801     140.458632     386.403332 0.0000000e+00
9802     140.464475     382.399406 0.0000000e+00
9803     140.474625     378.405539 0.0000000e+00
9804     140.455066     374.460070 0.0000000e+00
9805     140.283923     370.575428 0.0000000e+00
9806     140.350207     366.484559 0.0000000e+00
9807     140.673936     362.655524 0.0000000e+00
9808     140.520032     359.060686 0.0000000e+00
9809     142.524038     355.979801 0.0000000e+00
9810     146.548805     355.992290 0.0000000e+00
9811     150.660476     356.216828 0.0000000e+00
9812     154.591781     356.877275 0.0000000e+00
9813     158.634420     357.530739 0.0000000e+00
9814     162.739403     358.248712 0.0000000e+00
9815     166.873014     359.015660 0.0000000e+00
9816     171.058374     359.792825 0.0000000e+00
9817     175.299577     360.580557 0.0000000e+00
9818     173.801494     356.493967 0.0000000e+00
9819     178.090350     357.240860 0.0000000e+00
9820     182.436803     357.995630 0.0000000e+00
9821     186.841230     358.760709 0.0000000e+00
9822     191.304669     359.540536 0.0000000e+00
9823     195.827778     360.347790 0.0000000e+00
9824     200.405770     361.223766 0.0000000e+00
9825     205.007180     362.281659 0.0000000e+00
9826     209.542723     363.725762 0.0000000e+00
9827     213.873311     365.751675 0.0000000e+00
9828     217.930291     368.161001 0.0000000e+00
9829     221.691109     370.236991 0.0000000e+00
9830     224.701907     373.970167 0.0000000e+00
9831     228.288130     377.845343 0.0000000e+00
9832     232.332777     382.459450 0.0000000e+00
9833     236.929351     386.180259 0.0000000e+00
9834     241.284311     390.328392 0.0000000e+00
9835     245.845383     394.640491 0.0000000e+00
9836     250.623523     399.143354 0.0000000e+00
9837     255.680183     403.820560 0.0000000e+00
9838     261.052219     408.668113 0.0000000e+00
9839     266.774444     413.682365 0.0000000e+00
9840     272.889172     418.862497 0.0000000e+00
9841     279.433193     424.250673 0.0000000e+00
9842     286.369128     430.009095 0.0000000e+00
9843     293.844626     435.594782 0.0000000e+00
9844     302.141124     441.203410 0.0000000e+00
9845     310.691951     447.074032 0.0000000e+00
9846     319.594920     453.084034 0.0000000e+00
9847     328.844460     459.267264 0.0000000e+00
9848     338.750504     465.535603 0.0000000e+00
9849     348.930058     471.668788 0.0000000e+00
9850     357.485275     478.553275 0.0000000e+00
9851     369.049417     482.844060 0.0000000e+00
9852     382.305643     490.058458 0.0000000e+00
9853     397.216957     494.831401 0.0000000e+00
9854     411.906322     499.630853 0.0000000e+00
9855     426.743706     503.977776 0.0000000e+00
9856     441.875492     508.137183 0.0000000e+00
9857     457.320822     512.262600 0.0000000e+00
9858     473.079352     516.427856 0.0000000e+00
9859     489.153638     520.666798 0.0000000e+00
9860     505.545424     525.017461 0.0000000e+00
9861     522.205198     529.403155 0.0000000e+00
9862     539.160174     533.838785 0.0000000e+00
9863     556.308347     538.782330 0.0000000e+00
9864     572.552751     541.639573 0.0000000e+00
9865     586.219066     551.321940 0.0000000e+00
9866     593.542953     566.608372 0.0000000e+00
9867     591.327103     585.188981 0.0000000e+00
9868     589.506658     605.731424 0.0000000e+00
9869     590.857703     626.086491 0.0000000e+00
9870     590.932141     645.413389 0.0000000e+00
9871     590.915136     664.377569 0.0000000e+00
9872     590.906611     683.245067 0.0000000e+00
9873     590.872105     702.099820 0.0000000e+00
9874     590.837195     720.923227 0.0000000e+00
9875     590.827999     739.733623 0.0000000e+00
9876     590.851341     758.552785 0.0000000e+00
9877     590.901548     777.385339 0.0000000e+00
9878     590.878745     796.141353 0.0000000e+00
9879     590.021145     814.588929 0.0000000e+00
9880     590.188839     833.571778 0.0000000e+00
9881     591.001525     851.758821 0.0000000e+00
9882     591.027561     870.370622 0.0000000e+00
9883     591.009129     889.136630 0.0000000e+00
9884     590.994586     907.941648 0.0000000e+00
9885     590.948052     926.743133 0.0000000e+00
9886     590.917982     945.567934 0.0000000e+00
9887     590.913719     964.405369 0.0000000e+00
9888     590.901411     983.265178 0.0000000e+00
9889     590.832274    1002.206670 0.0000000e+00
9890     590.318944    1021.419710 0.0000000e+00
9891     590.298172    1040.316000 0.0000000e+00
9892     590.834753    1059.463440 0.0000000e+00
9893     590.908955    1078.411060 0.0000000e+00
9894     590.919111    1097.271360 0.0000000e+00
9895     590.923649    1116.105290 0.0000000e+00
9896     590.926771    1134.931730 0.0000000e+00
9897     590.929444    1153.756070 0.0000000e+00
9898     590.931903    1172.579700 0.0000000e+00
9899     590.934202    1191.402930 0.0000000e+00
9900     590.936425    1210.225780 0.0000000e+00
9901     590.938589    1229.048220 0.0000000e+00
9902     590.942136    1247.869380 0.0000000e+00
9903     590.948652    1266.688640 0.0000000e+00
9904     590.961483    1285.502210 0.0000000e+00
9905     590.991248    1304.273220 0.0000000e+00
9906     591.324586    1322.796590 0.0000000e+00
9907     588.812019    1341.135040 0.0000000e+00
9908     581.502365    1355.584220 0.0000000e+00
9909     562.611122    1359.541520 0.0000000e+00
9910     544.662739    1364.844520 0.0000000e+00
9911     527.391334    1369.343510 0.0000000e+00
9912     510.565673    1373.736690 0.0000000e+00
9913     494.083129    1378.061380 0.0000000e+00
9914     477.919197    1382.310360 0.0000000e+00
9915     462.067617    1386.488240 0.0000000e+00
9916     446.526277    1390.609220 0.0000000e+00
9917     431.292016    1394.702240 0.0000000e+00
9918     416.358075    1398.812230 0.0000000e+00
9919     401.928077    1403.284940 0.0000000e+00
9920     388.202073    1408.378020 0.0000000e+00
9921     375.313682    1413.942190 0.0000000e+00
9922     363.182072    1419.914980 0.0000000e+00
9923     351.939981    1426.196620 0.0000000e+00
9924     341.772393    1432.413270 0.0000000e+00
9925     332.445266    1436.485970 0.0000000e+00
9926     324.320849    1443.561580 0.0000000e+00
9927     314.040701    1449.613570 0.0000000e+00
9928     305.208774    1456.669270 0.0000000e+00
9929     296.720590    1462.212230 0.0000000e+00
9930     289.013582    1468.051010 0.0000000e+00
9931     282.282313    1473.664740 0.0000000e+00
9932     275.397897    1478.906810 0.0000000e+00
9933     269.104546    1484.077400 0.0000000e+00
9934     263.246425    1489.369320 0.0000000e+00
9935     257.718775    1494.308010 0.0000000e+00
9936     252.563440    1499.080510 0.0000000e+00
9937     247.724269    1503.715220 0.0000000e+00
9938     243.129543    1508.124470 0.0000000e+00
9939     238.777397    1512.351520 0.0000000e+00
9940     234.636206    1516.399900 0.0000000e+00
9941     230.694866    1520.264340 0.0000000e+00
9942     226.915185    1523.949070 0.0000000e+00
9943     223.215292    1527.439360 0.0000000e+00
9944     219.492330    1530.685250 0.0000000e+00
9945     215.554061    1533.533440 0.0000000e+00
9946     211.481853    1535.921700 0.0000000e+00
9947     206.997801    1537.524570 0.0000000e+00
9948     202.499019    1538.452040 0.0000000e+00
9949     197.962421    1539.373990 0.0000000e+00
9950     193.429600    1540.211870 0.0000000e+00
9951     188.945912    1541.005130 0.0000000e+00
9952     184.521139    1541.776150 0.0000000e+00
9953     180.156066    1542.533280 0.0000000e+00
9954     175.847903    1543.281680 0.0000000e+00
9955     171.595037    1544.019910 0.0000000e+00
9956     167.395535    1544.745450 0.0000000e+00
9957     163.247651    1545.454750 0.0000000e+00
9958     159.139938    1546.136510 0.0000000e+00
9959     155.032228    1546.724020 0.0000000e+00
9960     150.989390    1547.159850 0.0000000e+00
9961     147.159021    1547.558050 0.0000000e+00
9962     143.508144    1548.201240 0.0000000e+00
9963     139.624982    1547.287000 0.0000000e+00
9964     137.072495    1544.705290 0.0000000e+00
9965     137.146430    1540.940770 0.0000000e+00
9966     137.151186    1537.065300 0.0000000e+00
9967     137.026435    1533.059650 0.0000000e+00
9968     136.973067    1529.031310 0.0000000e+00
9969     136.971645    1525.024920 0.0000000e+00
9970     136.969213    1521.023510 0.0000000e+00
9971     136.966629    1517.022340 0.0000000e+00
9972     136.965897    1513.021730 0.0000000e+00
9973     136.965899    1509.021460 0.0000000e+00
9974     136.966109    1505.021390 0.0000000e+00
9975     136.966280    1501.021400 0.0000000e+00
9976     136.966351    1497.021380 0.0000000e+00
9977     136.966415    1493.021340 0.0000000e+00
9978     136.966488    1489.021300 0.0000000e+00
9979     136.966581    1485.021250 0.0000000e+00
9980     136.966682    1481.021220 0.0000000e+00
9981     136.966441    1477.021620 0.0000000e+00
9982     136.964226    1473.023360 0.0000000e+00
9983     136.961669    1469.023880 0.0000000e+00
9984     136.959322    1465.023010 0.0000000e+00
9985     136.959202    1461.021090 0.0000000e+00
9986     136.962216    1457.020500 0.0000000e+00
9987     136.965077    1453.021560 0.0000000e+00
9988     136.965049    1449.022220 0.0000000e+00
9989     136.964573    1445.022410 0.0000000e+00
9990     136.964137    1441.022240 0.0000000e+00
9991     136.964029    1437.021880 0.0000000e+00
9992     136.964516    1433.021540 0.0000000e+00
9993     136.965412    1429.021510 0.0000000e+00
9994     136.966063    1425.021720 0.0000000e+00
9995     136.966184    1421.021800 0.0000000e+00
9996     136.966177    1417.021810 0.0000000e+00
9997     136.966155    1413.021790 0.0000000e+00
9998     136.966131    1409.021770 0.0000000e+00
9999     136.966109    1405.021750 0.0000000e+00
10000     136.966091    1401.021720 0.0000000e+00
10001     136.966076    1397.021690 0.0000000e+00
10002     136.966063    1393.021670 0.0000000e+00
10003     136.966054    1389.021640 0.0000000e+00
10004     136.966047    1385.021610 0.0000000e+00
10005     136.966044    1381.021590 0.0000000e+00
10006     136.966043    1377.021560 0.0000000e+00
10007     136.966045    1373.021530 0.0000000e+00
10008     136.966049    1369.021510 0.0000000e+00
10009     136.966056    1365.021480 0.0000000e+00
10010     136.966065    1361.021450 0.0000000e+00
10011     136.966077    1357.021420 0.0000000e+00
10012     136.966091    1353.021390 0.0000000e+00
10013     136.966108    1349.021360 0.0000000e+00
10014     136.966127    1345.021330 0.0000000e+00
10015     136.966148    1341.021300 0.0000000e+00
10016     136.966171    1337.021270 0.0000000e+00
10017     136.966197    1333.021240 0.0000000e+00
10018     136.966224    1329.021210 0.0000000e+00
10019     136.966254    1325.021180 0.0000000e+00
10020     136.966286    1321.021150 0.0000000e+00
10021     136.966320    1317.021120 0.0000000e+00
10022     136.966352    1313.021090 0.0000000e+00
10023     136.966379    1309.021070 0.0000000e+00
10024     136.966401    1305.021040 0.0000000e+00
10025     136.966406    1301.021030 0.0000000e+00
10026     136.966397    1297.021010 0.0000000e+00
10027     136.966388    1293.020980 0.0000000e+00
10028     136.966399    1289.020930 0.0000000e+00
10029     136.966446    1285.020880 0.0000000e+00
10030     136.966529    1281.020830 0.0000000e+00
10031     136.966628    1277.020790 0.0000000e+00
10032     136.966731    1273.020760 0.0000000e+00
10033     136.966812    1269.020740 0.0000000e+00
10034     136.966871    1265.020720 0.0000000e+00
10035     136.966924    1261.020690 0.0000000e+00
10036     136.966979    1257.020650 0.0000000e+00
10037     136.967035    1253.020620 0.0000000e+00
10038     136.967093    1249.020590 0.0000000e+00
10039     136.967153    1245.020550 0.0000000e+00
10040     136.967214    1241.020520 0.0000000e+00
10041     136.967278    1237.020490 0.0000000e+00
10042     136.967344    1233.020450 0.0000000e+00
10043     136.967412    1229.020420 0.0000000e+00
10044     136.967481    1225.020390 0.0000000e+00
10045     136.967553    1221.020350 0.0000000e+00
10046     136.967627    1217.020320 0.0000000e+00
10047     136.967703    1213.020280 0.0000000e+00
10048     136.967782    1209.020250 0.0000000e+00
10049     136.967862    1205.020210 0.0000000e+00
10050     136.967945    1201.020180 0.0000000e+00
10051     136.968031    1197.020140 0.0000000e+00
10052     136.968119    1193.020110 0.0000000e+00
10053     136.968209    1189.020070 0.0000000e+00
10054     136.968302    1185.020030 0.0000000e+00
10055     136.968399    1181.020000 0.0000000e+00
10056     136.968498    1177.019960 0.0000000e+00
10057     136.968580    1173.019940 0.0000000e+00
10058     136.968567    1169.019990 0.0000000e+00
10059     136.968465    1165.020050 0.0000000e+00
10060     136.968319    1161.020040 0.0000000e+00
10061     136.968226    1157.019950 0.0000000e+00
10062     136.968281    1153.019810 0.0000000e+00
10063     136.968499    1149.019680 0.0000000e+00
10064     136.968820    1145.019650 0.0000000e+00
10065     136.969059    1141.019670 0.0000000e+00
10066     136.969196    1137.019630 0.0000000e+00
10067     136.969312    1133.019620 0.0000000e+00
10068     136.969024    1129.020080 0.0000000e+00
10069     136.966710    1125.021900 0.0000000e+00
10070     136.963950    1121.022540 0.0000000e+00
10071     136.961380    1117.021730 0.0000000e+00
10072     136.961074    1113.019720 0.0000000e+00
10073     136.963954    1109.019040 0.0000000e+00
10074     136.966810    1105.020040 0.0000000e+00
10075     136.967131    1101.020350 0.0000000e+00
10076     136.967123    1097.020440 0.0000000e+00
10077     136.966767    1093.020740 0.0000000e+00
10078     136.966270    1089.020880 0.0000000e+00
10079     136.965748    1085.020760 0.0000000e+00
10080     136.965547    1081.020400 0.0000000e+00
10081     136.966007    1077.019990 0.0000000e+00
10082     136.966953    1073.019930 0.0000000e+00
10083     136.967640    1069.020150 0.0000000e+00
10084     136.967770    1065.020230 0.0000000e+00
10085     136.967789    1061.020230 0.0000000e+00
10086     136.967799    1057.020210 0.0000000e+00
10087     136.967810    1053.020180 0.0000000e+00
10088     136.967822    1049.020150 0.0000000e+00
10089     136.967836    1045.020130 0.0000000e+00
10090     136.967852    1041.020100 0.0000000e+00
10091     136.967870    1037.020070 0.0000000e+00
10092     136.967891    1033.020040 0.0000000e+00
10093     136.967914    1029.020010 0.0000000e+00
10094     136.967940    1025.019980 0.0000000e+00
10095     136.967968    1021.019960 0.0000000e+00
10096     136.967999    1017.019930 0.0000000e+00
10097     136.968033    1013.019900 0.0000000e+00
10098     136.968068    1009.019870 0.0000000e+00
10099     136.968107    1005.019840 0.0000000e+00
10100     136.968147    1001.019810 0.0000000e+00
10101     136.968190     997.019776 0.0000000e+00
10102     136.968235     993.019746 0.0000000e+00
10103     136.968282     989.019715 0.0000000e+00
10104     136.968331     985.019684 0.0000000e+00
10105     136.968382     981.019653 0.0000000e+00
10106     136.968436     977.019621 0.0000000e+00
10107     136.968491     973.019590 0.0000000e+00
10108     136.968549     969.019558 0.0000000e+00
10109     136.968608     965.019526 0.0000000e+00
10110     136.968670     961.019494 0.0000000e+00
10111     136.968734     957.019461 0.0000000e+00
10112     136.968800     953.019429 0.0000000e+00
10113     136.968867     949.019396 0.0000000e+00
10114     136.968934     945.019366 0.0000000e+00
10115     136.968993     941.019341 0.0000000e+00
10116     136.969030     937.019329 0.0000000e+00
10117     136.969046     933.019317 0.0000000e+00
10118     136.969056     929.019289 0.0000000e+00
10119     136.969084     925.019241 0.0000000e+00
10120     136.969151     921.019184 0.0000000e+00
10121     136.969264     917.019126 0.0000000e+00
10122     136.969406     913.019079 0.0000000e+00
10123     136.969551     909.019053 0.0000000e+00
10124     136.969666     905.019032 0.0000000e+00
10125     136.969757     901.019004 0.0000000e+00
10126     136.969844     897.018971 0.0000000e+00
10127     136.969933     893.018937 0.0000000e+00
10128     136.970023     889.018903 0.0000000e+00
10129     136.970116     885.018868 0.0000000e+00
10130     136.970211     881.018833 0.0000000e+00
10131     136.970308     877.018798 0.0000000e+00
10132     136.970408     873.018762 0.0000000e+00
10133     136.970510     869.018727 0.0000000e+00
10134     136.970615     865.018691 0.0000000e+00
10135     136.970722     861.018655 0.0000000e+00
10136     136.970832     857.018619 0.0000000e+00
10137     136.970944     853.018582 0.0000000e+00
10138     136.971059     849.018545 0.0000000e+00
10139     136.971178     845.018508 0.0000000e+00
10140     136.971298     841.018470 0.0000000e+00
10141     136.971422     837.018433 0.0000000e+00
10142     136.971549     833.018395 0.0000000e+00
10143     136.971679     829.018356 0.0000000e+00
10144     136.971813     825.018317 0.0000000e+00
10145     136.971950     821.018277 0.0000000e+00
10146     136.972091     817.018238 0.0000000e+00
10147     136.972213     813.018219 0.0000000e+00
10148     136.972243     809.018267 0.0000000e+00
10149     136.972177     805.018324 0.0000000e+00
10150     136.972040     801.018335 0.0000000e+00
10151     136.971938     797.018253 0.0000000e+00
10152     136.972008     793.018093 0.0000000e+00
10153     136.972285     789.017939 0.0000000e+00
10154     136.972690     785.017894 0.0000000e+00
10155     136.972969     781.017952 0.0000000e+00
10156     136.972659     777.018487 0.0000000e+00
10157     136.970287     773.020355 0.0000000e+00
10158     136.967339     769.021144 0.0000000e+00
10159     136.964507     765.020429 0.0000000e+00
10160     136.963916     761.018355 0.0000000e+00
10161     136.966566     757.017571 0.0000000e+00
10162     136.969322     753.018518 0.0000000e+00
10163     136.969593     749.018795 0.0000000e+00
10164     136.969584     745.018878 0.0000000e+00
10165     136.969251     741.019175 0.0000000e+00
10166     136.968743     737.019347 0.0000000e+00
10167     136.968145     733.019286 0.0000000e+00
10168     136.967874     729.018905 0.0000000e+00
10169     136.968343     725.018431 0.0000000e+00
10170     136.969357     721.018368 0.0000000e+00
10171     136.970077     717.018594 0.0000000e+00
10172     136.970212     713.018664 0.0000000e+00
10173     136.970246     709.018661 0.0000000e+00
10174     136.970276     705.018640 0.0000000e+00
10175     136.970306     701.018613 0.0000000e+00
10176     136.970341     697.018583 0.0000000e+00
10177     136.970381     693.018553 0.0000000e+00
10178     136.970427     689.018523 0.0000000e+00
10179     136.970477     685.018493 0.0000000e+00
10180     136.970528     681.018464 0.0000000e+00
10181     136.970582     677.018434 0.0000000e+00
10182     136.970637     673.018405 0.0000000e+00
10183     136.970694     669.018375 0.0000000e+00
10184     136.970753     665.018344 0.0000000e+00
10185     136.970814     661.018314 0.0000000e+00
10186     136.970878     657.018283 0.0000000e+00
10187     136.970944     653.018251 0.0000000e+00
10188     136.971013     649.018220 0.0000000e+00
10189     136.971084     645.018189 0.0000000e+00
10190     136.971157     641.018157 0.0000000e+00
10191     136.971233     637.018125 0.0000000e+00
10192     136.971311     633.018092 0.0000000e+00
10193     136.971391     629.018060 0.0000000e+00
10194     136.971474     625.018027 0.0000000e+00
10195     136.971559     621.017994 0.0000000e+00
10196     136.971646     617.017961 0.0000000e+00
10197     136.971735     613.017928 0.0000000e+00
10198     136.971827     609.017895 0.0000000e+00
10199     136.971921     605.017861 0.0000000e+00
10200     136.972018     601.017827 0.0000000e+00
10201     136.972116     597.017793 0.0000000e+00
10202     136.972217     593.017758 0.0000000e+00
10203     136.972321     589.017724 0.0000000e+00
10204     136.972427     585.017688 0.0000000e+00
10205     136.972536     581.017653 0.0000000e+00
10206     136.972642     577.017622 0.0000000e+00
10207     136.972725     573.017609 0.0000000e+00
10208     136.972781     569.017600 0.0000000e+00
10209     136.972819     565.017580 0.0000000e+00
10210     136.972863     561.017538 0.0000000e+00
10211     136.972948     557.017476 0.0000000e+00
10212     136.973093     553.017409 0.0000000e+00
10213     136.973280     549.017351 0.0000000e+00
10214     136.973479     545.017320 0.0000000e+00
10215     136.973646     541.017298 0.0000000e+00
10216     136.973784     537.017268 0.0000000e+00
10217     136.973915     533.017233 0.0000000e+00
10218     136.974047     529.017196 0.0000000e+00
10219     136.974182     525.017158 0.0000000e+00
10220     136.974320     521.017120 0.0000000e+00
10221     136.974461     517.017082 0.0000000e+00
10222     136.974605     513.017043 0.0000000e+00
10223     136.974752     509.017004 0.0000000e+00
10224     136.974902     505.016965 0.0000000e+00
10225     136.975055     501.016925 0.0000000e+00
10226     136.975211     497.016885 0.0000000e+00
10227     136.975371     493.016845 0.0000000e+00
10228     136.975534     489.016804 0.0000000e+00
10229     136.975701     485.016763 0.0000000e+00
10230     136.975871     481.016721 0.0000000e+00
10231     136.976045     477.016679 0.0000000e+00
10232     136.976223     473.016636 0.0000000e+00
10233     136.976404     469.016593 0.0000000e+00
10234     136.976591     465.016548 0.0000000e+00
10235     136.976780     461.016504 0.0000000e+00
10236     136.976951     457.016481 0.0000000e+00
10237     136.977033     453.016524 0.0000000e+00
10238     136.977005     449.016589 0.0000000e+00
10239     136.976878     445.016621 0.0000000e+00
10240     136.976780     441.016533 0.0000000e+00
10241     136.976892     437.016345 0.0000000e+00
10242     136.977011     433.016466 0.0000000e+00
10243     136.975701     429.017882 0.0000000e+00
10244     136.972924     425.019384 0.0000000e+00
10245     136.969833     421.019481 0.0000000e+00
10246     136.967863     417.018135 0.0000000e+00
10247     136.968514     413.016563 0.0000000e+00
10248     136.971135     409.016555 0.0000000e+00
10249     136.972668     405.017100 0.0000000e+00
10250     136.972944     401.017202 0.0000000e+00
10251     136.973101     397.017194 0.0000000e+00
10252     136.973167     393.017268 0.0000000e+00
10253     136.973715     389.016753 0.0000000e+00
10254     136.975169     385.015774 0.0000000e+00
10255     136.977080     381.016686 0.0000000e+00
10256     136.970274     377.029419 0.0000000e+00
10257     136.926365     373.058365 0.0000000e+00
10258     136.923468     369.024764 0.0000000e+00
10259     136.967624     364.979062 0.0000000e+00
10260     137.013287     360.908026 0.0000000e+00
10261     137.764660     356.428974 0.0000000e+00
10262     137.036056     352.396636 0.0000000e+00
10263     140.913360     352.555423 0.0000000e+00
10264     145.055648     352.373118 0.0000000e+00
10265     149.114335     352.576961 0.0000000e+00
10266     153.166942     353.021371 0.0000000e+00
10267     157.188768     353.652654 0.0000000e+00
10268     161.265243     354.323774 0.0000000e+00
10269     165.393047     355.029825 0.0000000e+00
10270     169.569631     355.756588 0.0000000e+00
10271     168.043439     351.757183 0.0000000e+00
10272     172.263566     352.442944 0.0000000e+00
10273     176.539807     353.137750 0.0000000e+00
10274     180.872985     353.841267 0.0000000e+00
10275     185.264356     354.553691 0.0000000e+00
10276     189.714668     355.277031 0.0000000e+00
10277     194.225120     356.016501 0.0000000e+00
10278     198.796152     356.790079 0.0000000e+00
10279     203.419980     357.654668 0.0000000e+00
10280     208.062301     358.748263 0.0000000e+00
10281     212.632509     360.311932 0.0000000e+00
10282     217.057059     362.489881 0.0000000e+00
10283     221.645420     364.906475 0.0000000e+00
10284     225.912189     368.774153 0.0000000e+00
10285     229.707573     372.461164 0.0000000e+00
10286     232.825604     376.554277 0.0000000e+00
10287     236.913568     379.276668 0.0000000e+00
10288     241.330206     383.045887 0.0000000e+00
10289     245.995928     387.170401 0.0000000e+00
10290     250.947233     391.493553 0.0000000e+00
10291     256.188856     396.003280 0.0000000e+00
10292     261.758855     400.685225 0.0000000e+00
10293     267.692280     405.529868 0.0000000e+00
10294     274.015042     410.533897 0.0000000e+00
10295     280.794247     415.688822 0.0000000e+00
10296     288.037414     421.030227 0.0000000e+00
10297     295.780228     426.415031 0.0000000e+00
10298     304.065001     431.832839 0.0000000e+00
10299     312.884133     437.422627 0.0000000e+00
10300     322.094775     443.193008 0.0000000e+00
10301     331.664472     449.078023 0.0000000e+00
10302     341.280520     455.382041 0.0000000e+00
10303     352.437388     461.874520 0.0000000e+00
10304     364.507103     468.754576 0.0000000e+00
10305     378.459359     474.733338 0.0000000e+00
10306     392.170863     480.215663 0.0000000e+00
10307     406.784347     484.654276 0.0000000e+00
10308     421.524369     488.674445 0.0000000e+00
10309     436.573565     492.605416 0.0000000e+00
10310     451.963064     496.467202 0.0000000e+00
10311     467.676814     500.346828 0.0000000e+00
10312     483.709005     504.284078 0.0000000e+00
10313     500.060276     508.300552 0.0000000e+00
10314     516.724101     512.389476 0.0000000e+00
10315     533.704624     516.559551 0.0000000e+00
10316     550.994057     520.897914 0.0000000e+00
10317     568.510941     524.747019 0.0000000e+00
10318     586.482427     529.984306 0.0000000e+00
10319     600.994446     536.621854 0.0000000e+00
10320     607.656562     552.644517 0.0000000e+00
10321     608.182316     574.042100 0.0000000e+00
10322     607.048132     593.912613 0.0000000e+00
10323     606.883571     613.153174 0.0000000e+00
10324     607.400209     632.588914 0.0000000e+00
10325     607.468418     651.847703 0.0000000e+00
10326     607.481061     671.037643 0.0000000e+00
10327     607.484328     690.210374 0.0000000e+00
10328     607.484146     709.372646 0.0000000e+00
10329     607.486674     728.527455 0.0000000e+00
10330     607.498282     747.680708 0.0000000e+00
10331     607.530737     766.839674 0.0000000e+00
10332     607.621357     785.977821 0.0000000e+00
10333     607.545948     804.798319 0.0000000e+00
10334     604.949170     821.837385 0.0000000e+00
10335     607.618356     838.147726 0.0000000e+00
10336     607.672673     856.723128 0.0000000e+00
10337     607.610841     875.779959 0.0000000e+00
10338     607.590585     894.920307 0.0000000e+00
10339     607.575576     914.061359 0.0000000e+00
10340     607.338964     933.135391 0.0000000e+00
10341     607.295998     952.352763 0.0000000e+00
10342     607.361942     971.585381 0.0000000e+00
10343     607.480114     990.655700 0.0000000e+00
10344     607.340147    1009.876880 0.0000000e+00
10345     607.266348    1029.011380 0.0000000e+00
10346     607.357515    1048.109630 0.0000000e+00
10347     607.514648    1067.324090 0.0000000e+00
10348     607.539862    1086.506000 0.0000000e+00
10349     607.542478    1105.669610 0.0000000e+00
10350     607.542064    1124.827460 0.0000000e+00
10351     607.540955    1143.983820 0.0000000e+00
10352     607.537396    1163.138710 0.0000000e+00
10353     607.534478    1182.295110 0.0000000e+00
10354     607.532907    1201.452670 0.0000000e+00
10355     607.532334    1220.610240 0.0000000e+00
10356     607.532469    1239.767730 0.0000000e+00
10357     607.534314    1258.923170 0.0000000e+00
10358     607.536245    1278.080750 0.0000000e+00
10359     607.547644    1297.257670 0.0000000e+00
10360     607.650635    1316.535200 0.0000000e+00
10361     606.889872    1336.334570 0.0000000e+00
10362     604.313610    1356.456750 0.0000000e+00
10363     591.624457    1369.493720 0.0000000e+00
10364     574.251595    1373.224260 0.0000000e+00
10365     556.803703    1377.549910 0.0000000e+00
10366     539.382445    1382.040690 0.0000000e+00
10367     522.269370    1386.254570 0.0000000e+00
10368     505.491200    1390.365540 0.0000000e+00
10369     489.037206    1394.397270 0.0000000e+00
10370     472.901179    1398.355160 0.0000000e+00
10371     457.079639    1402.248970 0.0000000e+00
10372     441.572934    1406.099820 0.0000000e+00
10373     426.391056    1409.952510 0.0000000e+00
10374     411.602747    1413.979880 0.0000000e+00
10375     397.290948    1418.450710 0.0000000e+00
10376     383.827173    1423.425440 0.0000000e+00
10377     371.335871    1428.305100 0.0000000e+00
10378     359.204834    1434.176550 0.0000000e+00
10379     348.160260    1440.780240 0.0000000e+00
10380     336.471242    1446.609450 0.0000000e+00
10381     325.618581    1453.994740 0.0000000e+00
10382     315.979342    1460.140850 0.0000000e+00
10383     307.146810    1466.127710 0.0000000e+00
10384     298.770980    1470.193240 0.0000000e+00
10385     292.836926    1475.900020 0.0000000e+00
10386     285.478835    1481.012920 0.0000000e+00
10387     278.399285    1486.095600 0.0000000e+00
10388     271.764884    1491.075730 0.0000000e+00
10389     265.574060    1496.096400 0.0000000e+00
10390     259.785807    1500.965190 0.0000000e+00
10391     254.445210    1505.641880 0.0000000e+00
10392     249.348571    1510.112650 0.0000000e+00
10393     244.510619    1514.392200 0.0000000e+00
10394     239.923551    1518.486310 0.0000000e+00
10395     235.566763    1522.395170 0.0000000e+00
10396     231.415473    1526.119530 0.0000000e+00
10397     227.446533    1529.657050 0.0000000e+00
10398     223.591330    1532.984990 0.0000000e+00
10399     219.662087    1536.005230 0.0000000e+00
10400     215.532287    1538.587970 0.0000000e+00
10401     211.103282    1540.578300 0.0000000e+00
10402     206.533416    1541.905700 0.0000000e+00
10403     201.947906    1542.795390 0.0000000e+00
10404     197.338042    1543.582160 0.0000000e+00
10405     192.790494    1544.339430 0.0000000e+00
10406     188.305759    1545.072240 0.0000000e+00
10407     183.881616    1545.790890 0.0000000e+00
10408     179.516135    1546.498970 0.0000000e+00
10409     175.207657    1547.197760 0.0000000e+00
10410     170.954712    1547.886560 0.0000000e+00
10411     166.755618    1548.563730 0.0000000e+00
10412     162.605493    1549.223870 0.0000000e+00
10413     158.491002    1549.844940 0.0000000e+00
10414     154.424022    1550.392350 0.0000000e+00
10415     150.453482    1550.855520 0.0000000e+00
10416     146.534195    1551.277730 0.0000000e+00
10417     142.349523    1551.341620 0.0000000e+00
10418     138.273455    1551.073390 0.0000000e+00
10419     134.309513    1551.825060 0.0000000e+00
10420     134.596439    1547.957240 0.0000000e+00
10421     133.568436    1543.740890 0.0000000e+00
10422     133.555970    1539.676350 0.0000000e+00
10423     133.550263    1535.671220 0.0000000e+00
10424     133.515012    1531.658590 0.0000000e+00
10425     133.501133    1527.649590 0.0000000e+00
10426     133.500079    1523.647520 0.0000000e+00
10427     133.499276    1519.646990 0.0000000e+00
10428     133.498655    1515.646660 0.0000000e+00
10429     133.498501    1511.646500 0.0000000e+00
10430     133.498518    1507.646440 0.0000000e+00
10431     133.498576    1503.646430 0.0000000e+00
10432     133.498620    1499.646430 0.0000000e+00
10433     133.498644    1495.646430 0.0000000e+00
10434     133.498668    1491.646420 0.0000000e+00
10435     133.498698    1487.646410 0.0000000e+00
10436     133.498731    1483.646400 0.0000000e+00
10437     133.498691    1479.646480 0.0000000e+00
10438     133.498217    1475.646850 0.0000000e+00
10439     133.497514    1471.647080 0.0000000e+00
10440     133.496810    1467.647050 0.0000000e+00
10441     133.496455    1463.646650 0.0000000e+00
10442     133.496747    1459.646170 0.0000000e+00
10443     133.497599    1455.646170 0.0000000e+00
10444     133.498165    1451.646480 0.0000000e+00
10445     133.498134    1447.646620 0.0000000e+00
10446     133.498016    1443.646630 0.0000000e+00
10447     133.497939    1439.646570 0.0000000e+00
10448     133.497992    1435.646470 0.0000000e+00
10449     133.498178    1431.646400 0.0000000e+00
10450     133.498414    1427.646420 0.0000000e+00
10451     133.498554    1423.646470 0.0000000e+00
10452     133.498581    1419.646490 0.0000000e+00
10453     133.498579    1415.646500 0.0000000e+00
10454     133.498572    1411.646500 0.0000000e+00
10455     133.498566    1407.646490 0.0000000e+00
10456     133.498560    1403.646490 0.0000000e+00
10457     133.498556    1399.646490 0.0000000e+00
10458     133.498552    1395.646480 0.0000000e+00
10459     133.498549    1391.646480 0.0000000e+00
10460     133.498548    1387.646480 0.0000000e+00
10461     133.498547    1383.646470 0.0000000e+00
10462     133.498547    1379.646470 0.0000000e+00
10463     133.498548    1375.646460 0.0000000e+00
10464     133.498550    1371.646460 0.0000000e+00
10465     133.498553    1367.646460 0.0000000e+00
10466     133.498557    1363.646450 0.0000000e+00
10467     133.498561    1359.646450 0.0000000e+00
10468     133.498567    1355.646440 0.0000000e+00
10469     133.498573    1351.646440 0.0000000e+00
10470     133.498580    1347.646430 0.0000000e+00
10471     133.498587    1343.646430 0.0000000e+00
10472     133.498596    1339.646420 0.0000000e+00
10473     133.498605    1335.646420 0.0000000e+00
10474     133.498614    1331.646410 0.0000000e+00
10475     133.498625    1327.646410 0.0000000e+00
10476     133.498636    1323.646400 0.0000000e+00
10477     133.498648    1319.646400 0.0000000e+00
10478     133.498660    1315.646400 0.0000000e+00
10479     133.498671    1311.646390 0.0000000e+00
10480     133.498681    1307.646390 0.0000000e+00
10481     133.498687    1303.646390 0.0000000e+00
10482     133.498689    1299.646390 0.0000000e+00
10483     133.498689    1295.646380 0.0000000e+00
10484     133.498693    1291.646370 0.0000000e+00
10485     133.498704    1287.646360 0.0000000e+00
10486     133.498724    1283.646350 0.0000000e+00
10487     133.498754    1279.646340 0.0000000e+00
10488     133.498785    1275.646340 0.0000000e+00
10489     133.498815    1271.646330 0.0000000e+00
10490     133.498840    1267.646330 0.0000000e+00
10491     133.498860    1263.646330 0.0000000e+00
10492     133.498879    1259.646320 0.0000000e+00
10493     133.498898    1255.646320 0.0000000e+00
10494     133.498918    1251.646310 0.0000000e+00
10495     133.498939    1247.646310 0.0000000e+00
10496     133.498960    1243.646300 0.0000000e+00
10497     133.498982    1239.646290 0.0000000e+00
10498     133.499004    1235.646290 0.0000000e+00
10499     133.499028    1231.646280 0.0000000e+00
10500     133.499051    1227.646280 0.0000000e+00
10501     133.499076    1223.646270 0.0000000e+00
10502     133.499101    1219.646260 0.0000000e+00
10503     133.499127    1215.646260 0.0000000e+00
10504     133.499154    1211.646250 0.0000000e+00
10505     133.499181    1207.646240 0.0000000e+00
10506     133.499209    1203.646240 0.0000000e+00
10507     133.499238    1199.646230 0.0000000e+00
10508     133.499268    1195.646230 0.0000000e+00
10509     133.499299    1191.646220 0.0000000e+00
10510     133.499330    1187.646210 0.0000000e+00
10511     133.499363    1183.646200 0.0000000e+00
10512     133.499396    1179.646200 0.0000000e+00
10513     133.499427    1175.646190 0.0000000e+00
10514     133.499439    1171.646200 0.0000000e+00
10515     133.499425    1167.646220 0.0000000e+00
10516     133.499394    1163.646230 0.0000000e+00
10517     133.499364    1159.646220 0.0000000e+00
10518     133.499362    1155.646190 0.0000000e+00
10519     133.499405    1151.646160 0.0000000e+00
10520     133.499481    1147.646130 0.0000000e+00
10521     133.499570    1143.646130 0.0000000e+00
10522     133.499637    1139.646130 0.0000000e+00
10523     133.499681    1135.646130 0.0000000e+00
10524     133.499633    1131.646220 0.0000000e+00
10525     133.499131    1127.646610 0.0000000e+00
10526     133.498371    1123.646870 0.0000000e+00
10527     133.497595    1119.646860 0.0000000e+00
10528     133.497184    1115.646440 0.0000000e+00
10529     133.497424    1111.645960 0.0000000e+00
10530     133.498245    1107.645930 0.0000000e+00
10531     133.498878    1103.646180 0.0000000e+00
10532     133.498960    1099.646260 0.0000000e+00
10533     133.498897    1095.646340 0.0000000e+00
10534     133.498776    1091.646400 0.0000000e+00
10535     133.498636    1087.646400 0.0000000e+00
10536     133.498535    1083.646350 0.0000000e+00
10537     133.498573    1079.646230 0.0000000e+00
10538     133.498758    1075.646150 0.0000000e+00
10539     133.499007    1071.646170 0.0000000e+00
10540     133.499158    1067.646220 0.0000000e+00
10541     133.499191    1063.646240 0.0000000e+00
10542     133.499197    1059.646240 0.0000000e+00
10543     133.499202    1055.646240 0.0000000e+00
10544     133.499207    1051.646240 0.0000000e+00
10545     133.499213    1047.646230 0.0000000e+00
10546     133.499219    1043.646230 0.0000000e+00
10547     133.499226    1039.646220 0.0000000e+00
10548     133.499234    1035.646220 0.0000000e+00
10549     133.499243    1031.646220 0.0000000e+00
10550     133.499252    1027.646210 0.0000000e+00
10551     133.499262    1023.646210 0.0000000e+00
10552     133.499273    1019.646200 0.0000000e+00
10553     133.499285    1015.646200 0.0000000e+00
10554     133.499298    1011.646190 0.0000000e+00
10555     133.499312    1007.646190 0.0000000e+00
10556     133.499326    1003.646180 0.0000000e+00
10557     133.499341     999.646176 0.0000000e+00
10558     133.499357     995.646171 0.0000000e+00
10559     133.499373     991.646166 0.0000000e+00
10560     133.499390     987.646160 0.0000000e+00
10561     133.499408     983.646155 0.0000000e+00
10562     133.499427     979.646149 0.0000000e+00
10563     133.499446     975.646144 0.0000000e+00
10564     133.499466     971.646138 0.0000000e+00
10565     133.499487     967.646133 0.0000000e+00
10566     133.499508     963.646127 0.0000000e+00
10567     133.499530     959.646121 0.0000000e+00
10568     133.499553     955.646116 0.0000000e+00
10569     133.499577     951.646110 0.0000000e+00
10570     133.499600     947.646104 0.0000000e+00
10571     133.499623     943.646100 0.0000000e+00
10572     133.499640     939.646098 0.0000000e+00
10573     133.499652     935.646098 0.0000000e+00
10574     133.499661     931.646095 0.0000000e+00
10575     133.499671     927.646088 0.0000000e+00
10576     133.499689     923.646077 0.0000000e+00
10577     133.499719     919.646064 0.0000000e+00
10578     133.499760     915.646052 0.0000000e+00
10579     133.499805     911.646044 0.0000000e+00
10580     133.499848     907.646041 0.0000000e+00
10581     133.499884     903.646038 0.0000000e+00
10582     133.499915     899.646032 0.0000000e+00
10583     133.499946     895.646026 0.0000000e+00
10584     133.499977     891.646020 0.0000000e+00
10585     133.500009     887.646013 0.0000000e+00
10586     133.500041     883.646007 0.0000000e+00
10587     133.500074     879.646000 0.0000000e+00
10588     133.500108     875.645993 0.0000000e+00
10589     133.500143     871.645986 0.0000000e+00
10590     133.500179     867.645979 0.0000000e+00
10591     133.500215     863.645972 0.0000000e+00
10592     133.500253     859.645965 0.0000000e+00
10593     133.500291     855.645958 0.0000000e+00
10594     133.500330     851.645951 0.0000000e+00
10595     133.500370     847.645943 0.0000000e+00
10596     133.500411     843.645936 0.0000000e+00
10597     133.500453     839.645928 0.0000000e+00
10598     133.500496     835.645920 0.0000000e+00
10599     133.500540     831.645913 0.0000000e+00
10600     133.500585     827.645905 0.0000000e+00
10601     133.500631     823.645896 0.0000000e+00
10602     133.500679     819.645888 0.0000000e+00
10603     133.500724     815.645883 0.0000000e+00
10604     133.500750     811.645892 0.0000000e+00
10605     133.500748     807.645909 0.0000000e+00
10606     133.500725     803.645922 0.0000000e+00
10607     133.500697     799.645915 0.0000000e+00
10608     133.500699     795.645882 0.0000000e+00
10609     133.500754     791.645839 0.0000000e+00
10610     133.500853     787.645809 0.0000000e+00
10611     133.500962     783.645813 0.0000000e+00
10612     133.500938     779.645927 0.0000000e+00
10613     133.500421     775.646340 0.0000000e+00
10614     133.499612     771.646628 0.0000000e+00
10615     133.498758     767.646643 0.0000000e+00
10616     133.498270     763.646234 0.0000000e+00
10617     133.498427     759.645736 0.0000000e+00
10618     133.499188     755.645692 0.0000000e+00
10619     133.499796     751.645924 0.0000000e+00
10620     133.499868     747.646004 0.0000000e+00
10621     133.499808     743.646075 0.0000000e+00
10622     133.499686     739.646136 0.0000000e+00
10623     133.499530     735.646159 0.0000000e+00
10624     133.499412     731.646101 0.0000000e+00
10625     133.499443     727.645973 0.0000000e+00
10626     133.499636     723.645878 0.0000000e+00
10627     133.499901     719.645899 0.0000000e+00
10628     133.500060     715.645957 0.0000000e+00
10629     133.500097     711.645976 0.0000000e+00
10630     133.500110     707.645977 0.0000000e+00
10631     133.500122     703.645974 0.0000000e+00
10632     133.500135     699.645969 0.0000000e+00
10633     133.500149     695.645964 0.0000000e+00
10634     133.500165     691.645958 0.0000000e+00
10635     133.500182     687.645953 0.0000000e+00
10636     133.500200     683.645948 0.0000000e+00
10637     133.500219     679.645943 0.0000000e+00
10638     133.500239     675.645937 0.0000000e+00
10639     133.500259     671.645932 0.0000000e+00
10640     133.500280     667.645927 0.0000000e+00
10641     133.500301     663.645921 0.0000000e+00
10642     133.500324     659.645915 0.0000000e+00
10643     133.500347     655.645910 0.0000000e+00
10644     133.500371     651.645904 0.0000000e+00
10645     133.500396     647.645898 0.0000000e+00
10646     133.500421     643.645892 0.0000000e+00
10647     133.500447     639.645886 0.0000000e+00
10648     133.500475     635.645880 0.0000000e+00
10649     133.500502     631.645874 0.0000000e+00
10650     133.500531     627.645868 0.0000000e+00
10651     133.500560     623.645862 0.0000000e+00
10652     133.500591     619.645856 0.0000000e+00
10653     133.500622     615.645849 0.0000000e+00
10654     133.500653     611.645843 0.0000000e+00
10655     133.500686     607.645836 0.0000000e+00
10656     133.500719     603.645830 0.0000000e+00
10657     133.500753     599.645823 0.0000000e+00
10658     133.500788     595.645816 0.0000000e+00
10659     133.500823     591.645810 0.0000000e+00
10660     133.500859     587.645803 0.0000000e+00
10661     133.500897     583.645795 0.0000000e+00
10662     133.500934     579.645789 0.0000000e+00
10663     133.500967     575.645786 0.0000000e+00
10664     133.500994     571.645786 0.0000000e+00
10665     133.501014     567.645784 0.0000000e+00
10666     133.501033     563.645779 0.0000000e+00
10667     133.501058     559.645767 0.0000000e+00
10668     133.501097     555.645751 0.0000000e+00
10669     133.501151     551.645736 0.0000000e+00
10670     133.501212     547.645725 0.0000000e+00
10671     133.501273     543.645721 0.0000000e+00
10672     133.501326     539.645717 0.0000000e+00
10673     133.501372     535.645711 0.0000000e+00
10674     133.501418     531.645704 0.0000000e+00
10675     133.501464     527.645696 0.0000000e+00
10676     133.501511     523.645688 0.0000000e+00
10677     133.501559     519.645680 0.0000000e+00
10678     133.501608     515.645672 0.0000000e+00
10679     133.501658     511.645664 0.0000000e+00
10680     133.501709     507.645655 0.0000000e+00
10681     133.501762     503.645647 0.0000000e+00
10682     133.501815     499.645638 0.0000000e+00
10683     133.501869     495.645630 0.0000000e+00
10684     133.501924     491.645621 0.0000000e+00
10685     133.501981     487.645612 0.0000000e+00
10686     133.502039     483.645603 0.0000000e+00
10687     133.502098     479.645594 0.0000000e+00
10688     133.502158     475.645584 0.0000000e+00
10689     133.502219     471.645575 0.0000000e+00
10690     133.502282     467.645565 0.0000000e+00
10691     133.502347     463.645555 0.0000000e+00
10692     133.502408     459.645549 0.0000000e+00
10693     133.502451     455.645556 0.0000000e+00
10694     133.502465     451.645575 0.0000000e+00
10695     133.502449     447.645591 0.0000000e+00
10696     133.502426     443.645584 0.0000000e+00
10697     133.502438     439.645546 0.0000000e+00
10698     133.502460     435.645553 0.0000000e+00
10699     133.502185     431.645827 0.0000000e+00
10700     133.501523     427.646208 0.0000000e+00
10701     133.500650     423.646393 0.0000000e+00
10702     133.499889     419.646231 0.0000000e+00
10703     133.499631     415.645787 0.0000000e+00
10704     133.499972     411.645465 0.0000000e+00
10705     133.500653     407.645533 0.0000000e+00
10706     133.501024     403.645666 0.0000000e+00
10707     133.501114     399.645700 0.0000000e+00
10708     133.501150     395.645718 0.0000000e+00
10709     133.501278     391.645629 0.0000000e+00
10710     133.501651     387.645404 0.0000000e+00
10711     133.502076     383.645530 0.0000000e+00
10712     133.500235     379.648346 0.0000000e+00
10713     133.489568     375.655408 0.0000000e+00
10714     133.486224     371.648683 0.0000000e+00
10715     133.494660     367.631691 0.0000000e+00
10716     133.518403     363.593402 0.0000000e+00
10717     133.737155     359.482962 0.0000000e+00
10718     133.795964     355.712764 0.0000000e+00
10719     133.371488     352.099120 0.0000000e+00
10720     134.940442     348.518841 0.0000000e+00
10721     139.442617     348.814471 0.0000000e+00
10722     143.545632     348.838915 0.0000000e+00
10723     147.625451     348.937213 0.0000000e+00
10724     151.658659     349.287085 0.0000000e+00
10725     155.700097     349.810515 0.0000000e+00
10726     159.764726     350.430080 0.0000000e+00
10727     163.878223     351.084176 0.0000000e+00
10728     162.338582     347.175679 0.0000000e+00
10729     166.491427     347.796693 0.0000000e+00
10730     170.698793     348.430001 0.0000000e+00
10731     174.961621     349.072687 0.0000000e+00
10732     179.281145     349.723671 0.0000000e+00
10733     183.658145     350.383177 0.0000000e+00
10734     188.093678     351.051698 0.0000000e+00
10735     192.588830     351.731389 0.0000000e+00
10736     197.144967     352.429688 0.0000000e+00
10737     201.761837     353.172208 0.0000000e+00
10738     206.429519     354.033540 0.0000000e+00
10739     211.109161     355.158960 0.0000000e+00
10740     215.614006     356.803643 0.0000000e+00
10741     219.769204     358.950103 0.0000000e+00
10742     223.672957     360.722432 0.0000000e+00
10743     227.034191     364.061842 0.0000000e+00
10744     231.283197     367.558888 0.0000000e+00
10745     235.748111     371.972850 0.0000000e+00
10746     240.865722     375.686625 0.0000000e+00
10747     245.859731     379.670346 0.0000000e+00
10748     251.014555     383.821085 0.0000000e+00
10749     256.446088     388.138536 0.0000000e+00
10750     262.205850     392.627302 0.0000000e+00
10751     268.339199     397.274333 0.0000000e+00
10752     274.875008     402.063340 0.0000000e+00
10753     281.771707     407.027585 0.0000000e+00
10754     289.267667     412.125870 0.0000000e+00
10755     297.332653     417.267500 0.0000000e+00
10756     305.891807     422.374691 0.0000000e+00
10757     314.900293     427.717100 0.0000000e+00
10758     324.397185     433.225215 0.0000000e+00
10759     334.369753     438.838129 0.0000000e+00
10760     344.517918     444.437389 0.0000000e+00
10761     352.953024     450.970541 0.0000000e+00
10762     364.117418     455.139755 0.0000000e+00
10763     376.213392     460.686408 0.0000000e+00
10764     389.133327     466.160005 0.0000000e+00
10765     403.369875     470.747720 0.0000000e+00
10766     417.857588     473.987738 0.0000000e+00
10767     432.771612     477.646605 0.0000000e+00
10768     448.108835     481.263960 0.0000000e+00
10769     463.798303     484.874257 0.0000000e+00
10770     479.814101     488.527852 0.0000000e+00
10771     496.151739     492.246621 0.0000000e+00
10772     512.812110     496.037529 0.0000000e+00
10773     529.800576     499.909404 0.0000000e+00
10774     547.143565     503.898980 0.0000000e+00
10775     564.990034     507.928160 0.0000000e+00
10776     584.048470     512.647704 0.0000000e+00
10777     605.594050     517.077805 0.0000000e+00
10778     618.880740     530.484681 0.0000000e+00
10779     625.571644     545.649181 0.0000000e+00
10780     624.342373     563.582242 0.0000000e+00
10781     624.387832     583.098358 0.0000000e+00
10782     624.195453     602.530603 0.0000000e+00
10783     624.251288     621.981091 0.0000000e+00
10784     624.422713     641.527006 0.0000000e+00
10785     624.445923     661.055243 0.0000000e+00
10786     624.449415     680.570672 0.0000000e+00
10787     624.450015     700.081782 0.0000000e+00
10788     624.450572     719.590704 0.0000000e+00
10789     624.452961     739.099993 0.0000000e+00
10790     624.459582     758.631648 0.0000000e+00
10791     624.480176     778.303544 0.0000000e+00
10792     624.420691     798.503128 0.0000000e+00
10793     622.885684     820.075580 0.0000000e+00
10794     624.319366     841.205769 0.0000000e+00
10795     624.422417     861.280053 0.0000000e+00
10796     624.425813     880.956160 0.0000000e+00
10797     624.450266     900.507730 0.0000000e+00
10798     624.422371     919.945719 0.0000000e+00
10799     623.470522     939.004533 0.0000000e+00
10800     623.630579     958.643499 0.0000000e+00
10801     624.218578     977.460224 0.0000000e+00
10802     624.179271     996.874621 0.0000000e+00
10803     624.245373    1016.401700 0.0000000e+00
10804     624.418449    1035.735660 0.0000000e+00
10805     624.454258    1055.181960 0.0000000e+00
10806     624.490925    1074.689050 0.0000000e+00
10807     624.493350    1094.198950 0.0000000e+00
10808     624.487380    1113.706090 0.0000000e+00
10809     624.481608    1133.214090 0.0000000e+00
10810     624.477499    1152.721510 0.0000000e+00
10811     624.443267    1172.212230 0.0000000e+00
10812     624.425686    1191.728930 0.0000000e+00
10813     624.429829    1211.253410 0.0000000e+00
10814     624.441872    1230.772080 0.0000000e+00
10815     624.470945    1250.263580 0.0000000e+00
10816     624.471410    1269.767230 0.0000000e+00
10817     624.472114    1289.275040 0.0000000e+00
10818     624.485184    1308.799840 0.0000000e+00
10819     624.267191    1328.460150 0.0000000e+00
10820     623.429722    1348.058580 0.0000000e+00
10821     623.029048    1366.458740 0.0000000e+00
10822     623.356461    1381.890460 0.0000000e+00
10823     605.531571    1379.363720 0.0000000e+00
10824     586.566773    1386.866410 0.0000000e+00
10825     568.324790    1391.162830 0.0000000e+00
10826     550.603483    1395.273150 0.0000000e+00
10827     533.204501    1399.298160 0.0000000e+00
10828     516.144345    1403.186520 0.0000000e+00
10829     499.417231    1406.988350 0.0000000e+00
10830     483.014835    1410.716340 0.0000000e+00
10831     466.931656    1414.377860 0.0000000e+00
10832     451.165412    1417.987260 0.0000000e+00
10833     435.721952    1421.578270 0.0000000e+00
10834     420.631761    1425.246440 0.0000000e+00
10835     405.927302    1429.197730 0.0000000e+00
10836     391.799659    1433.703210 0.0000000e+00
10837     378.853301    1438.556330 0.0000000e+00
10838     367.543342    1441.537050 0.0000000e+00
10839     357.689791    1448.233180 0.0000000e+00
10840     346.405380    1453.791910 0.0000000e+00
10841     335.722319    1459.514110 0.0000000e+00
10842     325.572946    1465.679390 0.0000000e+00
10843     315.704746    1471.534050 0.0000000e+00
10844     305.269286    1476.998470 0.0000000e+00
10845     296.520316    1483.278760 0.0000000e+00
10846     288.347328    1488.579770 0.0000000e+00
10847     280.857138    1493.519200 0.0000000e+00
10848     273.838555    1498.033390 0.0000000e+00
10849     267.343468    1502.999390 0.0000000e+00
10850     261.735204    1507.839830 0.0000000e+00
10851     256.174690    1512.312160 0.0000000e+00
10852     250.816348    1516.604580 0.0000000e+00
10853     245.734671    1520.725900 0.0000000e+00
10854     240.918741    1524.661310 0.0000000e+00
10855     236.347437    1528.408710 0.0000000e+00
10856     231.998058    1531.970720 0.0000000e+00
10857     227.844845    1535.341870 0.0000000e+00
10858     223.802286    1538.473250 0.0000000e+00
10859     219.682295    1541.245800 0.0000000e+00
10860     215.310439    1543.502990 0.0000000e+00
10861     210.729695    1545.293960 0.0000000e+00
10862     206.087352    1546.358770 0.0000000e+00
10863     201.290678    1547.027410 0.0000000e+00
10864     196.640487    1547.744920 0.0000000e+00
10865     192.084403    1548.439000 0.0000000e+00
10866     187.599251    1549.116920 0.0000000e+00
10867     183.176280    1549.783990 0.0000000e+00
10868     178.812126    1550.441830 0.0000000e+00
10869     174.505085    1551.090780 0.0000000e+00
10870     170.253805    1551.730330 0.0000000e+00
10871     166.056109    1552.358410 0.0000000e+00
10872     161.907328    1552.967220 0.0000000e+00
10873     157.806603    1553.540320 0.0000000e+00
10874     153.762615    1554.053220 0.0000000e+00
10875     149.770487    1554.475530 0.0000000e+00
10876     145.732828    1554.714030 0.0000000e+00
10877     141.736814    1554.750800 0.0000000e+00
10878     137.948476    1554.815500 0.0000000e+00
10879     134.360357    1555.372680 0.0000000e+00
10880     130.653624    1554.347670 0.0000000e+00
10881     130.494133    1550.280790 0.0000000e+00
10882     130.347726    1546.389890 0.0000000e+00
10883     130.061212    1542.285020 0.0000000e+00
10884     130.047753    1538.254910 0.0000000e+00
10885     130.042482    1534.249120 0.0000000e+00
10886     130.032763    1530.244680 0.0000000e+00
10887     130.029252    1526.242290 0.0000000e+00
10888     130.028825    1522.241710 0.0000000e+00
10889     130.028591    1518.241550 0.0000000e+00
10890     130.028449    1514.241470 0.0000000e+00
10891     130.028419    1510.241430 0.0000000e+00
10892     130.028427    1506.241420 0.0000000e+00
10893     130.028442    1502.241420 0.0000000e+00
10894     130.028454    1498.241420 0.0000000e+00
10895     130.028462    1494.241420 0.0000000e+00
10896     130.028471    1490.241420 0.0000000e+00
10897     130.028482    1486.241410 0.0000000e+00
10898     130.028479    1482.241420 0.0000000e+00
10899     130.028385    1478.241500 0.0000000e+00
10900     130.028210    1474.241580 0.0000000e+00
10901     130.028006    1470.241610 0.0000000e+00
10902     130.027861    1466.241550 0.0000000e+00
10903     130.027847    1462.241440 0.0000000e+00
10904     130.027977    1458.241340 0.0000000e+00
10905     130.028187    1454.241370 0.0000000e+00
10906     130.028296    1450.241440 0.0000000e+00
10907     130.028285    1446.241470 0.0000000e+00
10908     130.028260    1442.241460 0.0000000e+00
10909     130.028258    1438.241440 0.0000000e+00
10910     130.028291    1434.241420 0.0000000e+00
10911     130.028347    1430.241400 0.0000000e+00
10912     130.028405    1426.241410 0.0000000e+00
10913     130.028434    1422.241420 0.0000000e+00
10914     130.028440    1418.241430 0.0000000e+00
10915     130.028439    1414.241430 0.0000000e+00
10916     130.028437    1410.241430 0.0000000e+00
10917     130.028435    1406.241430 0.0000000e+00
10918     130.028434    1402.241430 0.0000000e+00
10919     130.028433    1398.241430 0.0000000e+00
10920     130.028432    1394.241430 0.0000000e+00
10921     130.028432    1390.241430 0.0000000e+00
10922     130.028431    1386.241430 0.0000000e+00
10923     130.028432    1382.241430 0.0000000e+00
10924     130.028432    1378.241430 0.0000000e+00
10925     130.028433    1374.241430 0.0000000e+00
10926     130.028434    1370.241430 0.0000000e+00
10927     130.028435    1366.241420 0.0000000e+00
10928     130.028436    1362.241420 0.0000000e+00
10929     130.028438    1358.241420 0.0000000e+00
10930     130.028440    1354.241420 0.0000000e+00
10931     130.028442    1350.241420 0.0000000e+00
10932     130.028445    1346.241420 0.0000000e+00
10933     130.028448    1342.241420 0.0000000e+00
10934     130.028451    1338.241420 0.0000000e+00
10935     130.028454    1334.241420 0.0000000e+00
10936     130.028457    1330.241420 0.0000000e+00
10937     130.028461    1326.241420 0.0000000e+00
10938     130.028465    1322.241410 0.0000000e+00
10939     130.028469    1318.241410 0.0000000e+00
10940     130.028473    1314.241410 0.0000000e+00
10941     130.028476    1310.241410 0.0000000e+00
10942     130.028479    1306.241410 0.0000000e+00
10943     130.028481    1302.241410 0.0000000e+00
10944     130.028482    1298.241410 0.0000000e+00
10945     130.028484    1294.241410 0.0000000e+00
10946     130.028486    1290.241410 0.0000000e+00
10947     130.028492    1286.241410 0.0000000e+00
10948     130.028499    1282.241400 0.0000000e+00
10949     130.028508    1278.241400 0.0000000e+00
10950     130.028518    1274.241400 0.0000000e+00
10951     130.028527    1270.241400 0.0000000e+00
10952     130.028534    1266.241400 0.0000000e+00
10953     130.028541    1262.241400 0.0000000e+00
10954     130.028547    1258.241400 0.0000000e+00
10955     130.028553    1254.241400 0.0000000e+00
10956     130.028560    1250.241390 0.0000000e+00
10957     130.028567    1246.241390 0.0000000e+00
10958     130.028574    1242.241390 0.0000000e+00
10959     130.028582    1238.241390 0.0000000e+00
10960     130.028589    1234.241390 0.0000000e+00
10961     130.028597    1230.241390 0.0000000e+00
10962     130.028605    1226.241390 0.0000000e+00
10963     130.028613    1222.241390 0.0000000e+00
10964     130.028621    1218.241380 0.0000000e+00
10965     130.028630    1214.241380 0.0000000e+00
10966     130.028639    1210.241380 0.0000000e+00
10967     130.028648    1206.241380 0.0000000e+00
10968     130.028657    1202.241380 0.0000000e+00
10969     130.028667    1198.241380 0.0000000e+00
10970     130.028677    1194.241370 0.0000000e+00
10971     130.028687    1190.241370 0.0000000e+00
10972     130.028697    1186.241370 0.0000000e+00
10973     130.028708    1182.241370 0.0000000e+00
10974     130.028719    1178.241370 0.0000000e+00
10975     130.028726    1174.241370 0.0000000e+00
10976     130.028726    1170.241370 0.0000000e+00
10977     130.028721    1166.241380 0.0000000e+00
10978     130.028714    1162.241380 0.0000000e+00
10979     130.028710    1158.241370 0.0000000e+00
10980     130.028717    1154.241360 0.0000000e+00
10981     130.028734    1150.241360 0.0000000e+00
10982     130.028758    1146.241350 0.0000000e+00
10983     130.028783    1142.241350 0.0000000e+00
10984     130.028802    1138.241350 0.0000000e+00
10985     130.028798    1134.241370 0.0000000e+00
10986     130.028698    1130.241450 0.0000000e+00
10987     130.028509    1126.241540 0.0000000e+00
10988     130.028283    1122.241570 0.0000000e+00
10989     130.028119    1118.241520 0.0000000e+00
10990     130.028088    1114.241400 0.0000000e+00
10991     130.028204    1110.241300 0.0000000e+00
10992     130.028420    1106.241310 0.0000000e+00
10993     130.028556    1102.241370 0.0000000e+00
10994     130.028565    1098.241400 0.0000000e+00
10995     130.028539    1094.241420 0.0000000e+00
10996     130.028504    1090.241430 0.0000000e+00
10997     130.028471    1086.241420 0.0000000e+00
10998     130.028464    1082.241400 0.0000000e+00
10999     130.028494    1078.241370 0.0000000e+00
11000     130.028551    1074.241350 0.0000000e+00
11001     130.028613    1070.241360 0.0000000e+00
11002     130.028645    1066.241370 0.0000000e+00
11003     130.028654    1062.241380 0.0000000e+00
11004     130.028656    1058.241380 0.0000000e+00
11005     130.028658    1054.241380 0.0000000e+00
11006     130.028660    1050.241380 0.0000000e+00
11007     130.028662    1046.241380 0.0000000e+00
11008     130.028664    1042.241380 0.0000000e+00
11009     130.028667    1038.241380 0.0000000e+00
11010     130.028670    1034.241380 0.0000000e+00
11011     130.028673    1030.241370 0.0000000e+00
11012     130.028677    1026.241370 0.0000000e+00
11013     130.028680    1022.241370 0.0000000e+00
11014     130.028684    1018.241370 0.0000000e+00
11015     130.028688    1014.241370 0.0000000e+00
11016     130.028693    1010.241370 0.0000000e+00
11017     130.028698    1006.241370 0.0000000e+00
11018     130.028703    1002.241370 0.0000000e+00
11019     130.028708     998.241366 0.0000000e+00
11020     130.028713     994.241365 0.0000000e+00
11021     130.028719     990.241364 0.0000000e+00
11022     130.028725     986.241363 0.0000000e+00
11023     130.028731     982.241362 0.0000000e+00
11024     130.028737     978.241360 0.0000000e+00
11025     130.028744     974.241359 0.0000000e+00
11026     130.028751     970.241358 0.0000000e+00
11027     130.028758     966.241356 0.0000000e+00
11028     130.028765     962.241355 0.0000000e+00
11029     130.028772     958.241354 0.0000000e+00
11030     130.028780     954.241352 0.0000000e+00
11031     130.028788     950.241351 0.0000000e+00
11032     130.028795     946.241350 0.0000000e+00
11033     130.028802     942.241349 0.0000000e+00
11034     130.028808     938.241349 0.0000000e+00
11035     130.028812     934.241349 0.0000000e+00
11036     130.028816     930.241348 0.0000000e+00
11037     130.028821     926.241346 0.0000000e+00
11038     130.028829     922.241343 0.0000000e+00
11039     130.028840     918.241339 0.0000000e+00
11040     130.028853     914.241337 0.0000000e+00
11041     130.028867     910.241335 0.0000000e+00
11042     130.028880     906.241334 0.0000000e+00
11043     130.028891     902.241333 0.0000000e+00
11044     130.028901     898.241332 0.0000000e+00
11045     130.028911     894.241330 0.0000000e+00
11046     130.028921     890.241328 0.0000000e+00
11047     130.028932     886.241327 0.0000000e+00
11048     130.028943     882.241325 0.0000000e+00
11049     130.028954     878.241323 0.0000000e+00
11050     130.028965     874.241321 0.0000000e+00
11051     130.028977     870.241320 0.0000000e+00
11052     130.028989     866.241318 0.0000000e+00
11053     130.029001     862.241316 0.0000000e+00
11054     130.029013     858.241314 0.0000000e+00
11055     130.029026     854.241312 0.0000000e+00
11056     130.029039     850.241310 0.0000000e+00
11057     130.029052     846.241308 0.0000000e+00
11058     130.029066     842.241306 0.0000000e+00
11059     130.029080     838.241304 0.0000000e+00
11060     130.029094     834.241301 0.0000000e+00
11061     130.029108     830.241299 0.0000000e+00
11062     130.029123     826.241297 0.0000000e+00
11063     130.029139     822.241295 0.0000000e+00
11064     130.029154     818.241293 0.0000000e+00
11065     130.029165     814.241294 0.0000000e+00
11066     130.029170     810.241298 0.0000000e+00
11067     130.029168     806.241302 0.0000000e+00
11068     130.029162     802.241303 0.0000000e+00
11069     130.029161     798.241298 0.0000000e+00
11070     130.029170     794.241288 0.0000000e+00
11071     130.029193     790.241277 0.0000000e+00
11072     130.029223     786.241272 0.0000000e+00
11073     130.029233     782.241292 0.0000000e+00
11074     130.029135     778.241383 0.0000000e+00
11075     130.028934     774.241477 0.0000000e+00
11076     130.028687     770.241520 0.0000000e+00
11077     130.028499     766.241468 0.0000000e+00
11078     130.028444     762.241350 0.0000000e+00
11079     130.028538     758.241252 0.0000000e+00
11080     130.028739     754.241259 0.0000000e+00
11081     130.028869     750.241311 0.0000000e+00
11082     130.028877     746.241339 0.0000000e+00
11083     130.028851     742.241358 0.0000000e+00
11084     130.028812     738.241371 0.0000000e+00
11085     130.028775     734.241367 0.0000000e+00
11086     130.028765     730.241342 0.0000000e+00
11087     130.028796     726.241311 0.0000000e+00
11088     130.028856     722.241295 0.0000000e+00
11089     130.028921     718.241304 0.0000000e+00
11090     130.028956     714.241316 0.0000000e+00
11091     130.028966     710.241320 0.0000000e+00
11092     130.028971     706.241321 0.0000000e+00
11093     130.028975     702.241320 0.0000000e+00
11094     130.028980     698.241319 0.0000000e+00
11095     130.028985     694.241318 0.0000000e+00
11096     130.028991     690.241316 0.0000000e+00
11097     130.028997     686.241315 0.0000000e+00
11098     130.029003     682.241314 0.0000000e+00
11099     130.029010     678.241313 0.0000000e+00
11100     130.029016     674.241311 0.0000000e+00
11101     130.029023     670.241310 0.0000000e+00
11102     130.029030     666.241309 0.0000000e+00
11103     130.029038     662.241307 0.0000000e+00
11104     130.029045     658.241306 0.0000000e+00
11105     130.029053     654.241305 0.0000000e+00
11106     130.029061     650.241303 0.0000000e+00
11107     130.029070     646.241302 0.0000000e+00
11108     130.029078     642.241300 0.0000000e+00
11109     130.029087     638.241299 0.0000000e+00
11110     130.029096     634.241297 0.0000000e+00
11111     130.029106     630.241296 0.0000000e+00
11112     130.029116     626.241294 0.0000000e+00
11113     130.029125     622.241292 0.0000000e+00
11114     130.029136     618.241291 0.0000000e+00
11115     130.029146     614.241289 0.0000000e+00
11116     130.029157     610.241287 0.0000000e+00
11117     130.029167     606.241286 0.0000000e+00
11118     130.029178     602.241284 0.0000000e+00
11119     130.029190     598.241282 0.0000000e+00
11120     130.029201     594.241280 0.0000000e+00
11121     130.029213     590.241278 0.0000000e+00
11122     130.029225     586.241276 0.0000000e+00
11123     130.029238     582.241275 0.0000000e+00
11124     130.029250     578.241273 0.0000000e+00
11125     130.029260     574.241273 0.0000000e+00
11126     130.029268     570.241273 0.0000000e+00
11127     130.029276     566.241272 0.0000000e+00
11128     130.029284     562.241270 0.0000000e+00
11129     130.029295     558.241266 0.0000000e+00
11130     130.029309     554.241261 0.0000000e+00
11131     130.029327     550.241258 0.0000000e+00
11132     130.029346     546.241255 0.0000000e+00
11133     130.029365     542.241254 0.0000000e+00
11134     130.029381     538.241253 0.0000000e+00
11135     130.029396     534.241251 0.0000000e+00
11136     130.029411     530.241249 0.0000000e+00
11137     130.029427     526.241247 0.0000000e+00
11138     130.029442     522.241244 0.0000000e+00
11139     130.029458     518.241242 0.0000000e+00
11140     130.029475     514.241240 0.0000000e+00
11141     130.029491     510.241237 0.0000000e+00
11142     130.029508     506.241235 0.0000000e+00
11143     130.029525     502.241232 0.0000000e+00
11144     130.029543     498.241230 0.0000000e+00
11145     130.029561     494.241227 0.0000000e+00
11146     130.029579     490.241224 0.0000000e+00
11147     130.029598     486.241222 0.0000000e+00
11148     130.029617     482.241219 0.0000000e+00
11149     130.029637     478.241216 0.0000000e+00
11150     130.029656     474.241213 0.0000000e+00
11151     130.029677     470.241211 0.0000000e+00
11152     130.029698     466.241207 0.0000000e+00
11153     130.029718     462.241205 0.0000000e+00
11154     130.029735     458.241205 0.0000000e+00
11155     130.029745     454.241209 0.0000000e+00
11156     130.029746     450.241214 0.0000000e+00
11157     130.029744     446.241216 0.0000000e+00
11158     130.029745     442.241209 0.0000000e+00
11159     130.029749     438.241208 0.0000000e+00
11160     130.029694     434.241261 0.0000000e+00
11161     130.029545     430.241352 0.0000000e+00
11162     130.029316     426.241430 0.0000000e+00
11163     130.029077     422.241439 0.0000000e+00
11164     130.028925     418.241361 0.0000000e+00
11165     130.028915     414.241254 0.0000000e+00
11166     130.029033     410.241193 0.0000000e+00
11167     130.029204     406.241215 0.0000000e+00
11168     130.029292     402.241244 0.0000000e+00
11169     130.029316     398.241255 0.0000000e+00
11170     130.029346     394.241241 0.0000000e+00
11171     130.029436     390.241186 0.0000000e+00
11172     130.029542     386.241190 0.0000000e+00
11173     130.029120     382.241783 0.0000000e+00
11174     130.026668     378.243492 0.0000000e+00
11175     130.025322     374.242527 0.0000000e+00
11176     130.027116     370.238316 0.0000000e+00
11177     130.035409     366.225890 0.0000000e+00
11178     130.089841     362.191625 0.0000000e+00
11179     130.113973     358.232194 0.0000000e+00
11180     130.036171     354.297638 0.0000000e+00
11181     130.439747     350.084096 0.0000000e+00
11182     130.649334     345.972317 0.0000000e+00
11183     134.444198     344.844801 0.0000000e+00
11184     138.167444     345.247440 0.0000000e+00
11185     142.126393     345.258757 0.0000000e+00
11186     146.127312     345.347377 0.0000000e+00
11187     150.144316     345.597225 0.0000000e+00
11188     154.170441     346.029565 0.0000000e+00
11189     158.232973     346.576202 0.0000000e+00
11190     156.632855     342.766976 0.0000000e+00
11191     160.729673     343.306034 0.0000000e+00
11192     164.877297     343.874266 0.0000000e+00
11193     169.077931     344.456695 0.0000000e+00
11194     173.333777     345.048110 0.0000000e+00
11195     177.645913     345.647629 0.0000000e+00
11196     182.015396     346.255011 0.0000000e+00
11197     186.443077     346.870544 0.0000000e+00
11198     190.930024     347.494957 0.0000000e+00
11199     195.477595     348.131179 0.0000000e+00
11200     200.087612     348.789995 0.0000000e+00
11201     204.761849     349.506758 0.0000000e+00
11202     209.497763     350.373009 0.0000000e+00
11203     214.283273     351.486874 0.0000000e+00
11204     218.777563     353.253177 0.0000000e+00
11205     223.099109     355.540228 0.0000000e+00
11206     227.413832     358.404633 0.0000000e+00
11207     231.563016     361.734000 0.0000000e+00
11208     236.054214     365.333046 0.0000000e+00
11209     240.764310     368.914745 0.0000000e+00
11210     245.914864     372.565229 0.0000000e+00
11211     251.261637     376.474581 0.0000000e+00
11212     256.893544     380.576157 0.0000000e+00
11213     262.862273     384.855106 0.0000000e+00
11214     269.213736     389.293948 0.0000000e+00
11215     275.989195     393.860008 0.0000000e+00
11216     283.156013     398.516600 0.0000000e+00
11217     290.389511     403.506780 0.0000000e+00
11218     298.689044     408.491493 0.0000000e+00
11219     307.531124     412.975598 0.0000000e+00
11220     316.766882     418.019499 0.0000000e+00
11221     326.493415     423.279655 0.0000000e+00
11222     336.837794     428.730717 0.0000000e+00
11223     347.993158     434.456816 0.0000000e+00
11224     359.921880     441.331744 0.0000000e+00
11225     373.665113     446.492873 0.0000000e+00
11226     386.978036     451.574251 0.0000000e+00
11227     398.873036     457.516714 0.0000000e+00
11228     411.992322     458.952665 0.0000000e+00
11229     426.500207     462.267510 0.0000000e+00
11230     441.696289     465.677203 0.0000000e+00
11231     457.305108     469.026964 0.0000000e+00
11232     473.249378     472.390841 0.0000000e+00
11233     489.516138     475.805601 0.0000000e+00
11234     506.106730     479.284427 0.0000000e+00
11235     523.026527     482.834733 0.0000000e+00
11236     540.285790     486.473356 0.0000000e+00
11237     557.921728     490.224981 0.0000000e+00
11238     576.116184     494.355531 0.0000000e+00
11239     595.068241     498.861894 0.0000000e+00
11240     615.364548     501.152343 0.0000000e+00
11241     632.338484     512.714756 0.0000000e+00
11242     639.854695     530.665206 0.0000000e+00
11243     642.131542     550.799776 0.0000000e+00
11244     641.487294     570.510214 0.0000000e+00
11245     641.420731     590.503099 0.0000000e+00
11246     641.477398     610.478674 0.0000000e+00
11247     641.701093     630.254453 0.0000000e+00
11248     641.745116     650.149584 0.0000000e+00
11249     641.750746     670.068016 0.0000000e+00
11250     641.751327     689.990382 0.0000000e+00
11251     641.752090     709.913074 0.0000000e+00
11252     641.751643     729.833841 0.0000000e+00
11253     641.751797     749.758172 0.0000000e+00
11254     641.743948     769.702747 0.0000000e+00
11255     641.664826     789.746530 0.0000000e+00
11256     641.092343     810.060783 0.0000000e+00
11257     641.137644     830.048636 0.0000000e+00
11258     641.682750     850.324954 0.0000000e+00
11259     641.783457     870.389799 0.0000000e+00
11260     641.838377     890.356482 0.0000000e+00
11261     641.938472     910.252630 0.0000000e+00
11262     641.889689     929.703956 0.0000000e+00
11263     639.038194     946.933858 0.0000000e+00
11264     641.730010     964.217825 0.0000000e+00
11265     640.830578     983.303792 0.0000000e+00
11266     641.016460    1003.279750 0.0000000e+00
11267     641.813102    1022.455150 0.0000000e+00
11268     641.832131    1042.112670 0.0000000e+00
11269     641.819458    1061.957970 0.0000000e+00
11270     641.813860    1081.857990 0.0000000e+00
11271     641.802551    1101.768120 0.0000000e+00
11272     641.755271    1121.667420 0.0000000e+00
11273     641.729667    1141.587140 0.0000000e+00
11274     641.725681    1161.501760 0.0000000e+00
11275     641.513054    1181.333940 0.0000000e+00
11276     641.481223    1201.319070 0.0000000e+00
11277     641.561814    1221.317400 0.0000000e+00
11278     641.760724    1241.111640 0.0000000e+00
11279     641.762343    1260.995090 0.0000000e+00
11280     641.754595    1280.908340 0.0000000e+00
11281     641.748198    1300.833660 0.0000000e+00
11282     641.683533    1320.800550 0.0000000e+00
11283     641.447657    1340.832270 0.0000000e+00
11284     641.308032    1360.840220 0.0000000e+00
11285     642.510280    1380.948240 0.0000000e+00
11286     632.205979    1394.833430 0.0000000e+00
11287     614.648988    1397.187050 0.0000000e+00
11288     597.689508    1400.130940 0.0000000e+00
11289     579.586407    1405.017760 0.0000000e+00
11290     561.608309    1408.970860 0.0000000e+00
11291     543.952367    1412.730780 0.0000000e+00
11292     526.623602    1416.385040 0.0000000e+00
11293     509.630299    1419.947540 0.0000000e+00
11294     492.967871    1423.436470 0.0000000e+00
11295     476.630163    1426.859380 0.0000000e+00
11296     460.612930    1430.225280 0.0000000e+00
11297     444.916951    1433.556000 0.0000000e+00
11298     429.556219    1436.908780 0.0000000e+00
11299     414.547790    1440.417490 0.0000000e+00
11300     399.851516    1444.351700 0.0000000e+00
11301     385.508687    1448.940410 0.0000000e+00
11302     371.153288    1453.519100 0.0000000e+00
11303     358.126007    1460.411380 0.0000000e+00
11304     346.381056    1466.087740 0.0000000e+00
11305     335.573277    1471.637630 0.0000000e+00
11306     325.300786    1477.149520 0.0000000e+00
11307     315.274144    1482.277790 0.0000000e+00
11308     306.055322    1487.426730 0.0000000e+00
11309     297.320744    1492.704670 0.0000000e+00
11310     289.159148    1497.599280 0.0000000e+00
11311     281.699730    1501.894750 0.0000000e+00
11312     274.652350    1505.055250 0.0000000e+00
11313     269.663795    1510.219020 0.0000000e+00
11314     263.875849    1514.679040 0.0000000e+00
11315     257.961427    1518.904150 0.0000000e+00
11316     252.320919    1523.015960 0.0000000e+00
11317     246.986480    1526.959610 0.0000000e+00
11318     241.937677    1530.716180 0.0000000e+00
11319     237.151145    1534.284800 0.0000000e+00
11320     232.601588    1537.668810 0.0000000e+00
11321     228.251753    1540.856090 0.0000000e+00
11322     224.010075    1543.783020 0.0000000e+00
11323     219.654879    1546.299810 0.0000000e+00
11324     214.981843    1548.305340 0.0000000e+00
11325     209.922258    1550.208110 0.0000000e+00
11326     204.533584    1550.687410 0.0000000e+00
11327     199.674817    1551.382840 0.0000000e+00
11328     195.025501    1552.045680 0.0000000e+00
11329     190.481773    1552.681740 0.0000000e+00
11330     186.010713    1553.304400 0.0000000e+00
11331     181.601821    1553.917670 0.0000000e+00
11332     177.251573    1554.522570 0.0000000e+00
11333     172.958365    1555.119190 0.0000000e+00
11334     168.720851    1555.706840 0.0000000e+00
11335     164.537043    1556.282570 0.0000000e+00
11336     160.404739    1556.838440 0.0000000e+00
11337     156.322710    1557.356580 0.0000000e+00
11338     152.288262    1557.800950 0.0000000e+00
11339     148.277278    1558.110660 0.0000000e+00
11340     144.267385    1558.273350 0.0000000e+00
11341     140.289916    1558.361000 0.0000000e+00
11342     136.307566    1558.525820 0.0000000e+00
11343     131.966246    1558.286580 0.0000000e+00
11344     127.514142    1557.712850 0.0000000e+00
11345     126.951994    1553.278590 0.0000000e+00
11346     126.739884    1549.117380 0.0000000e+00
11347     126.664359    1545.063020 0.0000000e+00
11348     126.586064    1541.013100 0.0000000e+00
11349     126.580160    1536.999390 0.0000000e+00
11350     126.577874    1532.996120 0.0000000e+00
11351     126.575303    1528.994610 0.0000000e+00
11352     126.574442    1524.993980 0.0000000e+00
11353     126.574310    1520.993830 0.0000000e+00
11354     126.574249    1516.993780 0.0000000e+00
11355     126.574217    1512.993760 0.0000000e+00
11356     126.574212    1508.993750 0.0000000e+00
11357     126.574215    1504.993750 0.0000000e+00
11358     126.574219    1500.993750 0.0000000e+00
11359     126.574223    1496.993750 0.0000000e+00
11360     126.574225    1492.993750 0.0000000e+00
11361     126.574229    1488.993750 0.0000000e+00
11362     126.574230    1484.993750 0.0000000e+00
11363     126.574214    1480.993770 0.0000000e+00
11364     126.574173    1476.993790 0.0000000e+00
11365     126.574118    1472.993800 0.0000000e+00
11366     126.574067    1468.993790 0.0000000e+00
11367     126.574045    1464.993770 0.0000000e+00
11368     126.574059    1460.993740 0.0000000e+00
11369     126.574100    1456.993730 0.0000000e+00
11370     126.574150    1452.993740 0.0000000e+00
11371     126.574171    1448.993760 0.0000000e+00
11372     126.574168    1444.993760 0.0000000e+00
11373     126.574165    1440.993760 0.0000000e+00
11374     126.574169    1436.993750 0.0000000e+00
11375     126.574181    1432.993750 0.0000000e+00
11376     126.574197    1428.993750 0.0000000e+00
11377     126.574210    1424.993750 0.0000000e+00
11378     126.574216    1420.993750 0.0000000e+00
11379     126.574218    1416.993750 0.0000000e+00
11380     126.574217    1412.993750 0.0000000e+00
11381     126.574217    1408.993750 0.0000000e+00
11382     126.574216    1404.993750 0.0000000e+00
11383     126.574216    1400.993750 0.0000000e+00
11384     126.574216    1396.993750 0.0000000e+00
11385     126.574215    1392.993750 0.0000000e+00
11386     126.574215    1388.993750 0.0000000e+00
11387     126.574215    1384.993750 0.0000000e+00
11388     126.574216    1380.993750 0.0000000e+00
11389     126.574216    1376.993750 0.0000000e+00
11390     126.574216    1372.993750 0.0000000e+00
11391     126.574216    1368.993750 0.0000000e+00
11392     126.574217    1364.993750 0.0000000e+00
11393     126.574218    1360.993750 0.0000000e+00
11394     126.574218    1356.993750 0.0000000e+00
11395     126.574219    1352.993750 0.0000000e+00
11396     126.574220    1348.993750 0.0000000e+00
11397     126.574221    1344.993750 0.0000000e+00
11398     126.574221    1340.993750 0.0000000e+00
11399     126.574222    1336.993750 0.0000000e+00
11400     126.574224    1332.993750 0.0000000e+00
11401     126.574225    1328.993750 0.0000000e+00
11402     126.574226    1324.993750 0.0000000e+00
11403     126.574227    1320.993750 0.0000000e+00
11404     126.574229    1316.993750 0.0000000e+00
11405     126.574230    1312.993750 0.0000000e+00
11406     126.574231    1308.993750 0.0000000e+00
11407     126.574232    1304.993750 0.0000000e+00
11408     126.574233    1300.993750 0.0000000e+00
11409     126.574233    1296.993750 0.0000000e+00
11410     126.574234    1292.993750 0.0000000e+00
11411     126.574235    1288.993750 0.0000000e+00
11412     126.574237    1284.993750 0.0000000e+00
11413     126.574240    1280.993750 0.0000000e+00
11414     126.574243    1276.993750 0.0000000e+00
11415     126.574245    1272.993750 0.0000000e+00
11416     126.574248    1268.993750 0.0000000e+00
11417     126.574250    1264.993750 0.0000000e+00
11418     126.574252    1260.993750 0.0000000e+00
11419     126.574254    1256.993750 0.0000000e+00
11420     126.574257    1252.993750 0.0000000e+00
11421     126.574259    1248.993750 0.0000000e+00
11422     126.574261    1244.993750 0.0000000e+00
11423     126.574263    1240.993750 0.0000000e+00
11424     126.574266    1236.993750 0.0000000e+00
11425     126.574268    1232.993750 0.0000000e+00
11426     126.574271    1228.993750 0.0000000e+00
11427     126.574273    1224.993750 0.0000000e+00
11428     126.574276    1220.993740 0.0000000e+00
11429     126.574279    1216.993740 0.0000000e+00
11430     126.574282    1212.993740 0.0000000e+00
11431     126.574284    1208.993740 0.0000000e+00
11432     126.574287    1204.993740 0.0000000e+00
11433     126.574290    1200.993740 0.0000000e+00
11434     126.574294    1196.993740 0.0000000e+00
11435     126.574297    1192.993740 0.0000000e+00
11436     126.574300    1188.993740 0.0000000e+00
11437     126.574303    1184.993740 0.0000000e+00
11438     126.574307    1180.993740 0.0000000e+00
11439     126.574310    1176.993740 0.0000000e+00
11440     126.574311    1172.993740 0.0000000e+00
11441     126.574311    1168.993740 0.0000000e+00
11442     126.574309    1164.993740 0.0000000e+00
11443     126.574308    1160.993740 0.0000000e+00
11444     126.574309    1156.993740 0.0000000e+00
11445     126.574312    1152.993740 0.0000000e+00
11446     126.574318    1148.993740 0.0000000e+00
11447     126.574325    1144.993740 0.0000000e+00
11448     126.574333    1140.993740 0.0000000e+00
11449     126.574335    1136.993740 0.0000000e+00
11450     126.574317    1132.993760 0.0000000e+00
11451     126.574273    1128.993780 0.0000000e+00
11452     126.574212    1124.993790 0.0000000e+00
11453     126.574156    1120.993790 0.0000000e+00
11454     126.574127    1116.993760 0.0000000e+00
11455     126.574137    1112.993740 0.0000000e+00
11456     126.574177    1108.993720 0.0000000e+00
11457     126.574231    1104.993730 0.0000000e+00
11458     126.574258    1100.993740 0.0000000e+00
11459     126.574257    1096.993750 0.0000000e+00
11460     126.574249    1092.993750 0.0000000e+00
11461     126.574240    1088.993750 0.0000000e+00
11462     126.574235    1084.993750 0.0000000e+00
11463     126.574238    1080.993740 0.0000000e+00
11464     126.574250    1076.993740 0.0000000e+00
11465     126.574266    1072.993740 0.0000000e+00
11466     126.574281    1068.993740 0.0000000e+00
11467     126.574288    1064.993740 0.0000000e+00
11468     126.574290    1060.993740 0.0000000e+00
11469     126.574291    1056.993740 0.0000000e+00
11470     126.574291    1052.993740 0.0000000e+00
11471     126.574292    1048.993740 0.0000000e+00
11472     126.574293    1044.993740 0.0000000e+00
11473     126.574294    1040.993740 0.0000000e+00
11474     126.574295    1036.993740 0.0000000e+00
11475     126.574296    1032.993740 0.0000000e+00
11476     126.574297    1028.993740 0.0000000e+00
11477     126.574298    1024.993740 0.0000000e+00
11478     126.574299    1020.993740 0.0000000e+00
11479     126.574300    1016.993740 0.0000000e+00
11480     126.574302    1012.993740 0.0000000e+00
11481     126.574303    1008.993740 0.0000000e+00
11482     126.574305    1004.993740 0.0000000e+00
11483     126.574307    1000.993740 0.0000000e+00
11484     126.574308     996.993741 0.0000000e+00
11485     126.574310     992.993741 0.0000000e+00
11486     126.574312     988.993741 0.0000000e+00
11487     126.574314     984.993740 0.0000000e+00
11488     126.574316     980.993740 0.0000000e+00
11489     126.574318     976.993740 0.0000000e+00
11490     126.574320     972.993739 0.0000000e+00
11491     126.574323     968.993739 0.0000000e+00
11492     126.574325     964.993739 0.0000000e+00
11493     126.574327     960.993738 0.0000000e+00
11494     126.574330     956.993738 0.0000000e+00
11495     126.574332     952.993738 0.0000000e+00
11496     126.574335     948.993738 0.0000000e+00
11497     126.574337     944.993737 0.0000000e+00
11498     126.574339     940.993737 0.0000000e+00
11499     126.574341     936.993737 0.0000000e+00
11500     126.574342     932.993737 0.0000000e+00
11501     126.574344     928.993737 0.0000000e+00
11502     126.574346     924.993736 0.0000000e+00
11503     126.574349     920.993735 0.0000000e+00
11504     126.574353     916.993735 0.0000000e+00
11505     126.574357     912.993734 0.0000000e+00
11506     126.574361     908.993734 0.0000000e+00
11507     126.574365     904.993734 0.0000000e+00
11508     126.574369     900.993733 0.0000000e+00
11509     126.574372     896.993733 0.0000000e+00
11510     126.574375     892.993733 0.0000000e+00
11511     126.574379     888.993732 0.0000000e+00
11512     126.574382     884.993732 0.0000000e+00
11513     126.574385     880.993731 0.0000000e+00
11514     126.574389     876.993731 0.0000000e+00
11515     126.574393     872.993731 0.0000000e+00
11516     126.574397     868.993730 0.0000000e+00
11517     126.574400     864.993730 0.0000000e+00
11518     126.574404     860.993729 0.0000000e+00
11519     126.574408     856.993729 0.0000000e+00
11520     126.574412     852.993728 0.0000000e+00
11521     126.574417     848.993728 0.0000000e+00
11522     126.574421     844.993727 0.0000000e+00
11523     126.574425     840.993727 0.0000000e+00
11524     126.574430     836.993726 0.0000000e+00
11525     126.574434     832.993726 0.0000000e+00
11526     126.574439     828.993725 0.0000000e+00
11527     126.574444     824.993725 0.0000000e+00
11528     126.574449     820.993724 0.0000000e+00
11529     126.574453     816.993724 0.0000000e+00
11530     126.574456     812.993725 0.0000000e+00
11531     126.574457     808.993726 0.0000000e+00
11532     126.574456     804.993727 0.0000000e+00
11533     126.574456     800.993726 0.0000000e+00
11534     126.574457     796.993724 0.0000000e+00
11535     126.574462     792.993721 0.0000000e+00
11536     126.574470     788.993719 0.0000000e+00
11537     126.574476     784.993721 0.0000000e+00
11538     126.574460     780.993740 0.0000000e+00
11539     126.574415     776.993764 0.0000000e+00
11540     126.574348     772.993780 0.0000000e+00
11541     126.574285     768.993777 0.0000000e+00
11542     126.574249     764.993755 0.0000000e+00
11543     126.574251     760.993728 0.0000000e+00
11544     126.574285     756.993712 0.0000000e+00
11545     126.574336     752.993718 0.0000000e+00
11546     126.574362     748.993731 0.0000000e+00
11547     126.574361     744.993738 0.0000000e+00
11548     126.574352     740.993742 0.0000000e+00
11549     126.574341     736.993743 0.0000000e+00
11550     126.574335     732.993739 0.0000000e+00
11551     126.574338     728.993732 0.0000000e+00
11552     126.574351     724.993726 0.0000000e+00
11553     126.574368     720.993725 0.0000000e+00
11554     126.574384     716.993727 0.0000000e+00
11555     126.574391     712.993730 0.0000000e+00
11556     126.574394     708.993731 0.0000000e+00
11557     126.574396     704.993731 0.0000000e+00
11558     126.574397     700.993731 0.0000000e+00
11559     126.574399     696.993731 0.0000000e+00
11560     126.574401     692.993730 0.0000000e+00
11561     126.574403     688.993730 0.0000000e+00
11562     126.574405     684.993730 0.0000000e+00
11563     126.574407     680.993729 0.0000000e+00
11564     126.574409     676.993729 0.0000000e+00
11565     126.574411     672.993729 0.0000000e+00
11566     126.574413     668.993729 0.0000000e+00
11567     126.574416     664.993728 0.0000000e+00
11568     126.574418     660.993728 0.0000000e+00
11569     126.574421     656.993728 0.0000000e+00
11570     126.574423     652.993727 0.0000000e+00
11571     126.574426     648.993727 0.0000000e+00
11572     126.574429     644.993727 0.0000000e+00
11573     126.574432     640.993726 0.0000000e+00
11574     126.574435     636.993726 0.0000000e+00
11575     126.574438     632.993725 0.0000000e+00
11576     126.574441     628.993725 0.0000000e+00
11577     126.574444     624.993725 0.0000000e+00
11578     126.574447     620.993724 0.0000000e+00
11579     126.574450     616.993724 0.0000000e+00
11580     126.574454     612.993723 0.0000000e+00
11581     126.574457     608.993723 0.0000000e+00
11582     126.574461     604.993723 0.0000000e+00
11583     126.574465     600.993722 0.0000000e+00
11584     126.574468     596.993722 0.0000000e+00
11585     126.574472     592.993721 0.0000000e+00
11586     126.574476     588.993721 0.0000000e+00
11587     126.574480     584.993720 0.0000000e+00
11588     126.574484     580.993720 0.0000000e+00
11589     126.574487     576.993720 0.0000000e+00
11590     126.574491     572.993720 0.0000000e+00
11591     126.574493     568.993720 0.0000000e+00
11592     126.574496     564.993719 0.0000000e+00
11593     126.574499     560.993719 0.0000000e+00
11594     126.574503     556.993718 0.0000000e+00
11595     126.574508     552.993717 0.0000000e+00
11596     126.574514     548.993716 0.0000000e+00
11597     126.574520     544.993715 0.0000000e+00
11598     126.574525     540.993715 0.0000000e+00
11599     126.574531     536.993715 0.0000000e+00
11600     126.574535     532.993714 0.0000000e+00
11601     126.574540     528.993714 0.0000000e+00
11602     126.574545     524.993713 0.0000000e+00
11603     126.574550     520.993712 0.0000000e+00
11604     126.574556     516.993712 0.0000000e+00
11605     126.574561     512.993711 0.0000000e+00
11606     126.574566     508.993711 0.0000000e+00
11607     126.574572     504.993710 0.0000000e+00
11608     126.574577     500.993709 0.0000000e+00
11609     126.574583     496.993709 0.0000000e+00
11610     126.574589     492.993708 0.0000000e+00
11611     126.574595     488.993707 0.0000000e+00
11612     126.574601     484.993707 0.0000000e+00
11613     126.574607     480.993706 0.0000000e+00
11614     126.574613     476.993705 0.0000000e+00
11615     126.574620     472.993705 0.0000000e+00
11616     126.574627     468.993704 0.0000000e+00
11617     126.574633     464.993703 0.0000000e+00
11618     126.574639     460.993703 0.0000000e+00
11619     126.574644     456.993704 0.0000000e+00
11620     126.574646     452.993705 0.0000000e+00
11621     126.574646     448.993706 0.0000000e+00
11622     126.574647     444.993705 0.0000000e+00
11623     126.574648     440.993705 0.0000000e+00
11624     126.574638     436.993714 0.0000000e+00
11625     126.574606     432.993733 0.0000000e+00
11626     126.574549     428.993755 0.0000000e+00
11627     126.574479     424.993765 0.0000000e+00
11628     126.574422     420.993755 0.0000000e+00
11629     126.574395     416.993731 0.0000000e+00
11630     126.574406     412.993709 0.0000000e+00
11631     126.574442     408.993700 0.0000000e+00
11632     126.574484     404.993707 0.0000000e+00
11633     126.574504     400.993713 0.0000000e+00
11634     126.574514     396.993713 0.0000000e+00
11635     126.574535     392.993701 0.0000000e+00
11636     126.574563     388.993696 0.0000000e+00
11637     126.574483     384.993811 0.0000000e+00
11638     126.573951     380.994188 0.0000000e+00
11639     126.573492     376.994083 0.0000000e+00
11640     126.573793     372.993187 0.0000000e+00
11641     126.576274     368.990132 0.0000000e+00
11642     126.589403     364.981272 0.0000000e+00
11643     126.598005     360.986223 0.0000000e+00
11644     126.586213     356.993080 0.0000000e+00
11645     126.686458     352.938863 0.0000000e+00
11646     126.864674     349.057824 0.0000000e+00
11647     126.667545     345.477733 0.0000000e+00
11648     127.935852     341.881383 0.0000000e+00
11649     132.304724     341.828039 0.0000000e+00
11650     136.576389     341.592687 0.0000000e+00
11651     140.561643     341.708330 0.0000000e+00
11652     144.556461     341.774709 0.0000000e+00
11653     148.559764     341.956365 0.0000000e+00
11654     152.572422     342.295541 0.0000000e+00
11655     150.859564     338.608184 0.0000000e+00
11656     154.886982     338.996252 0.0000000e+00
11657     158.963111     339.468344 0.0000000e+00
11658     163.087801     339.980596 0.0000000e+00
11659     167.264756     340.509411 0.0000000e+00
11660     171.496100     341.047719 0.0000000e+00
11661     175.783404     341.593553 0.0000000e+00
11662     180.127656     342.146706 0.0000000e+00
11663     184.529779     342.707196 0.0000000e+00
11664     188.990687     343.275335 0.0000000e+00
11665     193.511600     343.852132 0.0000000e+00
11666     198.094776     344.441732 0.0000000e+00
11667     202.747700     345.060378 0.0000000e+00
11668     207.495408     345.763601 0.0000000e+00
11669     212.394719     346.674997 0.0000000e+00
11670     217.600182     347.749344 0.0000000e+00
11671     222.463563     350.211288 0.0000000e+00
11672     227.022404     352.830695 0.0000000e+00
11673     231.536986     355.786106 0.0000000e+00
11674     236.151676     359.016682 0.0000000e+00
11675     241.023653     362.355826 0.0000000e+00
11676     246.197100     365.831448 0.0000000e+00
11677     251.720771     369.482957 0.0000000e+00
11678     257.551384     373.341189 0.0000000e+00
11679     263.733905     377.380713 0.0000000e+00
11680     270.313490     381.586303 0.0000000e+00
11681     277.345494     385.921788 0.0000000e+00
11682     284.865093     390.316529 0.0000000e+00
11683     292.642460     394.706581 0.0000000e+00
11684     299.150993     399.837649 0.0000000e+00
11685     307.758863     402.862361 0.0000000e+00
11686     317.072798     407.483330 0.0000000e+00
11687     326.953322     412.401604 0.0000000e+00
11688     337.252967     417.566546 0.0000000e+00
11689     348.274615     422.863413 0.0000000e+00
11690     359.994059     428.462047 0.0000000e+00
11691     372.335316     433.467577 0.0000000e+00
11692     385.765285     438.673577 0.0000000e+00
11693     401.383435     444.507464 0.0000000e+00
11694     417.305352     446.762623 0.0000000e+00
11695     432.751039     449.954926 0.0000000e+00
11696     448.327890     453.075581 0.0000000e+00
11697     464.172825     456.155314 0.0000000e+00
11698     480.322290     459.263679 0.0000000e+00
11699     496.790464     462.425148 0.0000000e+00
11700     513.585722     465.648567 0.0000000e+00
11701     530.716595     468.941808 0.0000000e+00
11702     548.196898     472.322204 0.0000000e+00
11703     566.050354     475.876774 0.0000000e+00
11704     584.131423     479.681449 0.0000000e+00
11705     601.971726     483.206031 0.0000000e+00
11706     619.155700     484.415534 0.0000000e+00
11707     635.695026     492.554219 0.0000000e+00
11708     653.881031     498.728943 0.0000000e+00
11709     656.510223     516.766586 0.0000000e+00
11710     658.766756     537.494224 0.0000000e+00
11711     659.519337     558.158176 0.0000000e+00
11712     658.469254     578.188732 0.0000000e+00
11713     658.557713     598.809702 0.0000000e+00
11714     659.492371     618.573525 0.0000000e+00
11715     659.527002     638.812559 0.0000000e+00
11716     659.512947     659.221620 0.0000000e+00
11717     659.499416     679.671891 0.0000000e+00
11718     659.487621     700.132404 0.0000000e+00
11719     659.476855     720.594453 0.0000000e+00
11720     659.433613     741.039643 0.0000000e+00
11721     659.404141     761.519513 0.0000000e+00
11722     659.372596     782.027011 0.0000000e+00
11723     659.200593     802.572478 0.0000000e+00
11724     659.171397     822.996599 0.0000000e+00
11725     659.281348     843.421690 0.0000000e+00
11726     659.431593     863.973176 0.0000000e+00
11727     659.470791     884.502120 0.0000000e+00
11728     659.500922     905.127499 0.0000000e+00
11729     659.445665     926.179035 0.0000000e+00
11730     657.970921     948.219546 0.0000000e+00
11731     659.426624     970.466629 0.0000000e+00
11732     656.708956     989.315884 0.0000000e+00
11733     659.464765    1006.826480 0.0000000e+00
11734     659.512157    1026.687740 0.0000000e+00
11735     659.455051    1047.054230 0.0000000e+00
11736     659.448961    1067.508540 0.0000000e+00
11737     659.458682    1087.973730 0.0000000e+00
11738     659.455478    1108.421240 0.0000000e+00
11739     659.226471    1128.766680 0.0000000e+00
11740     659.179582    1149.259070 0.0000000e+00
11741     659.227327    1169.741390 0.0000000e+00
11742     658.489252    1189.645470 0.0000000e+00
11743     658.604005    1210.224180 0.0000000e+00
11744     659.530418    1229.977430 0.0000000e+00
11745     659.551938    1250.211850 0.0000000e+00
11746     659.522984    1270.614700 0.0000000e+00
11747     659.501023    1291.062950 0.0000000e+00
11748     659.468053    1311.533490 0.0000000e+00
11749     659.388840    1332.028050 0.0000000e+00
11750     659.301823    1352.522980 0.0000000e+00
11751     659.557775    1373.065590 0.0000000e+00
11752     660.810028    1394.077660 0.0000000e+00
11753     646.613032    1403.870160 0.0000000e+00
11754     628.941046    1411.443220 0.0000000e+00
11755     610.645200    1415.177640 0.0000000e+00
11756     592.500999    1418.835580 0.0000000e+00
11757     574.300488    1422.733910 0.0000000e+00
11758     556.353175    1426.278010 0.0000000e+00
11759     538.732520    1429.684140 0.0000000e+00
11760     521.448170    1433.003100 0.0000000e+00
11761     504.499659    1436.249640 0.0000000e+00
11762     487.881825    1439.432030 0.0000000e+00
11763     471.589605    1442.556080 0.0000000e+00
11764     455.620932    1445.633440 0.0000000e+00
11765     439.981967    1448.695640 0.0000000e+00
11766     424.692091    1451.819630 0.0000000e+00
11767     409.770562    1455.166350 0.0000000e+00
11768     395.241123    1458.957370 0.0000000e+00
11769     381.233610    1463.107300 0.0000000e+00
11770     368.370148    1468.012970 0.0000000e+00
11771     356.174777    1473.600020 0.0000000e+00
11772     344.709021    1478.878790 0.0000000e+00
11773     333.886833    1484.039790 0.0000000e+00
11774     323.541125    1489.015200 0.0000000e+00
11775     313.761934    1493.849310 0.0000000e+00
11776     304.477007    1498.611090 0.0000000e+00
11777     295.601771    1503.364360 0.0000000e+00
11778     287.224249    1507.934050 0.0000000e+00
11779     278.977504    1510.861710 0.0000000e+00
11780     273.169949    1516.601940 0.0000000e+00
11781     266.451746    1520.994200 0.0000000e+00
11782     260.081512    1525.129660 0.0000000e+00
11783     254.122914    1529.093570 0.0000000e+00
11784     248.515549    1532.866760 0.0000000e+00
11785     243.219698    1536.446530 0.0000000e+00
11786     238.206524    1539.837140 0.0000000e+00
11787     233.445082    1543.042390 0.0000000e+00
11788     228.890391    1546.045190 0.0000000e+00
11789     224.457312    1548.758160 0.0000000e+00
11790     219.951916    1551.005360 0.0000000e+00
11791     215.283327    1552.712050 0.0000000e+00
11792     210.915432    1554.713900 0.0000000e+00
11793     206.159601    1554.553570 0.0000000e+00
11794     201.407571    1555.193310 0.0000000e+00
11795     196.743655    1555.822850 0.0000000e+00
11796     192.167218    1556.416550 0.0000000e+00
11797     187.664491    1556.992670 0.0000000e+00
11798     183.226337    1557.558200 0.0000000e+00
11799     178.847632    1558.115730 0.0000000e+00
11800     174.526756    1558.666010 0.0000000e+00
11801     170.262683    1559.208840 0.0000000e+00
11802     166.054008    1559.743160 0.0000000e+00
11803     161.899936    1560.264370 0.0000000e+00
11804     157.797945    1560.759430 0.0000000e+00
11805     153.744460    1561.199050 0.0000000e+00
11806     149.731926    1561.532470 0.0000000e+00
11807     145.728797    1561.732340 0.0000000e+00
11808     141.721017    1561.833540 0.0000000e+00
11809     137.712943    1561.901050 0.0000000e+00
11810     133.630036    1561.823710 0.0000000e+00
11811     129.562910    1561.601190 0.0000000e+00
11812     125.900526    1561.782360 0.0000000e+00
11813     123.162128    1559.798550 0.0000000e+00
11814     123.525452    1555.717500 0.0000000e+00
11815     123.249367    1551.558350 0.0000000e+00
11816     123.152051    1547.470540 0.0000000e+00
11817     123.120803    1543.436960 0.0000000e+00
11818     123.100244    1539.417370 0.0000000e+00
11819     123.097974    1535.411730 0.0000000e+00
11820     123.097121    1531.410240 0.0000000e+00
11821     123.096475    1527.409660 0.0000000e+00
11822     123.096275    1523.409450 0.0000000e+00
11823     123.096239    1519.409390 0.0000000e+00
11824     123.096224    1515.409380 0.0000000e+00
11825     123.096217    1511.409370 0.0000000e+00
11826     123.096217    1507.409370 0.0000000e+00
11827     123.096218    1503.409370 0.0000000e+00
11828     123.096219    1499.409370 0.0000000e+00
11829     123.096220    1495.409370 0.0000000e+00
11830     123.096221    1491.409370 0.0000000e+00
11831     123.096221    1487.409370 0.0000000e+00
11832     123.096219    1483.409370 0.0000000e+00
11833     123.096210    1479.409370 0.0000000e+00
11834     123.096197    1475.409380 0.0000000e+00
11835     123.096182    1471.409380 0.0000000e+00
11836     123.096172    1467.409370 0.0000000e+00
11837     123.096170    1463.409360 0.0000000e+00
11838     123.096177    1459.409360 0.0000000e+00
11839     123.096189    1455.409360 0.0000000e+00
11840     123.096200    1451.409360 0.0000000e+00
11841     123.096204    1447.409370 0.0000000e+00
11842     123.096203    1443.409370 0.0000000e+00
11843     123.096203    1439.409370 0.0000000e+00
11844     123.096206    1435.409360 0.0000000e+00
11845     123.096209    1431.409360 0.0000000e+00
11846     123.096213    1427.409360 0.0000000e+00
11847     123.096217    1423.409370 0.0000000e+00
11848     123.096218    1419.409370 0.0000000e+00
11849     123.096218    1415.409370 0.0000000e+00
11850     123.096218    1411.409370 0.0000000e+00
11851     123.096218    1407.409370 0.0000000e+00
11852     123.096218    1403.409370 0.0000000e+00
11853     123.096217    1399.409370 0.0000000e+00
11854     123.096217    1395.409370 0.0000000e+00
11855     123.096217    1391.409370 0.0000000e+00
11856     123.096217    1387.409370 0.0000000e+00
11857     123.096217    1383.409370 0.0000000e+00
11858     123.096217    1379.409370 0.0000000e+00
11859     123.096218    1375.409370 0.0000000e+00
11860     123.096218    1371.409370 0.0000000e+00
11861     123.096218    1367.409370 0.0000000e+00
11862     123.096218    1363.409370 0.0000000e+00
11863     123.096218    1359.409370 0.0000000e+00
11864     123.096218    1355.409370 0.0000000e+00
11865     123.096219    1351.409370 0.0000000e+00
11866     123.096219    1347.409370 0.0000000e+00
11867     123.096219    1343.409370 0.0000000e+00
11868     123.096220    1339.409370 0.0000000e+00
11869     123.096220    1335.409370 0.0000000e+00
11870     123.096220    1331.409370 0.0000000e+00
11871     123.096221    1327.409370 0.0000000e+00
11872     123.096221    1323.409370 0.0000000e+00
11873     123.096221    1319.409370 0.0000000e+00
11874     123.096222    1315.409370 0.0000000e+00
11875     123.096222    1311.409370 0.0000000e+00
11876     123.096223    1307.409370 0.0000000e+00
11877     123.096223    1303.409370 0.0000000e+00
11878     123.096223    1299.409370 0.0000000e+00
11879     123.096223    1295.409370 0.0000000e+00
11880     123.096224    1291.409370 0.0000000e+00
11881     123.096224    1287.409370 0.0000000e+00
11882     123.096225    1283.409370 0.0000000e+00
11883     123.096226    1279.409370 0.0000000e+00
11884     123.096226    1275.409370 0.0000000e+00
11885     123.096227    1271.409370 0.0000000e+00
11886     123.096228    1267.409370 0.0000000e+00
11887     123.096229    1263.409370 0.0000000e+00
11888     123.096229    1259.409370 0.0000000e+00
11889     123.096230    1255.409370 0.0000000e+00
11890     123.096231    1251.409370 0.0000000e+00
11891     123.096231    1247.409370 0.0000000e+00
11892     123.096232    1243.409370 0.0000000e+00
11893     123.096233    1239.409370 0.0000000e+00
11894     123.096234    1235.409370 0.0000000e+00
11895     123.096234    1231.409370 0.0000000e+00
11896     123.096235    1227.409370 0.0000000e+00
11897     123.096236    1223.409370 0.0000000e+00
11898     123.096237    1219.409370 0.0000000e+00
11899     123.096238    1215.409370 0.0000000e+00
11900     123.096239    1211.409370 0.0000000e+00
11901     123.096239    1207.409370 0.0000000e+00
11902     123.096240    1203.409370 0.0000000e+00
11903     123.096241    1199.409370 0.0000000e+00
11904     123.096242    1195.409370 0.0000000e+00
11905     123.096243    1191.409370 0.0000000e+00
11906     123.096244    1187.409370 0.0000000e+00
11907     123.096245    1183.409370 0.0000000e+00
11908     123.096246    1179.409370 0.0000000e+00
11909     123.096247    1175.409370 0.0000000e+00
11910     123.096247    1171.409370 0.0000000e+00
11911     123.096247    1167.409370 0.0000000e+00
11912     123.096247    1163.409370 0.0000000e+00
11913     123.096247    1159.409370 0.0000000e+00
11914     123.096248    1155.409370 0.0000000e+00
11915     123.096249    1151.409360 0.0000000e+00
11916     123.096251    1147.409360 0.0000000e+00
11917     123.096253    1143.409360 0.0000000e+00
11918     123.096254    1139.409360 0.0000000e+00
11919     123.096252    1135.409370 0.0000000e+00
11920     123.096243    1131.409370 0.0000000e+00
11921     123.096228    1127.409380 0.0000000e+00
11922     123.096211    1123.409380 0.0000000e+00
11923     123.096199    1119.409370 0.0000000e+00
11924     123.096196    1115.409370 0.0000000e+00
11925     123.096202    1111.409360 0.0000000e+00
11926     123.096214    1107.409360 0.0000000e+00
11927     123.096226    1103.409360 0.0000000e+00
11928     123.096231    1099.409370 0.0000000e+00
11929     123.096230    1095.409370 0.0000000e+00
11930     123.096228    1091.409370 0.0000000e+00
11931     123.096226    1087.409370 0.0000000e+00
11932     123.096226    1083.409370 0.0000000e+00
11933     123.096228    1079.409360 0.0000000e+00
11934     123.096232    1075.409360 0.0000000e+00
11935     123.096236    1071.409360 0.0000000e+00
11936     123.096239    1067.409360 0.0000000e+00
11937     123.096241    1063.409370 0.0000000e+00
11938     123.096241    1059.409370 0.0000000e+00
11939     123.096241    1055.409370 0.0000000e+00
11940     123.096242    1051.409370 0.0000000e+00
11941     123.096242    1047.409370 0.0000000e+00
11942     123.096242    1043.409370 0.0000000e+00
11943     123.096242    1039.409370 0.0000000e+00
11944     123.096243    1035.409370 0.0000000e+00
11945     123.096243    1031.409370 0.0000000e+00
11946     123.096243    1027.409370 0.0000000e+00
11947     123.096244    1023.409370 0.0000000e+00
11948     123.096244    1019.409370 0.0000000e+00
11949     123.096245    1015.409370 0.0000000e+00
11950     123.096245    1011.409370 0.0000000e+00
11951     123.096246    1007.409370 0.0000000e+00
11952     123.096246    1003.409370 0.0000000e+00
11953     123.096247     999.409365 0.0000000e+00
11954     123.096247     995.409365 0.0000000e+00
11955     123.096248     991.409365 0.0000000e+00
11956     123.096249     987.409365 0.0000000e+00
11957     123.096249     983.409365 0.0000000e+00
11958     123.096250     979.409365 0.0000000e+00
11959     123.096250     975.409365 0.0000000e+00
11960     123.096251     971.409365 0.0000000e+00
11961     123.096252     967.409365 0.0000000e+00
11962     123.096253     963.409365 0.0000000e+00
11963     123.096253     959.409365 0.0000000e+00
11964     123.096254     955.409365 0.0000000e+00
11965     123.096255     951.409365 0.0000000e+00
11966     123.096256     947.409365 0.0000000e+00
11967     123.096256     943.409365 0.0000000e+00
11968     123.096257     939.409365 0.0000000e+00
11969     123.096258     935.409365 0.0000000e+00
11970     123.096258     931.409365 0.0000000e+00
11971     123.096259     927.409365 0.0000000e+00
11972     123.096260     923.409365 0.0000000e+00
11973     123.096261     919.409365 0.0000000e+00
11974     123.096262     915.409365 0.0000000e+00
11975     123.096263     911.409365 0.0000000e+00
11976     123.096264     907.409365 0.0000000e+00
11977     123.096265     903.409365 0.0000000e+00
11978     123.096266     899.409365 0.0000000e+00
11979     123.096267     895.409365 0.0000000e+00
11980     123.096268     891.409365 0.0000000e+00
11981     123.096269     887.409365 0.0000000e+00
11982     123.096271     883.409365 0.0000000e+00
11983     123.096272     879.409365 0.0000000e+00
11984     123.096273     875.409364 0.0000000e+00
11985     123.096274     871.409364 0.0000000e+00
11986     123.096275     867.409364 0.0000000e+00
11987     123.096276     863.409364 0.0000000e+00
11988     123.096278     859.409364 0.0000000e+00
11989     123.096279     855.409364 0.0000000e+00
11990     123.096280     851.409364 0.0000000e+00
11991     123.096281     847.409364 0.0000000e+00
11992     123.096283     843.409364 0.0000000e+00
11993     123.096284     839.409364 0.0000000e+00
11994     123.096286     835.409364 0.0000000e+00
11995     123.096287     831.409364 0.0000000e+00
11996     123.096288     827.409364 0.0000000e+00
11997     123.096290     823.409364 0.0000000e+00
11998     123.096291     819.409364 0.0000000e+00
11999     123.096293     815.409364 0.0000000e+00
12000     123.096293     811.409365 0.0000000e+00
12001     123.096293     807.409365 0.0000000e+00
12002     123.096293     803.409365 0.0000000e+00
12003     123.096294     799.409365 0.0000000e+00
12004     123.096295     795.409364 0.0000000e+00
12005     123.096297     791.409363 0.0000000e+00
12006     123.096298     787.409363 0.0000000e+00
12007     123.096297     783.409366 0.0000000e+00
12008     123.096287     779.409372 0.0000000e+00
12009     123.096271     775.409377 0.0000000e+00
12010     123.096253     771.409377 0.0000000e+00
12011     123.096238     767.409373 0.0000000e+00
12012     123.096233     763.409366 0.0000000e+00
12013     123.096237     759.409360 0.0000000e+00
12014     123.096248     755.409358 0.0000000e+00
12015     123.096259     751.409361 0.0000000e+00
12016     123.096264     747.409364 0.0000000e+00
12017     123.096263     743.409366 0.0000000e+00
12018     123.096260     739.409367 0.0000000e+00
12019     123.096258     735.409366 0.0000000e+00
12020     123.096258     731.409365 0.0000000e+00
12021     123.096260     727.409363 0.0000000e+00
12022     123.096264     723.409362 0.0000000e+00
12023     123.096268     719.409363 0.0000000e+00
12024     123.096272     715.409364 0.0000000e+00
12025     123.096274     711.409364 0.0000000e+00
12026     123.096275     707.409365 0.0000000e+00
12027     123.096275     703.409365 0.0000000e+00
12028     123.096276     699.409365 0.0000000e+00
12029     123.096276     695.409365 0.0000000e+00
12030     123.096277     691.409365 0.0000000e+00
12031     123.096277     687.409365 0.0000000e+00
12032     123.096278     683.409365 0.0000000e+00
12033     123.096279     679.409365 0.0000000e+00
12034     123.096279     675.409365 0.0000000e+00
12035     123.096280     671.409365 0.0000000e+00
12036     123.096281     667.409364 0.0000000e+00
12037     123.096282     663.409364 0.0000000e+00
12038     123.096282     659.409364 0.0000000e+00
12039     123.096283     655.409364 0.0000000e+00
12040     123.096284     651.409364 0.0000000e+00
12041     123.096285     647.409364 0.0000000e+00
12042     123.096286     643.409364 0.0000000e+00
12043     123.096287     639.409364 0.0000000e+00
12044     123.096288     635.409364 0.0000000e+00
12045     123.096289     631.409364 0.0000000e+00
12046     123.096290     627.409364 0.0000000e+00
12047     123.096291     623.409364 0.0000000e+00
12048     123.096292     619.409364 0.0000000e+00
12049     123.096293     615.409364 0.0000000e+00
12050     123.096294     611.409364 0.0000000e+00
12051     123.096295     607.409364 0.0000000e+00
12052     123.096296     603.409364 0.0000000e+00
12053     123.096297     599.409364 0.0000000e+00
12054     123.096298     595.409364 0.0000000e+00
12055     123.096299     591.409364 0.0000000e+00
12056     123.096301     587.409364 0.0000000e+00
12057     123.096302     583.409364 0.0000000e+00
12058     123.096303     579.409364 0.0000000e+00
12059     123.096304     575.409364 0.0000000e+00
12060     123.096305     571.409364 0.0000000e+00
12061     123.096306     567.409364 0.0000000e+00
12062     123.096307     563.409364 0.0000000e+00
12063     123.096308     559.409364 0.0000000e+00
12064     123.096310     555.409364 0.0000000e+00
12065     123.096311     551.409363 0.0000000e+00
12066     123.096313     547.409363 0.0000000e+00
12067     123.096315     543.409363 0.0000000e+00
12068     123.096316     539.409363 0.0000000e+00
12069     123.096318     535.409363 0.0000000e+00
12070     123.096319     531.409363 0.0000000e+00
12071     123.096321     527.409363 0.0000000e+00
12072     123.096322     523.409363 0.0000000e+00
12073     123.096324     519.409363 0.0000000e+00
12074     123.096326     515.409363 0.0000000e+00
12075     123.096327     511.409363 0.0000000e+00
12076     123.096329     507.409363 0.0000000e+00
12077     123.096331     503.409363 0.0000000e+00
12078     123.096332     499.409363 0.0000000e+00
12079     123.096334     495.409363 0.0000000e+00
12080     123.096336     491.409363 0.0000000e+00
12081     123.096338     487.409363 0.0000000e+00
12082     123.096340     483.409363 0.0000000e+00
12083     123.096342     479.409363 0.0000000e+00
12084     123.096344     475.409363 0.0000000e+00
12085     123.096346     471.409363 0.0000000e+00
12086     123.096348     467.409363 0.0000000e+00
12087     123.096350     463.409363 0.0000000e+00
12088     123.096351     459.409363 0.0000000e+00
12089     123.096353     455.409363 0.0000000e+00
12090     123.096353     451.409364 0.0000000e+00
12091     123.096353     447.409364 0.0000000e+00
12092     123.096354     443.409364 0.0000000e+00
12093     123.096352     439.409365 0.0000000e+00
12094     123.096346     435.409369 0.0000000e+00
12095     123.096332     431.409373 0.0000000e+00
12096     123.096314     427.409377 0.0000000e+00
12097     123.096296     423.409375 0.0000000e+00
12098     123.096283     419.409370 0.0000000e+00
12099     123.096280     415.409364 0.0000000e+00
12100     123.096285     411.409359 0.0000000e+00
12101     123.096296     407.409358 0.0000000e+00
12102     123.096306     403.409361 0.0000000e+00
12103     123.096311     399.409362 0.0000000e+00
12104     123.096316     395.409361 0.0000000e+00
12105     123.096324     391.409359 0.0000000e+00
12106     123.096310     387.409376 0.0000000e+00
12107     123.096200     383.409449 0.0000000e+00
12108     123.096076     379.409455 0.0000000e+00
12109     123.096107     375.409293 0.0000000e+00
12110     123.096729     371.408676 0.0000000e+00
12111     123.099864     367.406790 0.0000000e+00
12112     123.102536     363.406963 0.0000000e+00
12113     123.101973     359.406838 0.0000000e+00
12114     123.125963     355.388832 0.0000000e+00
12115     123.166000     351.393441 0.0000000e+00
12116     123.144980     347.444307 0.0000000e+00
12117     123.514874     343.294083 0.0000000e+00
12118     123.557082     339.158120 0.0000000e+00
12119     127.171940     338.078200 0.0000000e+00
12120     130.847513     338.339381 0.0000000e+00
12121     134.805946     338.242844 0.0000000e+00
12122     138.858185     338.184895 0.0000000e+00
12123     142.855620     338.240184 0.0000000e+00
12124     146.852474     338.358783 0.0000000e+00
12125     145.030410     334.800383 0.0000000e+00
12126     149.019675     334.966994 0.0000000e+00
12127     153.019853     335.262052 0.0000000e+00
12128     157.059878     335.661261 0.0000000e+00
12129     161.147558     336.113032 0.0000000e+00
12130     165.285984     336.587044 0.0000000e+00
12131     169.477984     337.071390 0.0000000e+00
12132     173.725222     337.563023 0.0000000e+00
12133     178.028877     338.061306 0.0000000e+00
12134     182.389842     338.566239 0.0000000e+00
12135     186.808985     339.077930 0.0000000e+00
12136     191.287292     339.596742 0.0000000e+00
12137     195.826256     340.124063 0.0000000e+00
12138     200.428817     340.665986 0.0000000e+00
12139     205.098653     341.246092 0.0000000e+00
12140     209.817948     341.925053 0.0000000e+00
12141     214.451806     342.769734 0.0000000e+00
12142     218.683554     343.141257 0.0000000e+00
12143     222.533844     345.313024 0.0000000e+00
12144     226.962568     347.547234 0.0000000e+00
12145     231.560696     350.171775 0.0000000e+00
12146     236.363332     353.071322 0.0000000e+00
12147     241.401291     356.154202 0.0000000e+00
12148     246.736369     359.395316 0.0000000e+00
12149     252.397339     362.809350 0.0000000e+00
12150     258.414558     366.406466 0.0000000e+00
12151     264.805794     370.184915 0.0000000e+00
12152     271.613017     374.132718 0.0000000e+00
12153     278.897586     378.225361 0.0000000e+00
12154     286.764397     382.434779 0.0000000e+00
12155     295.377950     386.835826 0.0000000e+00
12156     304.652506     392.138359 0.0000000e+00
12157     315.500434     396.320652 0.0000000e+00
12158     325.892604     400.925161 0.0000000e+00
12159     336.421701     405.624487 0.0000000e+00
12160     346.923121     410.843610 0.0000000e+00
12161     358.665717     415.930621 0.0000000e+00
12162     370.920505     420.075060 0.0000000e+00
12163     383.787871     424.553551 0.0000000e+00
12164     395.902793     430.595072 0.0000000e+00
12165     408.963919     431.789894 0.0000000e+00
12166     423.786338     434.497202 0.0000000e+00
12167     439.127235     437.373726 0.0000000e+00
12168     454.819956     440.182350 0.0000000e+00
12169     470.830042     442.989747 0.0000000e+00
12170     487.160041     445.838481 0.0000000e+00
12171     503.815598     448.740482 0.0000000e+00
12172     520.803851     451.701410 0.0000000e+00
12173     538.134257     454.728935 0.0000000e+00
12174     555.818303     457.849632 0.0000000e+00
12175     573.817432     461.094412 0.0000000e+00
12176     591.988083     464.366837 0.0000000e+00
12177     610.427888     467.237700 0.0000000e+00
12178     630.313354     471.865172 0.0000000e+00
12179     650.549310     476.971123 0.0000000e+00
12180     670.286949     484.826366 0.0000000e+00
12181     676.926925     502.341402 0.0000000e+00
12182     675.862880     525.428774 0.0000000e+00
12183     677.661669     546.884474 0.0000000e+00
12184     677.797092     567.854367 0.0000000e+00
12185     674.913245     586.702024 0.0000000e+00
12186     677.893304     604.592242 0.0000000e+00
12187     677.952191     625.055843 0.0000000e+00
12188     677.874144     646.060405 0.0000000e+00
12189     677.839907     667.166349 0.0000000e+00
12190     677.820428     688.286320 0.0000000e+00
12191     677.804131     709.411452 0.0000000e+00
12192     677.780027     730.523075 0.0000000e+00
12193     677.518303     751.540214 0.0000000e+00
12194     677.437867     772.763860 0.0000000e+00
12195     677.465154     794.007636 0.0000000e+00
12196     677.628985     815.013367 0.0000000e+00
12197     677.633147     836.095212 0.0000000e+00
12198     677.652055     857.219875 0.0000000e+00
12199     677.635741     878.362679 0.0000000e+00
12200     677.602501     899.537564 0.0000000e+00
12201     677.528988     920.778319 0.0000000e+00
12202     676.984753     942.308914 0.0000000e+00
12203     677.074440     964.104089 0.0000000e+00
12204     675.966584     987.802031 0.0000000e+00
12205     677.580523    1011.000600 0.0000000e+00
12206     677.703408    1032.854410 0.0000000e+00
12207     677.725197    1054.199300 0.0000000e+00
12208     677.763808    1075.389560 0.0000000e+00
12209     677.814304    1096.516100 0.0000000e+00
12210     677.804178    1117.456990 0.0000000e+00
12211     676.883728    1137.851000 0.0000000e+00
12212     676.841551    1159.068820 0.0000000e+00
12213     677.757874    1179.351410 0.0000000e+00
12214     674.946082    1198.058420 0.0000000e+00
12215     677.928623    1215.885070 0.0000000e+00
12216     677.976940    1236.325200 0.0000000e+00
12217     677.891159    1257.322720 0.0000000e+00
12218     677.846523    1278.424380 0.0000000e+00
12219     677.815694    1299.547630 0.0000000e+00
12220     677.779534    1320.682430 0.0000000e+00
12221     677.736057    1341.820070 0.0000000e+00
12222     677.745479    1362.950300 0.0000000e+00
12223     678.022269    1384.195020 0.0000000e+00
12224     679.104188    1405.939600 0.0000000e+00
12225     663.209521    1416.222130 0.0000000e+00
12226     645.538534    1423.664910 0.0000000e+00
12227     626.673125    1429.022620 0.0000000e+00
12228     607.884996    1432.926190 0.0000000e+00
12229     589.357411    1436.469130 0.0000000e+00
12230     571.080790    1439.845530 0.0000000e+00
12231     553.125157    1443.021520 0.0000000e+00
12232     535.509995    1446.094710 0.0000000e+00
12233     518.236008    1449.096530 0.0000000e+00
12234     501.299045    1452.036840 0.0000000e+00
12235     484.693781    1454.920400 0.0000000e+00
12236     468.416397    1457.752770 0.0000000e+00
12237     452.468172    1460.548270 0.0000000e+00
12238     436.861096    1463.345710 0.0000000e+00
12239     421.618253    1466.237050 0.0000000e+00
12240     406.746954    1469.384940 0.0000000e+00
12241     392.334947    1472.965670 0.0000000e+00
12242     378.759290    1477.127390 0.0000000e+00
12243     366.017202    1481.787220 0.0000000e+00
12244     353.938011    1486.714670 0.0000000e+00
12245     342.497165    1491.565950 0.0000000e+00
12246     331.620712    1496.291380 0.0000000e+00
12247     321.278738    1500.870040 0.0000000e+00
12248     311.432211    1505.307760 0.0000000e+00
12249     301.995635    1509.663680 0.0000000e+00
12250     292.818905    1514.021430 0.0000000e+00
12251     283.348998    1517.997620 0.0000000e+00
12252     275.430070    1523.511400 0.0000000e+00
12253     268.157191    1527.828340 0.0000000e+00
12254     261.507985    1531.792970 0.0000000e+00
12255     255.302928    1535.538320 0.0000000e+00
12256     249.468695    1539.085600 0.0000000e+00
12257     243.964432    1542.440360 0.0000000e+00
12258     238.760876    1545.608930 0.0000000e+00
12259     233.825105    1548.592570 0.0000000e+00
12260     229.112001    1551.361680 0.0000000e+00
12261     224.560092    1553.799800 0.0000000e+00
12262     220.030136    1555.740810 0.0000000e+00
12263     215.618518    1557.253080 0.0000000e+00
12264     211.539884    1558.817870 0.0000000e+00
12265     207.250919    1558.685810 0.0000000e+00
12266     202.767267    1559.087860 0.0000000e+00
12267     198.171918    1559.640820 0.0000000e+00
12268     193.593312    1560.184230 0.0000000e+00
12269     189.069679    1560.712090 0.0000000e+00
12270     184.607281    1561.229580 0.0000000e+00
12271     180.208006    1561.733130 0.0000000e+00
12272     175.860824    1562.233310 0.0000000e+00
12273     171.569837    1562.731000 0.0000000e+00
12274     167.336389    1563.223420 0.0000000e+00
12275     163.160531    1563.713690 0.0000000e+00
12276     159.039697    1564.179320 0.0000000e+00
12277     154.971576    1564.602440 0.0000000e+00
12278     150.949547    1564.940330 0.0000000e+00
12279     146.950769    1565.158350 0.0000000e+00
12280     142.948088    1565.272100 0.0000000e+00
12281     138.942707    1565.325410 0.0000000e+00
12282     134.918735    1565.315960 0.0000000e+00
12283     130.873711    1565.246140 0.0000000e+00
12284     126.843372    1565.271410 0.0000000e+00
12285     122.668709    1564.574990 0.0000000e+00
12286     118.772720    1565.238460 0.0000000e+00
12287     119.585906    1561.282300 0.0000000e+00
12288     119.724237    1557.157930 0.0000000e+00
12289     119.728851    1553.171330 0.0000000e+00
12290     119.634466    1549.118810 0.0000000e+00
12291     119.601573    1545.082450 0.0000000e+00
12292     119.590773    1541.066940 0.0000000e+00
12293     119.585653    1537.059170 0.0000000e+00
12294     119.584809    1533.056730 0.0000000e+00
12295     119.584512    1529.056030 0.0000000e+00
12296     119.584357    1525.055780 0.0000000e+00
12297     119.584310    1521.055690 0.0000000e+00
12298     119.584300    1517.055670 0.0000000e+00
12299     119.584297    1513.055660 0.0000000e+00
12300     119.584295    1509.055660 0.0000000e+00
12301     119.584295    1505.055660 0.0000000e+00
12302     119.584296    1501.055660 0.0000000e+00
12303     119.584296    1497.055660 0.0000000e+00
12304     119.584296    1493.055660 0.0000000e+00
12305     119.584297    1489.055660 0.0000000e+00
12306     119.584296    1485.055660 0.0000000e+00
12307     119.584295    1481.055660 0.0000000e+00
12308     119.584292    1477.055660 0.0000000e+00
12309     119.584288    1473.055660 0.0000000e+00
12310     119.584284    1469.055660 0.0000000e+00
12311     119.584283    1465.055660 0.0000000e+00
12312     119.584283    1461.055660 0.0000000e+00
12313     119.584286    1457.055650 0.0000000e+00
12314     119.584289    1453.055650 0.0000000e+00
12315     119.584291    1449.055660 0.0000000e+00
12316     119.584292    1445.055660 0.0000000e+00
12317     119.584292    1441.055660 0.0000000e+00
12318     119.584292    1437.055660 0.0000000e+00
12319     119.584293    1433.055660 0.0000000e+00
12320     119.584294    1429.055660 0.0000000e+00
12321     119.584295    1425.055660 0.0000000e+00
12322     119.584295    1421.055660 0.0000000e+00
12323     119.584296    1417.055660 0.0000000e+00
12324     119.584296    1413.055660 0.0000000e+00
12325     119.584296    1409.055660 0.0000000e+00
12326     119.584296    1405.055660 0.0000000e+00
12327     119.584296    1401.055660 0.0000000e+00
12328     119.584296    1397.055660 0.0000000e+00
12329     119.584296    1393.055660 0.0000000e+00
12330     119.584296    1389.055660 0.0000000e+00
12331     119.584296    1385.055660 0.0000000e+00
12332     119.584296    1381.055660 0.0000000e+00
12333     119.584296    1377.055660 0.0000000e+00
12334     119.584296    1373.055660 0.0000000e+00
12335     119.584296    1369.055660 0.0000000e+00
12336     119.584296    1365.055660 0.0000000e+00
12337     119.584296    1361.055660 0.0000000e+00
12338     119.584296    1357.055660 0.0000000e+00
12339     119.584296    1353.055660 0.0000000e+00
12340     119.584296    1349.055660 0.0000000e+00
12341     119.584296    1345.055660 0.0000000e+00
12342     119.584296    1341.055660 0.0000000e+00
12343     119.584296    1337.055660 0.0000000e+00
12344     119.584296    1333.055660 0.0000000e+00
12345     119.584296    1329.055660 0.0000000e+00
12346     119.584297    1325.055660 0.0000000e+00
12347     119.584297    1321.055660 0.0000000e+00
12348     119.584297    1317.055660 0.0000000e+00
12349     119.584297    1313.055660 0.0000000e+00
12350     119.584297    1309.055660 0.0000000e+00
12351     119.584297    1305.055660 0.0000000e+00
12352     119.584297    1301.055660 0.0000000e+00
12353     119.584297    1297.055660 0.0000000e+00
12354     119.584297    1293.055660 0.0000000e+00
12355     119.584298    1289.055660 0.0000000e+00
12356     119.584298    1285.055660 0.0000000e+00
12357     119.584298    1281.055660 0.0000000e+00
12358     119.584298    1277.055660 0.0000000e+00
12359     119.584298    1273.055660 0.0000000e+00
12360     119.584299    1269.055660 0.0000000e+00
12361     119.584299    1265.055660 0.0000000e+00
12362     119.584299    1261.055660 0.0000000e+00
12363     119.584299    1257.055660 0.0000000e+00
12364     119.584299    1253.055660 0.0000000e+00
12365     119.584300    1249.055660 0.0000000e+00
12366     119.584300    1245.055660 0.0000000e+00
12367     119.584300    1241.055660 0.0000000e+00
12368     119.584300    1237.055660 0.0000000e+00
12369     119.584301    1233.055660 0.0000000e+00
12370     119.584301    1229.055660 0.0000000e+00
12371     119.584301    1225.055660 0.0000000e+00
12372     119.584301    1221.055660 0.0000000e+00
12373     119.584302    1217.055660 0.0000000e+00
12374     119.584302    1213.055660 0.0000000e+00
12375     119.584302    1209.055660 0.0000000e+00
12376     119.584302    1205.055660 0.0000000e+00
12377     119.584303    1201.055660 0.0000000e+00
12378     119.584303    1197.055660 0.0000000e+00
12379     119.584303    1193.055660 0.0000000e+00
12380     119.584304    1189.055660 0.0000000e+00
12381     119.584304    1185.055660 0.0000000e+00
12382     119.584304    1181.055660 0.0000000e+00
12383     119.584304    1177.055660 0.0000000e+00
12384     119.584305    1173.055660 0.0000000e+00
12385     119.584305    1169.055660 0.0000000e+00
12386     119.584305    1165.055660 0.0000000e+00
12387     119.584305    1161.055660 0.0000000e+00
12388     119.584305    1157.055660 0.0000000e+00
12389     119.584305    1153.055660 0.0000000e+00
12390     119.584305    1149.055660 0.0000000e+00
12391     119.584306    1145.055660 0.0000000e+00
12392     119.584307    1141.055660 0.0000000e+00
12393     119.584306    1137.055660 0.0000000e+00
12394     119.584304    1133.055660 0.0000000e+00
12395     119.584301    1129.055660 0.0000000e+00
12396     119.584297    1125.055660 0.0000000e+00
12397     119.584293    1121.055660 0.0000000e+00
12398     119.584291    1117.055660 0.0000000e+00
12399     119.584291    1113.055660 0.0000000e+00
12400     119.584293    1109.055660 0.0000000e+00
12401     119.584296    1105.055660 0.0000000e+00
12402     119.584299    1101.055660 0.0000000e+00
12403     119.584300    1097.055660 0.0000000e+00
12404     119.584299    1093.055660 0.0000000e+00
12405     119.584299    1089.055660 0.0000000e+00
12406     119.584299    1085.055660 0.0000000e+00
12407     119.584299    1081.055660 0.0000000e+00
12408     119.584300    1077.055660 0.0000000e+00
12409     119.584301    1073.055660 0.0000000e+00
12410     119.584302    1069.055660 0.0000000e+00
12411     119.584302    1065.055660 0.0000000e+00
12412     119.584303    1061.055660 0.0000000e+00
12413     119.584303    1057.055660 0.0000000e+00
12414     119.584303    1053.055660 0.0000000e+00
12415     119.584303    1049.055660 0.0000000e+00
12416     119.584303    1045.055660 0.0000000e+00
12417     119.584303    1041.055660 0.0000000e+00
12418     119.584303    1037.055660 0.0000000e+00
12419     119.584303    1033.055660 0.0000000e+00
12420     119.584303    1029.055660 0.0000000e+00
12421     119.584304    1025.055660 0.0000000e+00
12422     119.584304    1021.055660 0.0000000e+00
12423     119.584304    1017.055660 0.0000000e+00
12424     119.584304    1013.055660 0.0000000e+00
12425     119.584304    1009.055660 0.0000000e+00
12426     119.584304    1005.055660 0.0000000e+00
12427     119.584304    1001.055660 0.0000000e+00
12428     119.584305     997.055659 0.0000000e+00
12429     119.584305     993.055659 0.0000000e+00
12430     119.584305     989.055659 0.0000000e+00
12431     119.584305     985.055659 0.0000000e+00
12432     119.584305     981.055659 0.0000000e+00
12433     119.584306     977.055659 0.0000000e+00
12434     119.584306     973.055659 0.0000000e+00
12435     119.584306     969.055659 0.0000000e+00
12436     119.584306     965.055659 0.0000000e+00
12437     119.584306     961.055659 0.0000000e+00
12438     119.584307     957.055659 0.0000000e+00
12439     119.584307     953.055659 0.0000000e+00
12440     119.584307     949.055659 0.0000000e+00
12441     119.584307     945.055659 0.0000000e+00
12442     119.584308     941.055659 0.0000000e+00
12443     119.584308     937.055659 0.0000000e+00
12444     119.584308     933.055659 0.0000000e+00
12445     119.584308     929.055659 0.0000000e+00
12446     119.584308     925.055659 0.0000000e+00
12447     119.584309     921.055659 0.0000000e+00
12448     119.584309     917.055659 0.0000000e+00
12449     119.584309     913.055659 0.0000000e+00
12450     119.584310     909.055659 0.0000000e+00
12451     119.584310     905.055659 0.0000000e+00
12452     119.584310     901.055659 0.0000000e+00
12453     119.584311     897.055659 0.0000000e+00
12454     119.584311     893.055659 0.0000000e+00
12455     119.584311     889.055659 0.0000000e+00
12456     119.584312     885.055659 0.0000000e+00
12457     119.584312     881.055659 0.0000000e+00
12458     119.584312     877.055659 0.0000000e+00
12459     119.584313     873.055659 0.0000000e+00
12460     119.584313     869.055659 0.0000000e+00
12461     119.584313     865.055659 0.0000000e+00
12462     119.584314     861.055659 0.0000000e+00
12463     119.584314     857.055659 0.0000000e+00
12464     119.584314     853.055660 0.0000000e+00
12465     119.584315     849.055660 0.0000000e+00
12466     119.584315     845.055660 0.0000000e+00
12467     119.584316     841.055660 0.0000000e+00
12468     119.584316     837.055660 0.0000000e+00
12469     119.584316     833.055660 0.0000000e+00
12470     119.584317     829.055660 0.0000000e+00
12471     119.584317     825.055660 0.0000000e+00
12472     119.584318     821.055660 0.0000000e+00
12473     119.584318     817.055660 0.0000000e+00
12474     119.584318     813.055660 0.0000000e+00
12475     119.584318     809.055660 0.0000000e+00
12476     119.584319     805.055660 0.0000000e+00
12477     119.584319     801.055660 0.0000000e+00
12478     119.584319     797.055660 0.0000000e+00
12479     119.584319     793.055660 0.0000000e+00
12480     119.584320     789.055660 0.0000000e+00
12481     119.584320     785.055660 0.0000000e+00
12482     119.584318     781.055661 0.0000000e+00
12483     119.584314     777.055662 0.0000000e+00
12484     119.584310     773.055663 0.0000000e+00
12485     119.584305     769.055662 0.0000000e+00
12486     119.584302     765.055660 0.0000000e+00
12487     119.584302     761.055658 0.0000000e+00
12488     119.584304     757.055657 0.0000000e+00
12489     119.584307     753.055657 0.0000000e+00
12490     119.584309     749.055658 0.0000000e+00
12491     119.584310     745.055659 0.0000000e+00
12492     119.584309     741.055659 0.0000000e+00
12493     119.584309     737.055660 0.0000000e+00
12494     119.584308     733.055659 0.0000000e+00
12495     119.584309     729.055659 0.0000000e+00
12496     119.584309     725.055659 0.0000000e+00
12497     119.584311     721.055659 0.0000000e+00
12498     119.584312     717.055659 0.0000000e+00
12499     119.584312     713.055659 0.0000000e+00
12500     119.584313     709.055659 0.0000000e+00
12501     119.584313     705.055660 0.0000000e+00
12502     119.584313     701.055660 0.0000000e+00
12503     119.584313     697.055660 0.0000000e+00
12504     119.584314     693.055660 0.0000000e+00
12505     119.584314     689.055660 0.0000000e+00
12506     119.584314     685.055660 0.0000000e+00
12507     119.584314     681.055660 0.0000000e+00
12508     119.584314     677.055660 0.0000000e+00
12509     119.584315     673.055660 0.0000000e+00
12510     119.584315     669.055660 0.0000000e+00
12511     119.584315     665.055660 0.0000000e+00
12512     119.584315     661.055660 0.0000000e+00
12513     119.584315     657.055660 0.0000000e+00
12514     119.584316     653.055660 0.0000000e+00
12515     119.584316     649.055660 0.0000000e+00
12516     119.584316     645.055660 0.0000000e+00
12517     119.584317     641.055660 0.0000000e+00
12518     119.584317     637.055660 0.0000000e+00
12519     119.584317     633.055660 0.0000000e+00
12520     119.584317     629.055660 0.0000000e+00
12521     119.584318     625.055660 0.0000000e+00
12522     119.584318     621.055660 0.0000000e+00
12523     119.584318     617.055660 0.0000000e+00
12524     119.584319     613.055660 0.0000000e+00
12525     119.584319     609.055660 0.0000000e+00
12526     119.584319     605.055660 0.0000000e+00
12527     119.584320     601.055660 0.0000000e+00
12528     119.584320     597.055660 0.0000000e+00
12529     119.584320     593.055660 0.0000000e+00
12530     119.584321     589.055660 0.0000000e+00
12531     119.584321     585.055660 0.0000000e+00
12532     119.584321     581.055660 0.0000000e+00
12533     119.584322     577.055660 0.0000000e+00
12534     119.584322     573.055660 0.0000000e+00
12535     119.584322     569.055660 0.0000000e+00
12536     119.584323     565.055661 0.0000000e+00
12537     119.584323     561.055661 0.0000000e+00
12538     119.584323     557.055661 0.0000000e+00
12539     119.584324     553.055661 0.0000000e+00
12540     119.584324     549.055661 0.0000000e+00
12541     119.584325     545.055661 0.0000000e+00
12542     119.584325     541.055661 0.0000000e+00
12543     119.584326     537.055661 0.0000000e+00
12544     119.584326     533.055661 0.0000000e+00
12545     119.584327     529.055661 0.0000000e+00
12546     119.584327     525.055661 0.0000000e+00
12547     119.584328     521.055661 0.0000000e+00
12548     119.584328     517.055661 0.0000000e+00
12549     119.584329     513.055661 0.0000000e+00
12550     119.584329     509.055661 0.0000000e+00
12551     119.584330     505.055661 0.0000000e+00
12552     119.584330     501.055661 0.0000000e+00
12553     119.584331     497.055661 0.0000000e+00
12554     119.584331     493.055661 0.0000000e+00
12555     119.584332     489.055661 0.0000000e+00
12556     119.584332     485.055661 0.0000000e+00
12557     119.584333     481.055662 0.0000000e+00
12558     119.584333     477.055662 0.0000000e+00
12559     119.584334     473.055662 0.0000000e+00
12560     119.584335     469.055662 0.0000000e+00
12561     119.584335     465.055662 0.0000000e+00
12562     119.584336     461.055662 0.0000000e+00
12563     119.584336     457.055662 0.0000000e+00
12564     119.584336     453.055662 0.0000000e+00
12565     119.584337     449.055662 0.0000000e+00
12566     119.584337     445.055662 0.0000000e+00
12567     119.584336     441.055662 0.0000000e+00
12568     119.584335     437.055663 0.0000000e+00
12569     119.584332     433.055664 0.0000000e+00
12570     119.584328     429.055664 0.0000000e+00
12571     119.584323     425.055664 0.0000000e+00
12572     119.584319     421.055663 0.0000000e+00
12573     119.584316     417.055661 0.0000000e+00
12574     119.584316     413.055660 0.0000000e+00
12575     119.584318     409.055659 0.0000000e+00
12576     119.584321     405.055659 0.0000000e+00
12577     119.584323     401.055660 0.0000000e+00
12578     119.584325     397.055660 0.0000000e+00
12579     119.584327     393.055660 0.0000000e+00
12580     119.584325     389.055662 0.0000000e+00
12581     119.584303     385.055672 0.0000000e+00
12582     119.584272     381.055678 0.0000000e+00
12583     119.584271     377.055658 0.0000000e+00
12584     119.584411     373.055565 0.0000000e+00
12585     119.585132     369.055254 0.0000000e+00
12586     119.585909     365.055154 0.0000000e+00
12587     119.586232     361.055155 0.0000000e+00
12588     119.592862     357.051616 0.0000000e+00
12589     119.603198     353.048084 0.0000000e+00
12590     119.601869     349.051703 0.0000000e+00
12591     119.717192     345.030141 0.0000000e+00
12592     119.813280     341.151082 0.0000000e+00
12593     119.593210     337.562184 0.0000000e+00
12594     121.201869     334.737831 0.0000000e+00
12595     125.015399     334.938026 0.0000000e+00
12596     129.080058     334.683793 0.0000000e+00
12597     133.027403     334.750109 0.0000000e+00
12598     137.021201     334.730240 0.0000000e+00
12599     141.029808     334.732086 0.0000000e+00
12600     139.115144     331.247578 0.0000000e+00
12601     143.123586     331.275325 0.0000000e+00
12602     147.129534     331.372059 0.0000000e+00
12603     151.133018     331.579519 0.0000000e+00
12604     155.165666     331.899341 0.0000000e+00
12605     159.246005     332.289632 0.0000000e+00
12606     163.376720     332.710622 0.0000000e+00
12607     167.560476     333.144251 0.0000000e+00
12608     171.799213     333.585094 0.0000000e+00
12609     176.094213     334.032050 0.0000000e+00
12610     180.446448     334.484973 0.0000000e+00
12611     184.856761     334.943927 0.0000000e+00
12612     189.326013     335.409060 0.0000000e+00
12613     193.855264     335.880838 0.0000000e+00
12614     198.446187     336.361268 0.0000000e+00
12615     203.101497     336.858635 0.0000000e+00
12616     207.821206     337.397170 0.0000000e+00
12617     212.581142     337.997289 0.0000000e+00
12618     217.262726     338.625560 0.0000000e+00
12619     222.009412     340.002302 0.0000000e+00
12620     226.470158     342.118968 0.0000000e+00
12621     231.158882     344.470987 0.0000000e+00
12622     236.096073     347.086262 0.0000000e+00
12623     241.303567     349.895967 0.0000000e+00
12624     246.813825     352.875853 0.0000000e+00
12625     252.658244     356.026550 0.0000000e+00
12626     258.862755     359.354540 0.0000000e+00
12627     265.459632     362.855285 0.0000000e+00
12628     272.483145     366.518403 0.0000000e+00
12629     279.981126     370.320261 0.0000000e+00
12630     288.012568     374.209329 0.0000000e+00
12631     296.638737     378.160950 0.0000000e+00
12632     305.816316     382.386363 0.0000000e+00
12633     315.536561     386.359126 0.0000000e+00
12634     326.107009     390.311645 0.0000000e+00
12635     336.956892     394.517356 0.0000000e+00
12636     347.815858     398.891665 0.0000000e+00
12637     357.196046     404.579523 0.0000000e+00
12638     368.888518     407.044123 0.0000000e+00
12639     382.353398     411.388739 0.0000000e+00
12640     397.598062     416.870480 0.0000000e+00
12641     413.638301     419.341315 0.0000000e+00
12642     429.260703     422.004553 0.0000000e+00
12643     444.922319     424.571087 0.0000000e+00
12644     460.795441     427.074393 0.0000000e+00
12645     476.974485     429.615811 0.0000000e+00
12646     493.475447     432.201058 0.0000000e+00
12647     510.306312     434.837151 0.0000000e+00
12648     527.474672     437.527949 0.0000000e+00
12649     544.989166     440.281885 0.0000000e+00
12650     562.847598     443.111508 0.0000000e+00
12651     581.017377     446.010733 0.0000000e+00
12652     599.507007     448.930009 0.0000000e+00
12653     618.482304     452.426914 0.0000000e+00
12654     637.087048     456.477856 0.0000000e+00
12655     654.507674     458.498122 0.0000000e+00
12656     672.075442     466.682901 0.0000000e+00
12657     692.852673     478.889175 0.0000000e+00
12658     698.248454     500.619416 0.0000000e+00
12659     693.177979     517.774731 0.0000000e+00
12660     696.420303     537.151159 0.0000000e+00
12661     696.684954     559.498301 0.0000000e+00
12662     694.938972     583.809337 0.0000000e+00
12663     696.482430     607.246695 0.0000000e+00
12664     696.611689     629.692922 0.0000000e+00
12665     696.635571     651.754981 0.0000000e+00
12666     696.680463     673.661831 0.0000000e+00
12667     696.697951     695.554678 0.0000000e+00
12668     696.724171     717.435348 0.0000000e+00
12669     696.687847     739.210134 0.0000000e+00
12670     695.617738     760.533616 0.0000000e+00
12671     695.721589     782.551978 0.0000000e+00
12672     696.677035     803.729203 0.0000000e+00
12673     696.698165     825.381657 0.0000000e+00
12674     696.676783     847.200294 0.0000000e+00
12675     696.654061     869.047503 0.0000000e+00
12676     696.404677     890.809615 0.0000000e+00
12677     696.293084     912.814860 0.0000000e+00
12678     696.172979     934.845169 0.0000000e+00
12679     696.273013     956.638259 0.0000000e+00
12680     695.740152     978.788070 0.0000000e+00
12681     695.975878    1000.828780 0.0000000e+00
12682     696.570586    1023.197200 0.0000000e+00
12683     696.680002    1045.285530 0.0000000e+00
12684     696.717348    1067.231120 0.0000000e+00
12685     696.759892    1089.134920 0.0000000e+00
12686     696.861720    1110.967360 0.0000000e+00
12687     696.830200    1132.205380 0.0000000e+00
12688     693.809774    1150.865730 0.0000000e+00
12689     696.650952    1171.063300 0.0000000e+00
12690     695.064210    1194.987770 0.0000000e+00
12691     696.571733    1218.301990 0.0000000e+00
12692     696.679030    1240.707310 0.0000000e+00
12693     696.672845    1262.742270 0.0000000e+00
12694     696.641326    1284.651420 0.0000000e+00
12695     696.632797    1306.551210 0.0000000e+00
12696     696.635845    1328.460980 0.0000000e+00
12697     696.662126    1350.363190 0.0000000e+00
12698     696.737161    1372.218550 0.0000000e+00
12699     696.946329    1394.076260 0.0000000e+00
12700     697.741625    1415.947870 0.0000000e+00
12701     682.321420    1428.059610 0.0000000e+00
12702     664.659603    1436.163350 0.0000000e+00
12703     645.560205    1441.795560 0.0000000e+00
12704     626.394854    1446.284060 0.0000000e+00
12705     607.438795    1449.917030 0.0000000e+00
12706     588.780644    1453.129380 0.0000000e+00
12707     570.442745    1456.114260 0.0000000e+00
12708     552.444498    1458.958260 0.0000000e+00
12709     534.792068    1461.722380 0.0000000e+00
12710     517.483386    1464.426570 0.0000000e+00
12711     500.513491    1467.076910 0.0000000e+00
12712     483.877342    1469.676670 0.0000000e+00
12713     467.572329    1472.231460 0.0000000e+00
12714     451.602196    1474.756930 0.0000000e+00
12715     435.981228    1477.295190 0.0000000e+00
12716     420.728117    1479.940810 0.0000000e+00
12717     405.848291    1482.830380 0.0000000e+00
12718     391.501079    1486.226830 0.0000000e+00
12719     377.897885    1490.187270 0.0000000e+00
12720     365.059325    1494.529480 0.0000000e+00
12721     352.928089    1499.022420 0.0000000e+00
12722     341.401537    1503.457840 0.0000000e+00
12723     330.438493    1507.772960 0.0000000e+00
12724     319.998806    1511.937050 0.0000000e+00
12725     310.047947    1515.956930 0.0000000e+00
12726     300.525452    1519.864550 0.0000000e+00
12727     291.342737    1523.495790 0.0000000e+00
12728     283.061331    1527.462940 0.0000000e+00
12729     275.328123    1531.784070 0.0000000e+00
12730     268.175613    1535.688410 0.0000000e+00
12731     261.423998    1539.301570 0.0000000e+00
12732     255.078120    1542.726470 0.0000000e+00
12733     249.101659    1545.965050 0.0000000e+00
12734     243.465992    1549.021680 0.0000000e+00
12735     238.144485    1551.901370 0.0000000e+00
12736     233.104766    1554.598260 0.0000000e+00
12737     228.305502    1557.060790 0.0000000e+00
12738     223.673031    1559.150760 0.0000000e+00
12739     219.055841    1560.775100 0.0000000e+00
12740     214.438569    1562.080120 0.0000000e+00
12741     209.601063    1562.804570 0.0000000e+00
12742     204.969896    1563.084530 0.0000000e+00
12743     200.334173    1563.492960 0.0000000e+00
12744     195.730634    1563.971380 0.0000000e+00
12745     191.177485    1564.447650 0.0000000e+00
12746     186.682888    1564.916690 0.0000000e+00
12747     182.252064    1565.375870 0.0000000e+00
12748     177.895735    1565.787170 0.0000000e+00
12749     173.558794    1566.227630 0.0000000e+00
12750     169.278430    1566.689500 0.0000000e+00
12751     165.093428    1567.170740 0.0000000e+00
12752     160.933455    1567.628780 0.0000000e+00
12753     156.842393    1568.043490 0.0000000e+00
12754     152.798079    1568.372510 0.0000000e+00
12755     148.770964    1568.591430 0.0000000e+00
12756     144.765203    1568.726330 0.0000000e+00
12757     140.759601    1568.786990 0.0000000e+00
12758     136.749803    1568.802360 0.0000000e+00
12759     132.734745    1568.785520 0.0000000e+00
12760     128.719255    1568.776760 0.0000000e+00
12761     124.629803    1568.594090 0.0000000e+00
12762     120.689221    1568.634880 0.0000000e+00
12763     116.354959    1568.771360 0.0000000e+00
12764     115.421410    1564.923160 0.0000000e+00
12765     115.988537    1561.432050 0.0000000e+00
12766     116.171117    1557.686520 0.0000000e+00
12767     116.175314    1553.757900 0.0000000e+00
12768     116.154368    1549.784980 0.0000000e+00
12769     116.128244    1545.774520 0.0000000e+00
12770     116.118484    1541.763610 0.0000000e+00
12771     116.115021    1537.758210 0.0000000e+00
12772     116.113670    1533.755610 0.0000000e+00
12773     116.113351    1529.754710 0.0000000e+00
12774     116.113246    1525.754420 0.0000000e+00
12775     116.113204    1521.754330 0.0000000e+00
12776     116.113192    1517.754300 0.0000000e+00
12777     116.113189    1513.754290 0.0000000e+00
12778     116.113188    1509.754290 0.0000000e+00
12779     116.113188    1505.754290 0.0000000e+00
12780     116.113188    1501.754290 0.0000000e+00
12781     116.113188    1497.754280 0.0000000e+00
12782     116.113188    1493.754290 0.0000000e+00
12783     116.113188    1489.754290 0.0000000e+00
12784     116.113188    1485.754290 0.0000000e+00
12785     116.113188    1481.754290 0.0000000e+00
12786     116.113187    1477.754290 0.0000000e+00
12787     116.113186    1473.754290 0.0000000e+00
12788     116.113185    1469.754290 0.0000000e+00
12789     116.113184    1465.754280 0.0000000e+00
12790     116.113184    1461.754280 0.0000000e+00
12791     116.113185    1457.754280 0.0000000e+00
12792     116.113185    1453.754280 0.0000000e+00
12793     116.113186    1449.754280 0.0000000e+00
12794     116.113186    1445.754280 0.0000000e+00
12795     116.113187    1441.754280 0.0000000e+00
12796     116.113187    1437.754280 0.0000000e+00
12797     116.113187    1433.754280 0.0000000e+00
12798     116.113187    1429.754280 0.0000000e+00
12799     116.113187    1425.754280 0.0000000e+00
12800     116.113188    1421.754280 0.0000000e+00
12801     116.113188    1417.754280 0.0000000e+00
12802     116.113188    1413.754290 0.0000000e+00
12803     116.113188    1409.754290 0.0000000e+00
12804     116.113188    1405.754290 0.0000000e+00
12805     116.113188    1401.754290 0.0000000e+00
12806     116.113188    1397.754290 0.0000000e+00
12807     116.113188    1393.754290 0.0000000e+00
12808     116.113188    1389.754290 0.0000000e+00
12809     116.113188    1385.754290 0.0000000e+00
12810     116.113188    1381.754290 0.0000000e+00
12811     116.113188    1377.754290 0.0000000e+00
12812     116.113188    1373.754290 0.0000000e+00
12813     116.113188    1369.754290 0.0000000e+00
12814     116.113188    1365.754290 0.0000000e+00
12815     116.113188    1361.754290 0.0000000e+00
12816     116.113188    1357.754290 0.0000000e+00
12817     116.113188    1353.754290 0.0000000e+00
12818     116.113188    1349.754290 0.0000000e+00
12819     116.113188    1345.754290 0.0000000e+00
12820     116.113188    1341.754290 0.0000000e+00
12821     116.113188    1337.754290 0.0000000e+00
12822     116.113188    1333.754290 0.0000000e+00
12823     116.113188    1329.754290 0.0000000e+00
12824     116.113188    1325.754290 0.0000000e+00
12825     116.113188    1321.754290 0.0000000e+00
12826     116.113188    1317.754290 0.0000000e+00
12827     116.113188    1313.754290 0.0000000e+00
12828     116.113188    1309.754290 0.0000000e+00
12829     116.113188    1305.754290 0.0000000e+00
12830     116.113188    1301.754290 0.0000000e+00
12831     116.113188    1297.754290 0.0000000e+00
12832     116.113188    1293.754290 0.0000000e+00
12833     116.113188    1289.754290 0.0000000e+00
12834     116.113188    1285.754290 0.0000000e+00
12835     116.113188    1281.754290 0.0000000e+00
12836     116.113188    1277.754290 0.0000000e+00
12837     116.113189    1273.754290 0.0000000e+00
12838     116.113189    1269.754290 0.0000000e+00
12839     116.113189    1265.754290 0.0000000e+00
12840     116.113189    1261.754290 0.0000000e+00
12841     116.113189    1257.754290 0.0000000e+00
12842     116.113189    1253.754290 0.0000000e+00
12843     116.113189    1249.754290 0.0000000e+00
12844     116.113189    1245.754290 0.0000000e+00
12845     116.113189    1241.754290 0.0000000e+00
12846     116.113189    1237.754290 0.0000000e+00
12847     116.113189    1233.754290 0.0000000e+00
12848     116.113189    1229.754290 0.0000000e+00
12849     116.113189    1225.754290 0.0000000e+00
12850     116.113189    1221.754290 0.0000000e+00
12851     116.113189    1217.754290 0.0000000e+00
12852     116.113190    1213.754290 0.0000000e+00
12853     116.113190    1209.754290 0.0000000e+00
12854     116.113190    1205.754290 0.0000000e+00
12855     116.113190    1201.754290 0.0000000e+00
12856     116.113190    1197.754290 0.0000000e+00
12857     116.113190    1193.754290 0.0000000e+00
12858     116.113190    1189.754290 0.0000000e+00
12859     116.113190    1185.754290 0.0000000e+00
12860     116.113190    1181.754290 0.0000000e+00
12861     116.113190    1177.754290 0.0000000e+00
12862     116.113190    1173.754290 0.0000000e+00
12863     116.113190    1169.754290 0.0000000e+00
12864     116.113190    1165.754290 0.0000000e+00
12865     116.113190    1161.754290 0.0000000e+00
12866     116.113190    1157.754290 0.0000000e+00
12867     116.113191    1153.754290 0.0000000e+00
12868     116.113191    1149.754290 0.0000000e+00
12869     116.113191    1145.754290 0.0000000e+00
12870     116.113191    1141.754290 0.0000000e+00
12871     116.113191    1137.754290 0.0000000e+00
12872     116.113191    1133.754290 0.0000000e+00
12873     116.113190    1129.754290 0.0000000e+00
12874     116.113189    1125.754290 0.0000000e+00
12875     116.113188    1121.754290 0.0000000e+00
12876     116.113187    1117.754290 0.0000000e+00
12877     116.113187    1113.754290 0.0000000e+00
12878     116.113187    1109.754280 0.0000000e+00
12879     116.113188    1105.754280 0.0000000e+00
12880     116.113188    1101.754280 0.0000000e+00
12881     116.113189    1097.754290 0.0000000e+00
12882     116.113189    1093.754290 0.0000000e+00
12883     116.113189    1089.754290 0.0000000e+00
12884     116.113189    1085.754290 0.0000000e+00
12885     116.113189    1081.754290 0.0000000e+00
12886     116.113189    1077.754290 0.0000000e+00
12887     116.113189    1073.754290 0.0000000e+00
12888     116.113189    1069.754290 0.0000000e+00
12889     116.113190    1065.754290 0.0000000e+00
12890     116.113190    1061.754290 0.0000000e+00
12891     116.113190    1057.754290 0.0000000e+00
12892     116.113190    1053.754290 0.0000000e+00
12893     116.113190    1049.754290 0.0000000e+00
12894     116.113190    1045.754290 0.0000000e+00
12895     116.113190    1041.754290 0.0000000e+00
12896     116.113190    1037.754290 0.0000000e+00
12897     116.113190    1033.754290 0.0000000e+00
12898     116.113190    1029.754290 0.0000000e+00
12899     116.113190    1025.754290 0.0000000e+00
12900     116.113190    1021.754290 0.0000000e+00
12901     116.113190    1017.754290 0.0000000e+00
12902     116.113190    1013.754290 0.0000000e+00
12903     116.113190    1009.754290 0.0000000e+00
12904     116.113190    1005.754290 0.0000000e+00
12905     116.113190    1001.754290 0.0000000e+00
12906     116.113190     997.754286 0.0000000e+00
12907     116.113191     993.754286 0.0000000e+00
12908     116.113191     989.754286 0.0000000e+00
12909     116.113191     985.754286 0.0000000e+00
12910     116.113191     981.754286 0.0000000e+00
12911     116.113191     977.754286 0.0000000e+00
12912     116.113191     973.754286 0.0000000e+00
12913     116.113191     969.754286 0.0000000e+00
12914     116.113191     965.754286 0.0000000e+00
12915     116.113191     961.754286 0.0000000e+00
12916     116.113191     957.754286 0.0000000e+00
12917     116.113191     953.754286 0.0000000e+00
12918     116.113191     949.754286 0.0000000e+00
12919     116.113191     945.754286 0.0000000e+00
12920     116.113191     941.754286 0.0000000e+00
12921     116.113191     937.754286 0.0000000e+00
12922     116.113191     933.754286 0.0000000e+00
12923     116.113192     929.754286 0.0000000e+00
12924     116.113192     925.754286 0.0000000e+00
12925     116.113192     921.754286 0.0000000e+00
12926     116.113192     917.754286 0.0000000e+00
12927     116.113192     913.754286 0.0000000e+00
12928     116.113192     909.754286 0.0000000e+00
12929     116.113192     905.754286 0.0000000e+00
12930     116.113192     901.754286 0.0000000e+00
12931     116.113192     897.754286 0.0000000e+00
12932     116.113192     893.754286 0.0000000e+00
12933     116.113192     889.754286 0.0000000e+00
12934     116.113193     885.754286 0.0000000e+00
12935     116.113193     881.754286 0.0000000e+00
12936     116.113193     877.754286 0.0000000e+00
12937     116.113193     873.754286 0.0000000e+00
12938     116.113193     869.754286 0.0000000e+00
12939     116.113193     865.754286 0.0000000e+00
12940     116.113193     861.754286 0.0000000e+00
12941     116.113193     857.754286 0.0000000e+00
12942     116.113193     853.754286 0.0000000e+00
12943     116.113193     849.754286 0.0000000e+00
12944     116.113194     845.754286 0.0000000e+00
12945     116.113194     841.754286 0.0000000e+00
12946     116.113194     837.754286 0.0000000e+00
12947     116.113194     833.754286 0.0000000e+00
12948     116.113194     829.754286 0.0000000e+00
12949     116.113194     825.754286 0.0000000e+00
12950     116.113194     821.754287 0.0000000e+00
12951     116.113195     817.754287 0.0000000e+00
12952     116.113195     813.754287 0.0000000e+00
12953     116.113195     809.754287 0.0000000e+00
12954     116.113195     805.754287 0.0000000e+00
12955     116.113195     801.754287 0.0000000e+00
12956     116.113195     797.754287 0.0000000e+00
12957     116.113195     793.754287 0.0000000e+00
12958     116.113195     789.754287 0.0000000e+00
12959     116.113195     785.754287 0.0000000e+00
12960     116.113195     781.754287 0.0000000e+00
12961     116.113194     777.754287 0.0000000e+00
12962     116.113193     773.754287 0.0000000e+00
12963     116.113191     769.754287 0.0000000e+00
12964     116.113190     765.754286 0.0000000e+00
12965     116.113190     761.754286 0.0000000e+00
12966     116.113190     757.754286 0.0000000e+00
12967     116.113191     753.754285 0.0000000e+00
12968     116.113191     749.754285 0.0000000e+00
12969     116.113192     745.754286 0.0000000e+00
12970     116.113192     741.754286 0.0000000e+00
12971     116.113192     737.754286 0.0000000e+00
12972     116.113192     733.754286 0.0000000e+00
12973     116.113192     729.754286 0.0000000e+00
12974     116.113192     725.754286 0.0000000e+00
12975     116.113192     721.754286 0.0000000e+00
12976     116.113193     717.754286 0.0000000e+00
12977     116.113193     713.754286 0.0000000e+00
12978     116.113193     709.754286 0.0000000e+00
12979     116.113193     705.754286 0.0000000e+00
12980     116.113193     701.754286 0.0000000e+00
12981     116.113193     697.754286 0.0000000e+00
12982     116.113193     693.754286 0.0000000e+00
12983     116.113193     689.754286 0.0000000e+00
12984     116.113193     685.754286 0.0000000e+00
12985     116.113193     681.754286 0.0000000e+00
12986     116.113193     677.754286 0.0000000e+00
12987     116.113194     673.754286 0.0000000e+00
12988     116.113194     669.754286 0.0000000e+00
12989     116.113194     665.754286 0.0000000e+00
12990     116.113194     661.754286 0.0000000e+00
12991     116.113194     657.754286 0.0000000e+00
12992     116.113194     653.754286 0.0000000e+00
12993     116.113194     649.754286 0.0000000e+00
12994     116.113194     645.754286 0.0000000e+00
12995     116.113194     641.754286 0.0000000e+00
12996     116.113194     637.754286 0.0000000e+00
12997     116.113194     633.754287 0.0000000e+00
12998     116.113194     629.754287 0.0000000e+00
12999     116.113194     625.754287 0.0000000e+00
13000     116.113195     621.754287 0.0000000e+00
13001     116.113195     617.754287 0.0000000e+00
13002     116.113195     613.754287 0.0000000e+00
13003     116.113195     609.754287 0.0000000e+00
13004     116.113195     605.754287 0.0000000e+00
13005     116.113195     601.754287 0.0000000e+00
13006     116.113195     597.754287 0.0000000e+00
13007     116.113195     593.754287 0.0000000e+00
13008     116.113195     589.754287 0.0000000e+00
13009     116.113195     585.754287 0.0000000e+00
13010     116.113196     581.754287 0.0000000e+00
13011     116.113196     577.754287 0.0000000e+00
13012     116.113196     573.754287 0.0000000e+00
13013     116.113196     569.754287 0.0000000e+00
13014     116.113196     565.754287 0.0000000e+00
13015     116.113196     561.754287 0.0000000e+00
13016     116.113196     557.754287 0.0000000e+00
13017     116.113196     553.754287 0.0000000e+00
13018     116.113196     549.754287 0.0000000e+00
13019     116.113197     545.754287 0.0000000e+00
13020     116.113197     541.754287 0.0000000e+00
13021     116.113197     537.754287 0.0000000e+00
13022     116.113197     533.754287 0.0000000e+00
13023     116.113197     529.754287 0.0000000e+00
13024     116.113197     525.754287 0.0000000e+00
13025     116.113197     521.754287 0.0000000e+00
13026     116.113198     517.754287 0.0000000e+00
13027     116.113198     513.754287 0.0000000e+00
13028     116.113198     509.754287 0.0000000e+00
13029     116.113198     505.754287 0.0000000e+00
13030     116.113198     501.754287 0.0000000e+00
13031     116.113198     497.754287 0.0000000e+00
13032     116.113199     493.754287 0.0000000e+00
13033     116.113199     489.754287 0.0000000e+00
13034     116.113199     485.754288 0.0000000e+00
13035     116.113199     481.754288 0.0000000e+00
13036     116.113199     477.754288 0.0000000e+00
13037     116.113199     473.754288 0.0000000e+00
13038     116.113200     469.754288 0.0000000e+00
13039     116.113200     465.754288 0.0000000e+00
13040     116.113200     461.754288 0.0000000e+00
13041     116.113200     457.754288 0.0000000e+00
13042     116.113200     453.754288 0.0000000e+00
13043     116.113200     449.754288 0.0000000e+00
13044     116.113200     445.754288 0.0000000e+00
13045     116.113200     441.754288 0.0000000e+00
13046     116.113200     437.754288 0.0000000e+00
13047     116.113199     433.754288 0.0000000e+00
13048     116.113198     429.754288 0.0000000e+00
13049     116.113197     425.754288 0.0000000e+00
13050     116.113196     421.754288 0.0000000e+00
13051     116.113195     417.754287 0.0000000e+00
13052     116.113194     413.754287 0.0000000e+00
13053     116.113195     409.754287 0.0000000e+00
13054     116.113195     405.754286 0.0000000e+00
13055     116.113196     401.754287 0.0000000e+00
13056     116.113196     397.754287 0.0000000e+00
13057     116.113197     393.754287 0.0000000e+00
13058     116.113197     389.754287 0.0000000e+00
13059     116.113193     385.754288 0.0000000e+00
13060     116.113185     381.754289 0.0000000e+00
13061     116.113182     377.754287 0.0000000e+00
13062     116.113210     373.754279 0.0000000e+00
13063     116.113364     369.754255 0.0000000e+00
13064     116.113592     365.754238 0.0000000e+00
13065     116.113735     361.754263 0.0000000e+00
13066     116.115394     357.753999 0.0000000e+00
13067     116.118555     353.753520 0.0000000e+00
13068     116.119096     349.752855 0.0000000e+00
13069     116.150917     345.742132 0.0000000e+00
13070     116.181748     341.738697 0.0000000e+00
13071     116.139628     337.795336 0.0000000e+00
13072     116.789872     333.929056 0.0000000e+00
13073     118.792517     331.063744 0.0000000e+00
13074     123.029578     331.273204 0.0000000e+00
13075     127.047401     331.292780 0.0000000e+00
13076     131.099795     331.232003 0.0000000e+00
13077     135.103452     331.246556 0.0000000e+00
13078     133.117401     327.763758 0.0000000e+00
13079     137.135350     327.768162 0.0000000e+00
13080     141.157728     327.779236 0.0000000e+00
13081     145.183868     327.828053 0.0000000e+00
13082     149.208856     327.957750 0.0000000e+00
13083     153.248065     328.195838 0.0000000e+00
13084     157.333662     328.519901 0.0000000e+00
13085     161.470124     328.887043 0.0000000e+00
13086     165.659462     329.270917 0.0000000e+00
13087     169.903615     329.662552 0.0000000e+00
13088     174.204038     330.059903 0.0000000e+00
13089     178.561786     330.462660 0.0000000e+00
13090     182.977739     330.870833 0.0000000e+00
13091     187.452728     331.284506 0.0000000e+00
13092     191.987645     331.703855 0.0000000e+00
13093     196.583661     332.129519 0.0000000e+00
13094     201.242937     332.564158 0.0000000e+00
13095     205.970879     333.016836 0.0000000e+00
13096     210.781130     333.503648 0.0000000e+00
13097     215.709206     333.962704 0.0000000e+00
13098     220.596102     334.947131 0.0000000e+00
13099     225.447431     336.659401 0.0000000e+00
13100     230.268743     338.745490 0.0000000e+00
13101     235.330772     341.077593 0.0000000e+00
13102     240.673783     343.601482 0.0000000e+00
13103     246.335059     346.289856 0.0000000e+00
13104     252.343613     349.141365 0.0000000e+00
13105     258.724446     352.162044 0.0000000e+00
13106     265.504552     355.351467 0.0000000e+00
13107     272.718901     358.696173 0.0000000e+00
13108     280.408982     362.172387 0.0000000e+00
13109     288.632578     365.727798 0.0000000e+00
13110     297.451174     369.307544 0.0000000e+00
13111     306.833735     372.955985 0.0000000e+00
13112     316.718250     376.586215 0.0000000e+00
13113     327.158670     380.247514 0.0000000e+00
13114     338.296316     384.072861 0.0000000e+00
13115     350.115596     388.253272 0.0000000e+00
13116     362.376964     394.083674 0.0000000e+00
13117     377.124985     397.867205 0.0000000e+00
13118     391.310660     401.549982 0.0000000e+00
13119     405.741910     404.926693 0.0000000e+00
13120     421.072612     407.300879 0.0000000e+00
13121     436.611182     409.559250 0.0000000e+00
13122     452.281734     411.643341 0.0000000e+00
13123     468.301904     413.878234 0.0000000e+00
13124     484.663117     416.155302 0.0000000e+00
13125     501.358147     418.476836 0.0000000e+00
13126     518.389410     420.845276 0.0000000e+00
13127     535.763159     423.263678 0.0000000e+00
13128     553.485343     425.737089 0.0000000e+00
13129     571.556708     428.270555 0.0000000e+00
13130     589.989831     430.874099 0.0000000e+00
13131     608.864096     433.609679 0.0000000e+00
13132     627.802851     436.735470 0.0000000e+00
13133     646.720511     439.891140 0.0000000e+00
13134     666.683026     444.985034 0.0000000e+00
13135     685.987408     452.846715 0.0000000e+00
13136     704.499133     457.474098 0.0000000e+00
13137     716.944250     472.329028 0.0000000e+00
13138     715.760204     495.185097 0.0000000e+00
13139     714.666078     520.516924 0.0000000e+00
13140     716.072742     545.409075 0.0000000e+00
13141     715.561708     569.241787 0.0000000e+00
13142     715.287632     591.981178 0.0000000e+00
13143     715.810594     615.051232 0.0000000e+00
13144     715.991557     637.944654 0.0000000e+00
13145     716.283596     660.520851 0.0000000e+00
13146     716.323736     683.161846 0.0000000e+00
13147     716.371096     705.820945 0.0000000e+00
13148     716.478337     728.439347 0.0000000e+00
13149     716.408322     750.576310 0.0000000e+00
13150     713.168156     770.187617 0.0000000e+00
13151     716.336038     789.746001 0.0000000e+00
13152     716.422837     811.803606 0.0000000e+00
13153     716.345764     834.360282 0.0000000e+00
13154     716.333991     856.996954 0.0000000e+00
13155     716.274795     879.545001 0.0000000e+00
13156     715.194463     901.680268 0.0000000e+00
13157     715.249119     924.528126 0.0000000e+00
13158     716.211658     946.449510 0.0000000e+00
13159     716.048387     968.931731 0.0000000e+00
13160     715.969283     991.476706 0.0000000e+00
13161     716.052068    1014.083820 0.0000000e+00
13162     716.183155    1036.855960 0.0000000e+00
13163     716.213347    1059.597920 0.0000000e+00
13164     716.216211    1082.332880 0.0000000e+00
13165     716.238989    1105.193290 0.0000000e+00
13166     716.125941    1128.611150 0.0000000e+00
13167     714.388054    1153.270470 0.0000000e+00
13168     715.513407    1178.746350 0.0000000e+00
13169     715.538539    1202.127900 0.0000000e+00
13170     716.130929    1225.245610 0.0000000e+00
13171     716.231169    1248.062930 0.0000000e+00
13172     716.255608    1270.743630 0.0000000e+00
13173     716.050864    1293.272190 0.0000000e+00
13174     715.983063    1316.013700 0.0000000e+00
13175     716.074070    1338.770440 0.0000000e+00
13176     716.368872    1361.294930 0.0000000e+00
13177     716.476892    1383.753780 0.0000000e+00
13178     716.795016    1405.520100 0.0000000e+00
13179     715.557014    1425.110900 0.0000000e+00
13180     721.432496    1444.519570 0.0000000e+00
13181     701.625218    1439.065350 0.0000000e+00
13182     685.220549    1449.023650 0.0000000e+00
13183     665.541290    1454.717040 0.0000000e+00
13184     645.878431    1459.420950 0.0000000e+00
13185     626.547421    1463.303970 0.0000000e+00
13186     607.498329    1466.508750 0.0000000e+00
13187     588.766557    1469.332330 0.0000000e+00
13188     570.371052    1471.962460 0.0000000e+00
13189     552.324065    1474.491140 0.0000000e+00
13190     534.627478    1476.957300 0.0000000e+00
13191     517.277332    1479.372470 0.0000000e+00
13192     500.267983    1481.740160 0.0000000e+00
13193     483.594399    1484.062980 0.0000000e+00
13194     467.254333    1486.346600 0.0000000e+00
13195     451.251275    1488.607210 0.0000000e+00
13196     435.595873    1490.888080 0.0000000e+00
13197     420.305517    1493.276350 0.0000000e+00
13198     405.408455    1495.801940 0.0000000e+00
13199     390.947392    1498.980260 0.0000000e+00
13200     377.204430    1502.758130 0.0000000e+00
13201     364.392354    1506.853780 0.0000000e+00
13202     352.169791    1510.929220 0.0000000e+00
13203     340.543222    1514.944540 0.0000000e+00
13204     329.472658    1518.830650 0.0000000e+00
13205     318.925739    1522.568310 0.0000000e+00
13206     308.879167    1526.176260 0.0000000e+00
13207     299.326068    1529.637770 0.0000000e+00
13208     290.465735    1532.723920 0.0000000e+00
13209     282.122134    1536.417410 0.0000000e+00
13210     274.736226    1540.342240 0.0000000e+00
13211     267.483448    1543.747730 0.0000000e+00
13212     260.624427    1546.981190 0.0000000e+00
13213     254.167559    1550.047480 0.0000000e+00
13214     248.088083    1552.941290 0.0000000e+00
13215     242.361052    1555.667020 0.0000000e+00
13216     236.959253    1558.227650 0.0000000e+00
13217     231.847790    1560.606190 0.0000000e+00
13218     226.984240    1562.723610 0.0000000e+00
13219     222.257239    1564.425470 0.0000000e+00
13220     217.490206    1565.679700 0.0000000e+00
13221     212.586576    1566.607470 0.0000000e+00
13222     207.746611    1567.122490 0.0000000e+00
13223     202.932396    1567.371430 0.0000000e+00
13224     198.255363    1567.774370 0.0000000e+00
13225     193.656917    1568.196990 0.0000000e+00
13226     189.123183    1568.616670 0.0000000e+00
13227     184.652974    1569.032470 0.0000000e+00
13228     180.265956    1569.429740 0.0000000e+00
13229     176.003551    1569.639620 0.0000000e+00
13230     171.664091    1570.049740 0.0000000e+00
13231     167.552534    1570.629610 0.0000000e+00
13232     163.379325    1571.037830 0.0000000e+00
13233     159.186093    1571.528010 0.0000000e+00
13234     155.075696    1571.863140 0.0000000e+00
13235     150.945573    1572.009390 0.0000000e+00
13236     146.910280    1572.165270 0.0000000e+00
13237     142.897169    1572.244010 0.0000000e+00
13238     138.889315    1572.272190 0.0000000e+00
13239     134.882533    1572.275170 0.0000000e+00
13240     130.876602    1572.270590 0.0000000e+00
13241     126.851277    1572.223620 0.0000000e+00
13242     122.866288    1572.208440 0.0000000e+00
13243     118.832226    1572.195100 0.0000000e+00
13244     114.765343    1572.518730 0.0000000e+00
13245     112.207766    1569.658880 0.0000000e+00
13246     112.485644    1565.820920 0.0000000e+00
13247     112.468554    1561.734000 0.0000000e+00
13248     112.662624    1557.865340 0.0000000e+00
13249     112.717246    1553.965000 0.0000000e+00
13250     112.718106    1550.002550 0.0000000e+00
13251     112.711220    1546.014730 0.0000000e+00
13252     112.704639    1542.013900 0.0000000e+00
13253     112.701817    1538.011420 0.0000000e+00
13254     112.700733    1534.009950 0.0000000e+00
13255     112.700329    1530.009220 0.0000000e+00
13256     112.700210    1526.008940 0.0000000e+00
13257     112.700172    1522.008850 0.0000000e+00
13258     112.700159    1518.008820 0.0000000e+00
13259     112.700156    1514.008810 0.0000000e+00
13260     112.700155    1510.008800 0.0000000e+00
13261     112.700154    1506.008800 0.0000000e+00
13262     112.700154    1502.008800 0.0000000e+00
13263     112.700154    1498.008800 0.0000000e+00
13264     112.700154    1494.008800 0.0000000e+00
13265     112.700154    1490.008800 0.0000000e+00
13266     112.700154    1486.008800 0.0000000e+00
13267     112.700154    1482.008800 0.0000000e+00
13268     112.700154    1478.008800 0.0000000e+00
13269     112.700154    1474.008800 0.0000000e+00
13270     112.700154    1470.008800 0.0000000e+00
13271     112.700153    1466.008800 0.0000000e+00
13272     112.700153    1462.008800 0.0000000e+00
13273     112.700153    1458.008800 0.0000000e+00
13274     112.700153    1454.008800 0.0000000e+00
13275     112.700154    1450.008800 0.0000000e+00
13276     112.700154    1446.008800 0.0000000e+00
13277     112.700154    1442.008800 0.0000000e+00
13278     112.700154    1438.008800 0.0000000e+00
13279     112.700154    1434.008800 0.0000000e+00
13280     112.700154    1430.008800 0.0000000e+00
13281     112.700154    1426.008800 0.0000000e+00
13282     112.700154    1422.008800 0.0000000e+00
13283     112.700154    1418.008800 0.0000000e+00
13284     112.700154    1414.008800 0.0000000e+00
13285     112.700154    1410.008800 0.0000000e+00
13286     112.700154    1406.008800 0.0000000e+00
13287     112.700154    1402.008800 0.0000000e+00
13288     112.700154    1398.008800 0.0000000e+00
13289     112.700154    1394.008800 0.0000000e+00
13290     112.700154    1390.008800 0.0000000e+00
13291     112.700154    1386.008800 0.0000000e+00
13292     112.700154    1382.008800 0.0000000e+00
13293     112.700154    1378.008800 0.0000000e+00
13294     112.700154    1374.008800 0.0000000e+00
13295     112.700154    1370.008800 0.0000000e+00
13296     112.700154    1366.008800 0.0000000e+00
13297     112.700154    1362.008800 0.0000000e+00
13298     112.700154    1358.008800 0.0000000e+00
13299     112.700154    1354.008800 0.0000000e+00
13300     112.700154    1350.008800 0.0000000e+00
13301     112.700154    1346.008800 0.0000000e+00
13302     112.700154    1342.008800 0.0000000e+00
13303     112.700154    1338.008800 0.0000000e+00
13304     112.700154    1334.008800 0.0000000e+00
13305     112.700154    1330.008800 0.0000000e+00
13306     112.700154    1326.008800 0.0000000e+00
13307     112.700154    1322.008800 0.0000000e+00
13308     112.700154    1318.008800 0.0000000e+00
13309     112.700154    1314.008800 0.0000000e+00
13310     112.700154    1310.008800 0.0000000e+00
13311     112.700154    1306.008800 0.0000000e+00
13312     112.700154    1302.008800 0.0000000e+00
13313     112.700154    1298.008800 0.0000000e+00
13314     112.700154    1294.008800 0.0000000e+00
13315     112.700154    1290.008800 0.0000000e+00
13316     112.700154    1286.008800 0.0000000e+00
13317     112.700154    1282.008800 0.0000000e+00
13318     112.700154    1278.008800 0.0000000e+00
13319     112.700154    1274.008800 0.0000000e+00
13320     112.700154    1270.008800 0.0000000e+00
13321     112.700154    1266.008800 0.0000000e+00
13322     112.700154    1262.008800 0.0000000e+00
13323     112.700155    1258.008800 0.0000000e+00
13324     112.700155    1254.008800 0.0000000e+00
13325     112.700155    1250.008800 0.0000000e+00
13326     112.700155    1246.008800 0.0000000e+00
13327     112.700155    1242.008800 0.0000000e+00
13328     112.700155    1238.008800 0.0000000e+00
13329     112.700155    1234.008800 0.0000000e+00
13330     112.700155    1230.008800 0.0000000e+00
13331     112.700155    1226.008800 0.0000000e+00
13332     112.700155    1222.008800 0.0000000e+00
13333     112.700155    1218.008800 0.0000000e+00
13334     112.700155    1214.008800 0.0000000e+00
13335     112.700155    1210.008800 0.0000000e+00
13336     112.700155    1206.008800 0.0000000e+00
13337     112.700155    1202.008800 0.0000000e+00
13338     112.700155    1198.008800 0.0000000e+00
13339     112.700155    1194.008800 0.0000000e+00
13340     112.700155    1190.008800 0.0000000e+00
13341     112.700155    1186.008800 0.0000000e+00
13342     112.700155    1182.008800 0.0000000e+00
13343     112.700155    1178.008800 0.0000000e+00
13344     112.700155    1174.008800 0.0000000e+00
13345     112.700155    1170.008800 0.0000000e+00
13346     112.700155    1166.008800 0.0000000e+00
13347     112.700155    1162.008800 0.0000000e+00
13348     112.700155    1158.008800 0.0000000e+00
13349     112.700155    1154.008800 0.0000000e+00
13350     112.700155    1150.008800 0.0000000e+00
13351     112.700155    1146.008800 0.0000000e+00
13352     112.700155    1142.008800 0.0000000e+00
13353     112.700155    1138.008800 0.0000000e+00
13354     112.700155    1134.008800 0.0000000e+00
13355     112.700155    1130.008800 0.0000000e+00
13356     112.700155    1126.008800 0.0000000e+00
13357     112.700154    1122.008800 0.0000000e+00
13358     112.700154    1118.008800 0.0000000e+00
13359     112.700154    1114.008800 0.0000000e+00
13360     112.700154    1110.008800 0.0000000e+00
13361     112.700154    1106.008800 0.0000000e+00
13362     112.700154    1102.008800 0.0000000e+00
13363     112.700154    1098.008800 0.0000000e+00
13364     112.700155    1094.008800 0.0000000e+00
13365     112.700155    1090.008800 0.0000000e+00
13366     112.700155    1086.008800 0.0000000e+00
13367     112.700155    1082.008800 0.0000000e+00
13368     112.700155    1078.008800 0.0000000e+00
13369     112.700155    1074.008800 0.0000000e+00
13370     112.700155    1070.008800 0.0000000e+00
13371     112.700155    1066.008800 0.0000000e+00
13372     112.700155    1062.008800 0.0000000e+00
13373     112.700155    1058.008800 0.0000000e+00
13374     112.700155    1054.008800 0.0000000e+00
13375     112.700155    1050.008800 0.0000000e+00
13376     112.700155    1046.008800 0.0000000e+00
13377     112.700155    1042.008800 0.0000000e+00
13378     112.700155    1038.008800 0.0000000e+00
13379     112.700155    1034.008800 0.0000000e+00
13380     112.700155    1030.008800 0.0000000e+00
13381     112.700155    1026.008800 0.0000000e+00
13382     112.700155    1022.008800 0.0000000e+00
13383     112.700155    1018.008800 0.0000000e+00
13384     112.700155    1014.008800 0.0000000e+00
13385     112.700155    1010.008800 0.0000000e+00
13386     112.700155    1006.008800 0.0000000e+00
13387     112.700155    1002.008800 0.0000000e+00
13388     112.700155     998.008802 0.0000000e+00
13389     112.700155     994.008802 0.0000000e+00
13390     112.700155     990.008802 0.0000000e+00
13391     112.700155     986.008802 0.0000000e+00
13392     112.700155     982.008802 0.0000000e+00
13393     112.700155     978.008802 0.0000000e+00
13394     112.700155     974.008802 0.0000000e+00
13395     112.700155     970.008802 0.0000000e+00
13396     112.700155     966.008802 0.0000000e+00
13397     112.700155     962.008802 0.0000000e+00
13398     112.700155     958.008802 0.0000000e+00
13399     112.700155     954.008802 0.0000000e+00
13400     112.700155     950.008802 0.0000000e+00
13401     112.700155     946.008802 0.0000000e+00
13402     112.700155     942.008802 0.0000000e+00
13403     112.700155     938.008802 0.0000000e+00
13404     112.700155     934.008802 0.0000000e+00
13405     112.700155     930.008802 0.0000000e+00
13406     112.700155     926.008802 0.0000000e+00
13407     112.700155     922.008802 0.0000000e+00
13408     112.700155     918.008802 0.0000000e+00
13409     112.700155     914.008802 0.0000000e+00
13410     112.700155     910.008802 0.0000000e+00
13411     112.700156     906.008802 0.0000000e+00
13412     112.700156     902.008802 0.0000000e+00
13413     112.700156     898.008802 0.0000000e+00
13414     112.700156     894.008802 0.0000000e+00
13415     112.700156     890.008802 0.0000000e+00
13416     112.700156     886.008802 0.0000000e+00
13417     112.700156     882.008802 0.0000000e+00
13418     112.700156     878.008802 0.0000000e+00
13419     112.700156     874.008802 0.0000000e+00
13420     112.700156     870.008802 0.0000000e+00
13421     112.700156     866.008802 0.0000000e+00
13422     112.700156     862.008802 0.0000000e+00
13423     112.700156     858.008802 0.0000000e+00
13424     112.700156     854.008802 0.0000000e+00
13425     112.700156     850.008802 0.0000000e+00
13426     112.700156     846.008802 0.0000000e+00
13427     112.700156     842.008802 0.0000000e+00
13428     112.700156     838.008802 0.0000000e+00
13429     112.700156     834.008802 0.0000000e+00
13430     112.700156     830.008802 0.0000000e+00
13431     112.700156     826.008802 0.0000000e+00
13432     112.700156     822.008802 0.0000000e+00
13433     112.700156     818.008802 0.0000000e+00
13434     112.700156     814.008802 0.0000000e+00
13435     112.700156     810.008802 0.0000000e+00
13436     112.700156     806.008802 0.0000000e+00
13437     112.700156     802.008802 0.0000000e+00
13438     112.700156     798.008802 0.0000000e+00
13439     112.700156     794.008802 0.0000000e+00
13440     112.700156     790.008802 0.0000000e+00
13441     112.700157     786.008802 0.0000000e+00
13442     112.700156     782.008802 0.0000000e+00
13443     112.700156     778.008802 0.0000000e+00
13444     112.700156     774.008802 0.0000000e+00
13445     112.700156     770.008802 0.0000000e+00
13446     112.700155     766.008802 0.0000000e+00
13447     112.700155     762.008802 0.0000000e+00
13448     112.700155     758.008802 0.0000000e+00
13449     112.700155     754.008802 0.0000000e+00
13450     112.700155     750.008802 0.0000000e+00
13451     112.700155     746.008802 0.0000000e+00
13452     112.700156     742.008802 0.0000000e+00
13453     112.700156     738.008802 0.0000000e+00
13454     112.700156     734.008802 0.0000000e+00
13455     112.700155     730.008802 0.0000000e+00
13456     112.700156     726.008802 0.0000000e+00
13457     112.700156     722.008802 0.0000000e+00
13458     112.700156     718.008802 0.0000000e+00
13459     112.700156     714.008802 0.0000000e+00
13460     112.700156     710.008802 0.0000000e+00
13461     112.700156     706.008802 0.0000000e+00
13462     112.700156     702.008802 0.0000000e+00
13463     112.700156     698.008802 0.0000000e+00
13464     112.700156     694.008802 0.0000000e+00
13465     112.700156     690.008802 0.0000000e+00
13466     112.700156     686.008802 0.0000000e+00
13467     112.700156     682.008802 0.0000000e+00
13468     112.700156     678.008802 0.0000000e+00
13469     112.700156     674.008802 0.0000000e+00
13470     112.700156     670.008802 0.0000000e+00
13471     112.700156     666.008802 0.0000000e+00
13472     112.700156     662.008802 0.0000000e+00
13473     112.700156     658.008802 0.0000000e+00
13474     112.700156     654.008802 0.0000000e+00
13475     112.700156     650.008802 0.0000000e+00
13476     112.700156     646.008802 0.0000000e+00
13477     112.700156     642.008802 0.0000000e+00
13478     112.700156     638.008802 0.0000000e+00
13479     112.700156     634.008802 0.0000000e+00
13480     112.700156     630.008802 0.0000000e+00
13481     112.700156     626.008802 0.0000000e+00
13482     112.700156     622.008802 0.0000000e+00
13483     112.700156     618.008802 0.0000000e+00
13484     112.700156     614.008802 0.0000000e+00
13485     112.700156     610.008802 0.0000000e+00
13486     112.700156     606.008802 0.0000000e+00
13487     112.700156     602.008802 0.0000000e+00
13488     112.700156     598.008802 0.0000000e+00
13489     112.700157     594.008802 0.0000000e+00
13490     112.700157     590.008802 0.0000000e+00
13491     112.700157     586.008802 0.0000000e+00
13492     112.700157     582.008802 0.0000000e+00
13493     112.700157     578.008802 0.0000000e+00
13494     112.700157     574.008802 0.0000000e+00
13495     112.700157     570.008802 0.0000000e+00
13496     112.700157     566.008802 0.0000000e+00
13497     112.700157     562.008802 0.0000000e+00
13498     112.700157     558.008802 0.0000000e+00
13499     112.700157     554.008802 0.0000000e+00
13500     112.700157     550.008802 0.0000000e+00
13501     112.700157     546.008802 0.0000000e+00
13502     112.700157     542.008802 0.0000000e+00
13503     112.700157     538.008802 0.0000000e+00
13504     112.700157     534.008802 0.0000000e+00
13505     112.700157     530.008802 0.0000000e+00
13506     112.700157     526.008802 0.0000000e+00
13507     112.700157     522.008802 0.0000000e+00
13508     112.700157     518.008802 0.0000000e+00
13509     112.700157     514.008802 0.0000000e+00
13510     112.700157     510.008802 0.0000000e+00
13511     112.700157     506.008802 0.0000000e+00
13512     112.700157     502.008802 0.0000000e+00
13513     112.700157     498.008802 0.0000000e+00
13514     112.700158     494.008802 0.0000000e+00
13515     112.700158     490.008802 0.0000000e+00
13516     112.700158     486.008802 0.0000000e+00
13517     112.700158     482.008802 0.0000000e+00
13518     112.700158     478.008802 0.0000000e+00
13519     112.700158     474.008802 0.0000000e+00
13520     112.700158     470.008802 0.0000000e+00
13521     112.700158     466.008802 0.0000000e+00
13522     112.700158     462.008802 0.0000000e+00
13523     112.700158     458.008803 0.0000000e+00
13524     112.700158     454.008803 0.0000000e+00
13525     112.700158     450.008803 0.0000000e+00
13526     112.700158     446.008803 0.0000000e+00
13527     112.700158     442.008803 0.0000000e+00
13528     112.700158     438.008803 0.0000000e+00
13529     112.700158     434.008803 0.0000000e+00
13530     112.700158     430.008803 0.0000000e+00
13531     112.700157     426.008803 0.0000000e+00
13532     112.700157     422.008802 0.0000000e+00
13533     112.700157     418.008802 0.0000000e+00
13534     112.700156     414.008802 0.0000000e+00
13535     112.700156     410.008802 0.0000000e+00
13536     112.700156     406.008802 0.0000000e+00
13537     112.700157     402.008802 0.0000000e+00
13538     112.700157     398.008802 0.0000000e+00
13539     112.700157     394.008802 0.0000000e+00
13540     112.700157     390.008802 0.0000000e+00
13541     112.700157     386.008802 0.0000000e+00
13542     112.700155     382.008802 0.0000000e+00
13543     112.700153     378.008802 0.0000000e+00
13544     112.700158     374.008801 0.0000000e+00
13545     112.700188     370.008800 0.0000000e+00
13546     112.700250     366.008803 0.0000000e+00
13547     112.700302     362.008814 0.0000000e+00
13548     112.700668     358.008800 0.0000000e+00
13549     112.701563     354.008825 0.0000000e+00
13550     112.702009     350.008969 0.0000000e+00
13551     112.710075     346.006437 0.0000000e+00
13552     112.720493     341.993466 0.0000000e+00
13553     112.713984     337.945362 0.0000000e+00
13554     113.006116     333.785596 0.0000000e+00
13555     113.976694     329.583034 0.0000000e+00
13556     117.307847     327.650696 0.0000000e+00
13557     121.145131     327.751751 0.0000000e+00
13558     125.099186     327.778684 0.0000000e+00
13559     129.091994     327.777955 0.0000000e+00
13560     127.064832     324.296688 0.0000000e+00
13561     131.077987     324.299195 0.0000000e+00
13562     135.095988     324.297029 0.0000000e+00
13563     139.114610     324.302125 0.0000000e+00
13564     143.137402     324.323792 0.0000000e+00
13565     147.163329     324.393762 0.0000000e+00
13566     151.191718     324.551108 0.0000000e+00
13567     155.253505     324.801355 0.0000000e+00
13568     159.366430     325.108843 0.0000000e+00
13569     163.531447     325.439709 0.0000000e+00
13570     167.750581     325.779598 0.0000000e+00
13571     172.025501     326.124868 0.0000000e+00
13572     176.357402     326.474880 0.0000000e+00
13573     180.747206     326.829588 0.0000000e+00
13574     185.195745     327.189041 0.0000000e+00
13575     189.703850     327.553327 0.0000000e+00
13576     194.272471     327.922658 0.0000000e+00
13577     198.903430     328.297907 0.0000000e+00
13578     203.604446     328.683275 0.0000000e+00
13579     208.406310     329.095690 0.0000000e+00
13580     213.400328     329.558942 0.0000000e+00
13581     218.832339     329.925627 0.0000000e+00
13582     224.137352     331.513083 0.0000000e+00
13583     229.210997     333.227355 0.0000000e+00
13584     234.380973     335.245873 0.0000000e+00
13585     239.807609     337.456568 0.0000000e+00
13586     245.554248     339.820207 0.0000000e+00
13587     251.658887     342.331432 0.0000000e+00
13588     258.149472     344.996146 0.0000000e+00
13589     265.052000     347.820042 0.0000000e+00
13590     272.398023     350.797018 0.0000000e+00
13591     280.227343     353.901487 0.0000000e+00
13592     288.589786     357.083822 0.0000000e+00
13593     297.545795     360.276807 0.0000000e+00
13594     307.082806     363.468994 0.0000000e+00
13595     317.139314     366.679281 0.0000000e+00
13596     327.719640     369.956155 0.0000000e+00
13597     338.861308     373.351075 0.0000000e+00
13598     350.588989     376.885740 0.0000000e+00
13599     362.573095     380.827937 0.0000000e+00
13600     373.078580     385.938935 0.0000000e+00
13601     386.000117     387.183031 0.0000000e+00
13602     400.056363     390.175753 0.0000000e+00
13603     414.481013     393.343798 0.0000000e+00
13604     429.955843     395.384874 0.0000000e+00
13605     445.191863     396.653818 0.0000000e+00
13606     460.979714     398.566080 0.0000000e+00
13607     477.198014     400.548305 0.0000000e+00
13608     493.772566     402.565172 0.0000000e+00
13609     510.686797     404.621591 0.0000000e+00
13610     527.942211     406.719743 0.0000000e+00
13611     545.544944     408.861993 0.0000000e+00
13612     563.502168     411.051635 0.0000000e+00
13613     581.829736     413.297242 0.0000000e+00
13614     600.599552     415.624294 0.0000000e+00
13615     619.997557     417.706116 0.0000000e+00
13616     639.384817     420.634092 0.0000000e+00
13617     659.566442     425.117282 0.0000000e+00
13618     680.257599     430.346689 0.0000000e+00
13619     701.378570     435.966883 0.0000000e+00
13620     724.425022     445.173320 0.0000000e+00
13621     737.019969     464.249917 0.0000000e+00
13622     736.650289     486.779979 0.0000000e+00
13623     735.728055     510.117931 0.0000000e+00
13624     735.898269     533.699772 0.0000000e+00
13625     736.312665     557.682583 0.0000000e+00
13626     736.287208     581.110607 0.0000000e+00
13627     735.339685     603.831508 0.0000000e+00
13628     735.419199     627.543212 0.0000000e+00
13629     736.587036     650.449275 0.0000000e+00
13630     736.638230     673.770620 0.0000000e+00
13631     736.626461     697.238901 0.0000000e+00
13632     736.634039     720.887029 0.0000000e+00
13633     736.544140     745.082245 0.0000000e+00
13634     734.753977     770.594217 0.0000000e+00
13635     736.540394     796.272121 0.0000000e+00
13636     736.647132     820.478935 0.0000000e+00
13637     736.657126     844.153067 0.0000000e+00
13638     736.750971     867.631822 0.0000000e+00
13639     736.613482     890.632282 0.0000000e+00
13640     733.340644     911.337501 0.0000000e+00
13641     736.621616     931.289538 0.0000000e+00
13642     736.652892     954.090648 0.0000000e+00
13643     736.549748     977.440092 0.0000000e+00
13644     736.543510    1000.819150 0.0000000e+00
13645     736.297954    1024.151150 0.0000000e+00
13646     736.269038    1047.697820 0.0000000e+00
13647     736.367944    1071.293030 0.0000000e+00
13648     736.566504    1094.654070 0.0000000e+00
13649     736.456500    1118.228400 0.0000000e+00
13650     735.814116    1142.112690 0.0000000e+00
13651     735.602815    1165.743370 0.0000000e+00
13652     736.199611    1189.645410 0.0000000e+00
13653     736.383409    1213.242030 0.0000000e+00
13654     736.583184    1236.840060 0.0000000e+00
13655     736.647122    1260.332510 0.0000000e+00
13656     736.622372    1283.599470 0.0000000e+00
13657     735.596774    1306.278250 0.0000000e+00
13658     735.460445    1329.893330 0.0000000e+00
13659     736.601671    1352.822150 0.0000000e+00
13660     736.660391    1376.230250 0.0000000e+00
13661     736.723508    1399.926090 0.0000000e+00
13662     736.087549    1424.123640 0.0000000e+00
13663     741.265578    1447.008970 0.0000000e+00
13664     730.418474    1464.175990 0.0000000e+00
13665     705.683919    1462.333170 0.0000000e+00
13666     683.471059    1468.993910 0.0000000e+00
13667     662.613646    1473.844810 0.0000000e+00
13668     642.699966    1477.821350 0.0000000e+00
13669     623.265788    1481.057610 0.0000000e+00
13670     604.166383    1483.748470 0.0000000e+00
13671     585.417259    1486.153420 0.0000000e+00
13672     567.029193    1488.425170 0.0000000e+00
13673     549.002418    1490.627200 0.0000000e+00
13674     531.330922    1492.780330 0.0000000e+00
13675     514.007459    1494.890210 0.0000000e+00
13676     497.025335    1496.958890 0.0000000e+00
13677     480.379167    1498.988720 0.0000000e+00
13678     464.066109    1500.985540 0.0000000e+00
13679     448.087705    1502.967060 0.0000000e+00
13680     432.459745    1504.983180 0.0000000e+00
13681     417.266234    1507.088230 0.0000000e+00
13682     402.637153    1508.874450 0.0000000e+00
13683     388.138196    1511.892260 0.0000000e+00
13684     375.027965    1515.863620 0.0000000e+00
13685     362.225680    1519.469380 0.0000000e+00
13686     349.990839    1523.089740 0.0000000e+00
13687     338.334935    1526.631220 0.0000000e+00
13688     327.229012    1530.040740 0.0000000e+00
13689     316.650996    1533.322330 0.0000000e+00
13690     306.602499    1536.523650 0.0000000e+00
13691     297.240187    1539.602720 0.0000000e+00
13692     288.952696    1541.289300 0.0000000e+00
13693     282.207423    1545.350580 0.0000000e+00
13694     274.498638    1548.469730 0.0000000e+00
13695     267.071048    1551.452310 0.0000000e+00
13696     260.078032    1554.310180 0.0000000e+00
13697     253.505234    1557.013370 0.0000000e+00
13698     247.324639    1559.559040 0.0000000e+00
13699     241.508786    1561.952360 0.0000000e+00
13700     236.025471    1564.193460 0.0000000e+00
13701     230.831354    1566.252490 0.0000000e+00
13702     225.876725    1568.027260 0.0000000e+00
13703     221.003695    1569.361340 0.0000000e+00
13704     215.987379    1570.264900 0.0000000e+00
13705     210.729831    1571.191300 0.0000000e+00
13706     205.395294    1571.272740 0.0000000e+00
13707     200.541091    1571.631570 0.0000000e+00
13708     195.871710    1572.008360 0.0000000e+00
13709     191.295325    1572.379120 0.0000000e+00
13710     186.785972    1572.747550 0.0000000e+00
13711     182.344353    1573.124680 0.0000000e+00
13712     178.038740    1573.461660 0.0000000e+00
13713     174.158553    1573.202410 0.0000000e+00
13714     170.493888    1574.106950 0.0000000e+00
13715     166.333633    1574.460480 0.0000000e+00
13716     162.029734    1574.808790 0.0000000e+00
13717     157.539039    1575.434330 0.0000000e+00
13718     152.996992    1575.415490 0.0000000e+00
13719     148.838264    1575.592680 0.0000000e+00
13720     144.794441    1575.696390 0.0000000e+00
13721     140.778199    1575.736850 0.0000000e+00
13722     136.771012    1575.747960 0.0000000e+00
13723     132.767257    1575.748880 0.0000000e+00
13724     128.760968    1575.737240 0.0000000e+00
13725     124.765445    1575.730260 0.0000000e+00
13726     120.785702    1575.721780 0.0000000e+00
13727     116.883955    1575.803950 0.0000000e+00
13728     113.134386    1576.008480 0.0000000e+00
13729     110.497078    1573.737410 0.0000000e+00
13730     108.510189    1570.333010 0.0000000e+00
13731     109.091908    1566.249330 0.0000000e+00
13732     109.170027    1562.265580 0.0000000e+00
13733     109.204808    1558.240490 0.0000000e+00
13734     109.259351    1554.271850 0.0000000e+00
13735     109.276854    1550.299890 0.0000000e+00
13736     109.278523    1546.312000 0.0000000e+00
13737     109.277168    1542.316040 0.0000000e+00
13738     109.275658    1538.316340 0.0000000e+00
13739     109.274901    1534.315880 0.0000000e+00
13740     109.274586    1530.315540 0.0000000e+00
13741     109.274465    1526.315360 0.0000000e+00
13742     109.274425    1522.315280 0.0000000e+00
13743     109.274413    1518.315260 0.0000000e+00
13744     109.274408    1514.315250 0.0000000e+00
13745     109.274407    1510.315240 0.0000000e+00
13746     109.274407    1506.315240 0.0000000e+00
13747     109.274407    1502.315240 0.0000000e+00
13748     109.274407    1498.315240 0.0000000e+00
13749     109.274407    1494.315240 0.0000000e+00
13750     109.274407    1490.315240 0.0000000e+00
13751     109.274407    1486.315240 0.0000000e+00
13752     109.274407    1482.315240 0.0000000e+00
13753     109.274407    1478.315240 0.0000000e+00
13754     109.274407    1474.315240 0.0000000e+00
13755     109.274407    1470.315240 0.0000000e+00
13756     109.274407    1466.315240 0.0000000e+00
13757     109.274406    1462.315240 0.0000000e+00
13758     109.274406    1458.315240 0.0000000e+00
13759     109.274406    1454.315240 0.0000000e+00
13760     109.274407    1450.315240 0.0000000e+00
13761     109.274407    1446.315240 0.0000000e+00
13762     109.274407    1442.315240 0.0000000e+00
13763     109.274407    1438.315240 0.0000000e+00
13764     109.274407    1434.315240 0.0000000e+00
13765     109.274407    1430.315240 0.0000000e+00
13766     109.274407    1426.315240 0.0000000e+00
13767     109.274407    1422.315240 0.0000000e+00
13768     109.274407    1418.315240 0.0000000e+00
13769     109.274407    1414.315240 0.0000000e+00
13770     109.274407    1410.315240 0.0000000e+00
13771     109.274407    1406.315240 0.0000000e+00
13772     109.274407    1402.315240 0.0000000e+00
13773     109.274407    1398.315240 0.0000000e+00
13774     109.274407    1394.315240 0.0000000e+00
13775     109.274407    1390.315240 0.0000000e+00
13776     109.274407    1386.315240 0.0000000e+00
13777     109.274407    1382.315240 0.0000000e+00
13778     109.274407    1378.315240 0.0000000e+00
13779     109.274407    1374.315240 0.0000000e+00
13780     109.274407    1370.315240 0.0000000e+00
13781     109.274407    1366.315240 0.0000000e+00
13782     109.274407    1362.315240 0.0000000e+00
13783     109.274407    1358.315240 0.0000000e+00
13784     109.274407    1354.315240 0.0000000e+00
13785     109.274407    1350.315240 0.0000000e+00
13786     109.274407    1346.315240 0.0000000e+00
13787     109.274407    1342.315240 0.0000000e+00
13788     109.274407    1338.315240 0.0000000e+00
13789     109.274407    1334.315240 0.0000000e+00
13790     109.274407    1330.315240 0.0000000e+00
13791     109.274407    1326.315240 0.0000000e+00
13792     109.274407    1322.315240 0.0000000e+00
13793     109.274407    1318.315240 0.0000000e+00
13794     109.274407    1314.315240 0.0000000e+00
13795     109.274407    1310.315240 0.0000000e+00
13796     109.274407    1306.315240 0.0000000e+00
13797     109.274407    1302.315240 0.0000000e+00
13798     109.274407    1298.315240 0.0000000e+00
13799     109.274407    1294.315240 0.0000000e+00
13800     109.274407    1290.315240 0.0000000e+00
13801     109.274407    1286.315240 0.0000000e+00
13802     109.274407    1282.315240 0.0000000e+00
13803     109.274407    1278.315240 0.0000000e+00
13804     109.274407    1274.315240 0.0000000e+00
13805     109.274407    1270.315240 0.0000000e+00
13806     109.274407    1266.315240 0.0000000e+00
13807     109.274407    1262.315240 0.0000000e+00
13808     109.274407    1258.315240 0.0000000e+00
13809     109.274407    1254.315240 0.0000000e+00
13810     109.274407    1250.315240 0.0000000e+00
13811     109.274407    1246.315240 0.0000000e+00
13812     109.274407    1242.315240 0.0000000e+00
13813     109.274407    1238.315240 0.0000000e+00
13814     109.274407    1234.315240 0.0000000e+00
13815     109.274407    1230.315240 0.0000000e+00
13816     109.274407    1226.315240 0.0000000e+00
13817     109.274407    1222.315240 0.0000000e+00
13818     109.274407    1218.315240 0.0000000e+00
13819     109.274407    1214.315240 0.0000000e+00
13820     109.274407    1210.315240 0.0000000e+00
13821     109.274407    1206.315240 0.0000000e+00
13822     109.274407    1202.315240 0.0000000e+00
13823     109.274407    1198.315240 0.0000000e+00
13824     109.274407    1194.315240 0.0000000e+00
13825     109.274407    1190.315240 0.0000000e+00
13826     109.274407    1186.315240 0.0000000e+00
13827     109.274407    1182.315240 0.0000000e+00
13828     109.274407    1178.315240 0.0000000e+00
13829     109.274407    1174.315240 0.0000000e+00
13830     109.274407    1170.315240 0.0000000e+00
13831     109.274407    1166.315240 0.0000000e+00
13832     109.274407    1162.315240 0.0000000e+00
13833     109.274407    1158.315240 0.0000000e+00
13834     109.274407    1154.315240 0.0000000e+00
13835     109.274407    1150.315240 0.0000000e+00
13836     109.274407    1146.315240 0.0000000e+00
13837     109.274407    1142.315240 0.0000000e+00
13838     109.274407    1138.315240 0.0000000e+00
13839     109.274407    1134.315240 0.0000000e+00
13840     109.274407    1130.315240 0.0000000e+00
13841     109.274407    1126.315240 0.0000000e+00
13842     109.274407    1122.315240 0.0000000e+00
13843     109.274407    1118.315240 0.0000000e+00
13844     109.274407    1114.315240 0.0000000e+00
13845     109.274407    1110.315240 0.0000000e+00
13846     109.274407    1106.315240 0.0000000e+00
13847     109.274407    1102.315240 0.0000000e+00
13848     109.274407    1098.315240 0.0000000e+00
13849     109.274407    1094.315240 0.0000000e+00
13850     109.274407    1090.315240 0.0000000e+00
13851     109.274407    1086.315240 0.0000000e+00
13852     109.274407    1082.315240 0.0000000e+00
13853     109.274407    1078.315240 0.0000000e+00
13854     109.274407    1074.315240 0.0000000e+00
13855     109.274407    1070.315240 0.0000000e+00
13856     109.274407    1066.315240 0.0000000e+00
13857     109.274407    1062.315240 0.0000000e+00
13858     109.274407    1058.315240 0.0000000e+00
13859     109.274407    1054.315240 0.0000000e+00
13860     109.274407    1050.315240 0.0000000e+00
13861     109.274407    1046.315240 0.0000000e+00
13862     109.274407    1042.315240 0.0000000e+00
13863     109.274407    1038.315240 0.0000000e+00
13864     109.274407    1034.315240 0.0000000e+00
13865     109.274407    1030.315240 0.0000000e+00
13866     109.274407    1026.315240 0.0000000e+00
13867     109.274407    1022.315240 0.0000000e+00
13868     109.274407    1018.315240 0.0000000e+00
13869     109.274407    1014.315240 0.0000000e+00
13870     109.274407    1010.315240 0.0000000e+00
13871     109.274407    1006.315240 0.0000000e+00
13872     109.274407    1002.315240 0.0000000e+00
13873     109.274407     998.315243 0.0000000e+00
13874     109.274407     994.315243 0.0000000e+00
13875     109.274407     990.315243 0.0000000e+00
13876     109.274407     986.315243 0.0000000e+00
13877     109.274407     982.315243 0.0000000e+00
13878     109.274407     978.315243 0.0000000e+00
13879     109.274407     974.315243 0.0000000e+00
13880     109.274407     970.315243 0.0000000e+00
13881     109.274407     966.315243 0.0000000e+00
13882     109.274407     962.315243 0.0000000e+00
13883     109.274407     958.315243 0.0000000e+00
13884     109.274407     954.315243 0.0000000e+00
13885     109.274407     950.315243 0.0000000e+00
13886     109.274407     946.315243 0.0000000e+00
13887     109.274407     942.315243 0.0000000e+00
13888     109.274407     938.315243 0.0000000e+00
13889     109.274407     934.315243 0.0000000e+00
13890     109.274407     930.315243 0.0000000e+00
13891     109.274407     926.315243 0.0000000e+00
13892     109.274407     922.315243 0.0000000e+00
13893     109.274407     918.315243 0.0000000e+00
13894     109.274407     914.315243 0.0000000e+00
13895     109.274407     910.315243 0.0000000e+00
13896     109.274407     906.315243 0.0000000e+00
13897     109.274407     902.315243 0.0000000e+00
13898     109.274407     898.315243 0.0000000e+00
13899     109.274407     894.315243 0.0000000e+00
13900     109.274407     890.315243 0.0000000e+00
13901     109.274407     886.315243 0.0000000e+00
13902     109.274407     882.315243 0.0000000e+00
13903     109.274407     878.315243 0.0000000e+00
13904     109.274407     874.315243 0.0000000e+00
13905     109.274407     870.315243 0.0000000e+00
13906     109.274407     866.315243 0.0000000e+00
13907     109.274407     862.315243 0.0000000e+00
13908     109.274407     858.315243 0.0000000e+00
13909     109.274407     854.315243 0.0000000e+00
13910     109.274407     850.315243 0.0000000e+00
13911     109.274407     846.315243 0.0000000e+00
13912     109.274407     842.315243 0.0000000e+00
13913     109.274407     838.315243 0.0000000e+00
13914     109.274407     834.315243 0.0000000e+00
13915     109.274407     830.315243 0.0000000e+00
13916     109.274407     826.315243 0.0000000e+00
13917     109.274407     822.315243 0.0000000e+00
13918     109.274407     818.315243 0.0000000e+00
13919     109.274407     814.315243 0.0000000e+00
13920     109.274407     810.315243 0.0000000e+00
13921     109.274407     806.315243 0.0000000e+00
13922     109.274407     802.315243 0.0000000e+00
13923     109.274407     798.315243 0.0000000e+00
13924     109.274407     794.315243 0.0000000e+00
13925     109.274407     790.315243 0.0000000e+00
13926     109.274407     786.315243 0.0000000e+00
13927     109.274407     782.315243 0.0000000e+00
13928     109.274407     778.315243 0.0000000e+00
13929     109.274407     774.315243 0.0000000e+00
13930     109.274407     770.315243 0.0000000e+00
13931     109.274407     766.315243 0.0000000e+00
13932     109.274407     762.315243 0.0000000e+00
13933     109.274407     758.315243 0.0000000e+00
13934     109.274407     754.315243 0.0000000e+00
13935     109.274407     750.315243 0.0000000e+00
13936     109.274407     746.315243 0.0000000e+00
13937     109.274407     742.315243 0.0000000e+00
13938     109.274407     738.315243 0.0000000e+00
13939     109.274407     734.315243 0.0000000e+00
13940     109.274407     730.315243 0.0000000e+00
13941     109.274407     726.315243 0.0000000e+00
13942     109.274407     722.315243 0.0000000e+00
13943     109.274407     718.315243 0.0000000e+00
13944     109.274407     714.315243 0.0000000e+00
13945     109.274407     710.315243 0.0000000e+00
13946     109.274407     706.315243 0.0000000e+00
13947     109.274407     702.315243 0.0000000e+00
13948     109.274407     698.315243 0.0000000e+00
13949     109.274407     694.315243 0.0000000e+00
13950     109.274407     690.315243 0.0000000e+00
13951     109.274407     686.315243 0.0000000e+00
13952     109.274407     682.315243 0.0000000e+00
13953     109.274407     678.315243 0.0000000e+00
13954     109.274407     674.315243 0.0000000e+00
13955     109.274407     670.315243 0.0000000e+00
13956     109.274407     666.315243 0.0000000e+00
13957     109.274407     662.315243 0.0000000e+00
13958     109.274407     658.315243 0.0000000e+00
13959     109.274407     654.315243 0.0000000e+00
13960     109.274407     650.315243 0.0000000e+00
13961     109.274407     646.315243 0.0000000e+00
13962     109.274407     642.315243 0.0000000e+00
13963     109.274407     638.315243 0.0000000e+00
13964     109.274407     634.315243 0.0000000e+00
13965     109.274407     630.315243 0.0000000e+00
13966     109.274407     626.315243 0.0000000e+00
13967     109.274407     622.315243 0.0000000e+00
13968     109.274407     618.315243 0.0000000e+00
13969     109.274407     614.315243 0.0000000e+00
13970     109.274407     610.315243 0.0000000e+00
13971     109.274407     606.315243 0.0000000e+00
13972     109.274407     602.315243 0.0000000e+00
13973     109.274407     598.315243 0.0000000e+00
13974     109.274407     594.315243 0.0000000e+00
13975     109.274407     590.315243 0.0000000e+00
13976     109.274407     586.315243 0.0000000e+00
13977     109.274408     582.315243 0.0000000e+00
13978     109.274408     578.315243 0.0000000e+00
13979     109.274408     574.315243 0.0000000e+00
13980     109.274408     570.315243 0.0000000e+00
13981     109.274408     566.315243 0.0000000e+00
13982     109.274408     562.315243 0.0000000e+00
13983     109.274408     558.315243 0.0000000e+00
13984     109.274408     554.315243 0.0000000e+00
13985     109.274408     550.315243 0.0000000e+00
13986     109.274408     546.315243 0.0000000e+00
13987     109.274408     542.315243 0.0000000e+00
13988     109.274408     538.315243 0.0000000e+00
13989     109.274408     534.315243 0.0000000e+00
13990     109.274408     530.315243 0.0000000e+00
13991     109.274408     526.315243 0.0000000e+00
13992     109.274408     522.315243 0.0000000e+00
13993     109.274408     518.315243 0.0000000e+00
13994     109.274408     514.315243 0.0000000e+00
13995     109.274408     510.315243 0.0000000e+00
13996     109.274408     506.315243 0.0000000e+00
13997     109.274408     502.315243 0.0000000e+00
13998     109.274408     498.315243 0.0000000e+00
13999     109.274408     494.315243 0.0000000e+00
14000     109.274408     490.315243 0.0000000e+00
14001     109.274408     486.315243 0.0000000e+00
14002     109.274408     482.315243 0.0000000e+00
14003     109.274408     478.315243 0.0000000e+00
14004     109.274408     474.315243 0.0000000e+00
14005     109.274408     470.315243 0.0000000e+00
14006     109.274408     466.315243 0.0000000e+00
14007     109.274408     462.315243 0.0000000e+00
14008     109.274408     458.315243 0.0000000e+00
14009     109.274408     454.315243 0.0000000e+00
14010     109.274408     450.315243 0.0000000e+00
14011     109.274408     446.315243 0.0000000e+00
14012     109.274408     442.315243 0.0000000e+00
14013     109.274408     438.315243 0.0000000e+00
14014     109.274408     434.315243 0.0000000e+00
14015     109.274408     430.315243 0.0000000e+00
14016     109.274408     426.315243 0.0000000e+00
14017     109.274408     422.315243 0.0000000e+00
14018     109.274408     418.315243 0.0000000e+00
14019     109.274407     414.315243 0.0000000e+00
14020     109.274407     410.315243 0.0000000e+00
14021     109.274407     406.315243 0.0000000e+00
14022     109.274407     402.315243 0.0000000e+00
14023     109.274408     398.315243 0.0000000e+00
14024     109.274408     394.315243 0.0000000e+00
14025     109.274408     390.315243 0.0000000e+00
14026     109.274408     386.315243 0.0000000e+00
14027     109.274407     382.315243 0.0000000e+00
14028     109.274407     378.315243 0.0000000e+00
14029     109.274407     374.315243 0.0000000e+00
14030     109.274413     370.315243 0.0000000e+00
14031     109.274428     366.315243 0.0000000e+00
14032     109.274445     362.315245 0.0000000e+00
14033     109.274522     358.315242 0.0000000e+00
14034     109.274752     354.315237 0.0000000e+00
14035     109.274948     350.315271 0.0000000e+00
14036     109.276906     346.314757 0.0000000e+00
14037     109.280532     342.310611 0.0000000e+00
14038     109.281845     338.284779 0.0000000e+00
14039     109.385908     334.167462 0.0000000e+00
14040     109.850060     329.872260 0.0000000e+00
14041     110.451797     325.426540 0.0000000e+00
14042     114.684131     324.905198 0.0000000e+00
14043     118.975124     324.266377 0.0000000e+00
14044     123.045013     324.284021 0.0000000e+00
14045     121.014899     320.829143 0.0000000e+00
14046     125.039190     320.826976 0.0000000e+00
14047     129.044693     320.829981 0.0000000e+00
14048     133.046185     320.831080 0.0000000e+00
14049     137.048684     320.832194 0.0000000e+00
14050     141.053194     320.840617 0.0000000e+00
14051     145.061142     320.873036 0.0000000e+00
14052     149.068757     320.962877 0.0000000e+00
14053     153.090178     321.137259 0.0000000e+00
14054     157.157395     321.380386 0.0000000e+00
14055     161.275323     321.656254 0.0000000e+00
14056     165.445896     321.943871 0.0000000e+00
14057     169.671168     322.236900 0.0000000e+00
14058     173.952588     322.534111 0.0000000e+00
14059     178.291179     322.835351 0.0000000e+00
14060     182.687793     323.140649 0.0000000e+00
14061     187.143241     323.450058 0.0000000e+00
14062     191.658364     323.763673 0.0000000e+00
14063     196.234271     324.081790 0.0000000e+00
14064     200.873489     324.406057 0.0000000e+00
14065     205.580878     324.744470 0.0000000e+00
14066     210.347903     325.119510 0.0000000e+00
14067     215.086360     325.529836 0.0000000e+00
14068     219.415652     325.346637 0.0000000e+00
14069     223.594657     326.791944 0.0000000e+00
14070     228.442290     328.091343 0.0000000e+00
14071     233.606184     329.737691 0.0000000e+00
14072     239.065943     331.612488 0.0000000e+00
14073     244.856742     333.637862 0.0000000e+00
14074     251.015288     335.795753 0.0000000e+00
14075     257.572481     338.088048 0.0000000e+00
14076     264.555915     340.522558 0.0000000e+00
14077     271.995907     343.102905 0.0000000e+00
14078     279.931934     345.813443 0.0000000e+00
14079     288.413252     348.608200 0.0000000e+00
14080     297.497088     351.414085 0.0000000e+00
14081     307.168668     354.197409 0.0000000e+00
14082     317.370719     356.986133 0.0000000e+00
14083     328.102923     359.841477 0.0000000e+00
14084     339.401010     362.810854 0.0000000e+00
14085     351.366577     365.935564 0.0000000e+00
14086     364.213195     369.391330 0.0000000e+00
14087     378.133794     373.877795 0.0000000e+00
14088     393.936199     375.951097 0.0000000e+00
14089     408.921083     378.405736 0.0000000e+00
14090     422.281175     382.289413 0.0000000e+00
14091     435.809534     381.742769 0.0000000e+00
14092     451.157260     383.341389 0.0000000e+00
14093     467.178087     385.066152 0.0000000e+00
14094     483.586278     386.789140 0.0000000e+00
14095     500.331239     388.535048 0.0000000e+00
14096     517.412768     390.313869 0.0000000e+00
14097     534.837707     392.128571 0.0000000e+00
14098     552.615616     393.981512 0.0000000e+00
14099     570.777973     395.881301 0.0000000e+00
14100     589.450246     397.869383 0.0000000e+00
14101     608.978991     399.941937 0.0000000e+00
14102     630.235089     401.030168 0.0000000e+00
14103     651.930882     405.726456 0.0000000e+00
14104     672.932561     409.745098 0.0000000e+00
14105     694.212529     414.233482 0.0000000e+00
14106     716.201107     420.140595 0.0000000e+00
14107     738.090576     425.766499 0.0000000e+00
14108     759.753832     427.450979 0.0000000e+00
14109     753.126694     448.874921 0.0000000e+00
14110     757.691234     474.662912 0.0000000e+00
14111     757.511126     499.465495 0.0000000e+00
14112     757.323738     523.772575 0.0000000e+00
14113     757.426048     548.098630 0.0000000e+00
14114     757.656290     572.457691 0.0000000e+00
14115     757.621621     596.162349 0.0000000e+00
14116     754.248087     617.065075 0.0000000e+00
14117     757.679772     638.233242 0.0000000e+00
14118     757.805194     661.974421 0.0000000e+00
14119     757.710047     686.194016 0.0000000e+00
14120     757.653921     710.512189 0.0000000e+00
14121     757.538323     734.941318 0.0000000e+00
14122     756.864494     759.641169 0.0000000e+00
14123     756.888687     783.989459 0.0000000e+00
14124     757.556530     808.775303 0.0000000e+00
14125     757.665368     833.313935 0.0000000e+00
14126     757.705279     857.876792 0.0000000e+00
14127     757.614735     882.987449 0.0000000e+00
14128     755.448636     909.556143 0.0000000e+00
14129     757.142971     935.944137 0.0000000e+00
14130     757.351235     961.093159 0.0000000e+00
14131     757.603135     985.456735 0.0000000e+00
14132     757.575991    1009.633400 0.0000000e+00
14133     756.470522    1033.294030 0.0000000e+00
14134     756.523098    1057.764520 0.0000000e+00
14135     757.614995    1081.304810 0.0000000e+00
14136     757.590308    1105.430180 0.0000000e+00
14137     757.389663    1129.805650 0.0000000e+00
14138     757.248071    1154.102370 0.0000000e+00
14139     757.336507    1178.333050 0.0000000e+00
14140     757.536730    1202.712200 0.0000000e+00
14141     757.611025    1227.055550 0.0000000e+00
14142     757.680320    1251.406640 0.0000000e+00
14143     757.786141    1275.679490 0.0000000e+00
14144     757.712929    1299.344930 0.0000000e+00
14145     754.317179    1320.184370 0.0000000e+00
14146     757.685631    1341.379240 0.0000000e+00
14147     757.795929    1365.131900 0.0000000e+00
14148     757.682641    1389.375540 0.0000000e+00
14149     757.405746    1413.753600 0.0000000e+00
14150     758.629407    1437.804250 0.0000000e+00
14151     757.638822    1464.519100 0.0000000e+00
14152     742.413876    1481.469640 0.0000000e+00
14153     716.988029    1481.886280 0.0000000e+00
14154     695.279970    1485.211560 0.0000000e+00
14155     674.132834    1489.866610 0.0000000e+00
14156     653.785395    1493.679950 0.0000000e+00
14157     634.059093    1496.774890 0.0000000e+00
14158     614.686153    1499.281210 0.0000000e+00
14159     595.672402    1501.434170 0.0000000e+00
14160     577.035365    1503.423820 0.0000000e+00
14161     558.772317    1505.337560 0.0000000e+00
14162     540.873455    1507.204510 0.0000000e+00
14163     523.329041    1509.032830 0.0000000e+00
14164     506.130914    1510.824930 0.0000000e+00
14165     489.272190    1512.582220 0.0000000e+00
14166     472.747314    1514.307010 0.0000000e+00
14167     456.552191    1516.006630 0.0000000e+00
14168     440.684633    1517.712180 0.0000000e+00
14169     425.185168    1519.518480 0.0000000e+00
14170     410.339494    1521.395390 0.0000000e+00
14171     397.145757    1521.467790 0.0000000e+00
14172     385.104607    1525.914470 0.0000000e+00
14173     371.892175    1528.969150 0.0000000e+00
14174     359.071837    1532.085610 0.0000000e+00
14175     346.848134    1535.213160 0.0000000e+00
14176     335.205961    1538.244460 0.0000000e+00
14177     324.108582    1541.155600 0.0000000e+00
14178     313.480776    1543.983120 0.0000000e+00
14179     303.116607    1546.811570 0.0000000e+00
14180     292.515289    1549.286090 0.0000000e+00
14181     283.302917    1553.070890 0.0000000e+00
14182     274.948429    1555.967330 0.0000000e+00
14183     267.267613    1558.628070 0.0000000e+00
14184     260.108700    1561.133080 0.0000000e+00
14185     253.398881    1563.487490 0.0000000e+00
14186     247.098955    1565.698520 0.0000000e+00
14187     241.176711    1567.772450 0.0000000e+00
14188     235.594525    1569.705660 0.0000000e+00
14189     230.306315    1571.456920 0.0000000e+00
14190     225.274961    1572.906040 0.0000000e+00
14191     220.382017    1573.910570 0.0000000e+00
14192     215.636547    1574.538840 0.0000000e+00
14193     211.545315    1575.531070 0.0000000e+00
14194     207.218988    1575.223960 0.0000000e+00
14195     202.569516    1575.527440 0.0000000e+00
14196     197.915558    1575.862480 0.0000000e+00
14197     193.315510    1576.185690 0.0000000e+00
14198     188.771766    1576.502100 0.0000000e+00
14199     184.254114    1576.819090 0.0000000e+00
14200     179.666295    1577.126000 0.0000000e+00
14201     174.790936    1577.146310 0.0000000e+00
14202     170.153345    1577.791150 0.0000000e+00
14203     165.805785    1578.099960 0.0000000e+00
14204     161.708307    1578.380980 0.0000000e+00
14205     158.197084    1579.145100 0.0000000e+00
14206     154.504761    1578.839990 0.0000000e+00
14207     150.534381    1579.010380 0.0000000e+00
14208     146.533336    1579.138540 0.0000000e+00
14209     142.525541    1579.193580 0.0000000e+00
14210     138.519688    1579.210880 0.0000000e+00
14211     134.516529    1579.214850 0.0000000e+00
14212     130.513977    1579.212900 0.0000000e+00
14213     126.513205    1579.210700 0.0000000e+00
14214     122.509952    1579.209180 0.0000000e+00
14215     118.489984    1579.235420 0.0000000e+00
14216     114.359327    1579.272970 0.0000000e+00
14217     109.881328    1578.313420 0.0000000e+00
14218     105.847130    1578.756360 0.0000000e+00
14219     106.487610    1574.536880 0.0000000e+00
14220     105.219825    1570.436810 0.0000000e+00
14221     105.649141    1566.684490 0.0000000e+00
14222     105.755420    1562.801800 0.0000000e+00
14223     105.777224    1558.842690 0.0000000e+00
14224     105.791248    1554.849220 0.0000000e+00
14225     105.805301    1550.859190 0.0000000e+00
14226     105.810511    1546.866710 0.0000000e+00
14227     105.811412    1542.870080 0.0000000e+00
14228     105.811257    1538.871250 0.0000000e+00
14229     105.810945    1534.871430 0.0000000e+00
14230     105.810761    1530.871360 0.0000000e+00
14231     105.810678    1526.871290 0.0000000e+00
14232     105.810644    1522.871250 0.0000000e+00
14233     105.810632    1518.871230 0.0000000e+00
14234     105.810628    1514.871230 0.0000000e+00
14235     105.810627    1510.871220 0.0000000e+00
14236     105.810627    1506.871220 0.0000000e+00
14237     105.810626    1502.871220 0.0000000e+00
14238     105.810626    1498.871220 0.0000000e+00
14239     105.810626    1494.871220 0.0000000e+00
14240     105.810626    1490.871220 0.0000000e+00
14241     105.810626    1486.871220 0.0000000e+00
14242     105.810626    1482.871220 0.0000000e+00
14243     105.810626    1478.871220 0.0000000e+00
14244     105.810626    1474.871220 0.0000000e+00
14245     105.810626    1470.871220 0.0000000e+00
14246     105.810626    1466.871220 0.0000000e+00
14247     105.810626    1462.871220 0.0000000e+00
14248     105.810626    1458.871220 0.0000000e+00
14249     105.810626    1454.871220 0.0000000e+00
14250     105.810626    1450.871220 0.0000000e+00
14251     105.810626    1446.871220 0.0000000e+00
14252     105.810626    1442.871220 0.0000000e+00
14253     105.810626    1438.871220 0.0000000e+00
14254     105.810626    1434.871220 0.0000000e+00
14255     105.810626    1430.871220 0.0000000e+00
14256     105.810626    1426.871220 0.0000000e+00
14257     105.810626    1422.871220 0.0000000e+00
14258     105.810626    1418.871220 0.0000000e+00
14259     105.810626    1414.871220 0.0000000e+00
14260     105.810626    1410.871220 0.0000000e+00
14261     105.810626    1406.871220 0.0000000e+00
14262     105.810626    1402.871220 0.0000000e+00
14263     105.810626    1398.871220 0.0000000e+00
14264     105.810626    1394.871220 0.0000000e+00
14265     105.810626    1390.871220 0.0000000e+00
14266     105.810626    1386.871220 0.0000000e+00
14267     105.810626    1382.871220 0.0000000e+00
14268     105.810626    1378.871220 0.0000000e+00
14269     105.810626    1374.871220 0.0000000e+00
14270     105.810626    1370.871220 0.0000000e+00
14271     105.810626    1366.871220 0.0000000e+00
14272     105.810626    1362.871220 0.0000000e+00
14273     105.810626    1358.871220 0.0000000e+00
14274     105.810626    1354.871220 0.0000000e+00
14275     105.810626    1350.871220 0.0000000e+00
14276     105.810626    1346.871220 0.0000000e+00
14277     105.810626    1342.871220 0.0000000e+00
14278     105.810626    1338.871220 0.0000000e+00
14279     105.810626    1334.871220 0.0000000e+00
14280     105.810626    1330.871220 0.0000000e+00
14281     105.810626    1326.871220 0.0000000e+00
14282     105.810626    1322.871220 0.0000000e+00
14283     105.810626    1318.871220 0.0000000e+00
14284     105.810626    1314.871220 0.0000000e+00
14285     105.810626    1310.871220 0.0000000e+00
14286     105.810626    1306.871220 0.0000000e+00
14287     105.810626    1302.871220 0.0000000e+00
14288     105.810626    1298.871220 0.0000000e+00
14289     105.810626    1294.871220 0.0000000e+00
14290     105.810626    1290.871220 0.0000000e+00
14291     105.810626    1286.871220 0.0000000e+00
14292     105.810626    1282.871220 0.0000000e+00
14293     105.810626    1278.871220 0.0000000e+00
14294     105.810626    1274.871220 0.0000000e+00
14295     105.810626    1270.871220 0.0000000e+00
14296     105.810626    1266.871220 0.0000000e+00
14297     105.810626    1262.871220 0.0000000e+00
14298     105.810626    1258.871220 0.0000000e+00
14299     105.810626    1254.871220 0.0000000e+00
14300     105.810626    1250.871220 0.0000000e+00
14301     105.810626    1246.871220 0.0000000e+00
14302     105.810626    1242.871220 0.0000000e+00
14303     105.810626    1238.871220 0.0000000e+00
14304     105.810626    1234.871220 0.0000000e+00
14305     105.810626    1230.871220 0.0000000e+00
14306     105.810626    1226.871220 0.0000000e+00
14307     105.810626    1222.871220 0.0000000e+00
14308     105.810626    1218.871220 0.0000000e+00
14309     105.810626    1214.871220 0.0000000e+00
14310     105.810626    1210.871220 0.0000000e+00
14311     105.810626    1206.871220 0.0000000e+00
14312     105.810626    1202.871220 0.0000000e+00
14313     105.810626    1198.871220 0.0000000e+00
14314     105.810627    1194.871220 0.0000000e+00
14315     105.810627    1190.871220 0.0000000e+00
14316     105.810627    1186.871220 0.0000000e+00
14317     105.810627    1182.871220 0.0000000e+00
14318     105.810627    1178.871220 0.0000000e+00
14319     105.810627    1174.871220 0.0000000e+00
14320     105.810627    1170.871220 0.0000000e+00
14321     105.810627    1166.871220 0.0000000e+00
14322     105.810627    1162.871220 0.0000000e+00
14323     105.810627    1158.871220 0.0000000e+00
14324     105.810627    1154.871220 0.0000000e+00
14325     105.810627    1150.871220 0.0000000e+00
14326     105.810627    1146.871220 0.0000000e+00
14327     105.810627    1142.871220 0.0000000e+00
14328     105.810627    1138.871220 0.0000000e+00
14329     105.810627    1134.871220 0.0000000e+00
14330     105.810627    1130.871220 0.0000000e+00
14331     105.810627    1126.871220 0.0000000e+00
14332     105.810626    1122.871220 0.0000000e+00
14333     105.810626    1118.871220 0.0000000e+00
14334     105.810626    1114.871220 0.0000000e+00
14335     105.810626    1110.871220 0.0000000e+00
14336     105.810626    1106.871220 0.0000000e+00
14337     105.810626    1102.871220 0.0000000e+00
14338     105.810626    1098.871220 0.0000000e+00
14339     105.810626    1094.871220 0.0000000e+00
14340     105.810626    1090.871220 0.0000000e+00
14341     105.810626    1086.871220 0.0000000e+00
14342     105.810626    1082.871220 0.0000000e+00
14343     105.810626    1078.871220 0.0000000e+00
14344     105.810626    1074.871220 0.0000000e+00
14345     105.810626    1070.871220 0.0000000e+00
14346     105.810626    1066.871220 0.0000000e+00
14347     105.810626    1062.871220 0.0000000e+00
14348     105.810626    1058.871220 0.0000000e+00
14349     105.810627    1054.871220 0.0000000e+00
14350     105.810627    1050.871220 0.0000000e+00
14351     105.810627    1046.871220 0.0000000e+00
14352     105.810627    1042.871220 0.0000000e+00
14353     105.810627    1038.871220 0.0000000e+00
14354     105.810627    1034.871220 0.0000000e+00
14355     105.810627    1030.871220 0.0000000e+00
14356     105.810627    1026.871220 0.0000000e+00
14357     105.810627    1022.871220 0.0000000e+00
14358     105.810627    1018.871220 0.0000000e+00
14359     105.810627    1014.871220 0.0000000e+00
14360     105.810627    1010.871220 0.0000000e+00
14361     105.810627    1006.871220 0.0000000e+00
14362     105.810627    1002.871220 0.0000000e+00
14363     105.810627     998.871223 0.0000000e+00
14364     105.810627     994.871223 0.0000000e+00
14365     105.810627     990.871223 0.0000000e+00
14366     105.810627     986.871223 0.0000000e+00
14367     105.810627     982.871223 0.0000000e+00
14368     105.810627     978.871223 0.0000000e+00
14369     105.810627     974.871223 0.0000000e+00
14370     105.810627     970.871223 0.0000000e+00
14371     105.810627     966.871223 0.0000000e+00
14372     105.810627     962.871223 0.0000000e+00
14373     105.810627     958.871223 0.0000000e+00
14374     105.810627     954.871223 0.0000000e+00
14375     105.810627     950.871223 0.0000000e+00
14376     105.810627     946.871223 0.0000000e+00
14377     105.810627     942.871223 0.0000000e+00
14378     105.810627     938.871223 0.0000000e+00
14379     105.810627     934.871223 0.0000000e+00
14380     105.810627     930.871223 0.0000000e+00
14381     105.810627     926.871223 0.0000000e+00
14382     105.810627     922.871223 0.0000000e+00
14383     105.810627     918.871223 0.0000000e+00
14384     105.810627     914.871223 0.0000000e+00
14385     105.810627     910.871223 0.0000000e+00
14386     105.810627     906.871223 0.0000000e+00
14387     105.810627     902.871223 0.0000000e+00
14388     105.810627     898.871223 0.0000000e+00
14389     105.810627     894.871223 0.0000000e+00
14390     105.810627     890.871223 0.0000000e+00
14391     105.810627     886.871223 0.0000000e+00
14392     105.810627     882.871223 0.0000000e+00
14393     105.810627     878.871223 0.0000000e+00
14394     105.810627     874.871223 0.0000000e+00
14395     105.810627     870.871223 0.0000000e+00
14396     105.810627     866.871223 0.0000000e+00
14397     105.810627     862.871223 0.0000000e+00
14398     105.810627     858.871223 0.0000000e+00
14399     105.810627     854.871223 0.0000000e+00
14400     105.810627     850.871223 0.0000000e+00
14401     105.810627     846.871223 0.0000000e+00
14402     105.810627     842.871223 0.0000000e+00
14403     105.810627     838.871223 0.0000000e+00
14404     105.810627     834.871223 0.0000000e+00
14405     105.810627     830.871223 0.0000000e+00
14406     105.810627     826.871223 0.0000000e+00
14407     105.810627     822.871223 0.0000000e+00
14408     105.810627     818.871223 0.0000000e+00
14409     105.810627     814.871223 0.0000000e+00
14410     105.810627     810.871223 0.0000000e+00
14411     105.810627     806.871223 0.0000000e+00
14412     105.810627     802.871223 0.0000000e+00
14413     105.810627     798.871223 0.0000000e+00
14414     105.810627     794.871223 0.0000000e+00
14415     105.810627     790.871223 0.0000000e+00
14416     105.810627     786.871223 0.0000000e+00
14417     105.810627     782.871223 0.0000000e+00
14418     105.810627     778.871223 0.0000000e+00
14419     105.810627     774.871223 0.0000000e+00
14420     105.810627     770.871223 0.0000000e+00
14421     105.810627     766.871223 0.0000000e+00
14422     105.810627     762.871223 0.0000000e+00
14423     105.810627     758.871223 0.0000000e+00
14424     105.810627     754.871223 0.0000000e+00
14425     105.810627     750.871223 0.0000000e+00
14426     105.810627     746.871223 0.0000000e+00
14427     105.810627     742.871223 0.0000000e+00
14428     105.810627     738.871223 0.0000000e+00
14429     105.810627     734.871223 0.0000000e+00
14430     105.810627     730.871223 0.0000000e+00
14431     105.810627     726.871223 0.0000000e+00
14432     105.810627     722.871223 0.0000000e+00
14433     105.810627     718.871223 0.0000000e+00
14434     105.810627     714.871223 0.0000000e+00
14435     105.810627     710.871223 0.0000000e+00
14436     105.810627     706.871223 0.0000000e+00
14437     105.810627     702.871223 0.0000000e+00
14438     105.810627     698.871223 0.0000000e+00
14439     105.810627     694.871223 0.0000000e+00
14440     105.810627     690.871223 0.0000000e+00
14441     105.810627     686.871223 0.0000000e+00
14442     105.810627     682.871223 0.0000000e+00
14443     105.810627     678.871223 0.0000000e+00
14444     105.810627     674.871223 0.0000000e+00
14445     105.810627     670.871223 0.0000000e+00
14446     105.810627     666.871223 0.0000000e+00
14447     105.810627     662.871223 0.0000000e+00
14448     105.810627     658.871223 0.0000000e+00
14449     105.810627     654.871223 0.0000000e+00
14450     105.810627     650.871223 0.0000000e+00
14451     105.810627     646.871223 0.0000000e+00
14452     105.810627     642.871223 0.0000000e+00
14453     105.810627     638.871223 0.0000000e+00
14454     105.810627     634.871223 0.0000000e+00
14455     105.810627     630.871223 0.0000000e+00
14456     105.810627     626.871223 0.0000000e+00
14457     105.810627     622.871223 0.0000000e+00
14458     105.810627     618.871223 0.0000000e+00
14459     105.810627     614.871223 0.0000000e+00
14460     105.810627     610.871223 0.0000000e+00
14461     105.810627     606.871223 0.0000000e+00
14462     105.810627     602.871223 0.0000000e+00
14463     105.810627     598.871223 0.0000000e+00
14464     105.810627     594.871223 0.0000000e+00
14465     105.810627     590.871223 0.0000000e+00
14466     105.810627     586.871223 0.0000000e+00
14467     105.810627     582.871223 0.0000000e+00
14468     105.810627     578.871223 0.0000000e+00
14469     105.810627     574.871223 0.0000000e+00
14470     105.810627     570.871223 0.0000000e+00
14471     105.810627     566.871223 0.0000000e+00
14472     105.810627     562.871223 0.0000000e+00
14473     105.810627     558.871223 0.0000000e+00
14474     105.810627     554.871223 0.0000000e+00
14475     105.810627     550.871223 0.0000000e+00
14476     105.810627     546.871223 0.0000000e+00
14477     105.810627     542.871223 0.0000000e+00
14478     105.810627     538.871223 0.0000000e+00
14479     105.810627     534.871223 0.0000000e+00
14480     105.810627     530.871223 0.0000000e+00
14481     105.810627     526.871223 0.0000000e+00
14482     105.810627     522.871223 0.0000000e+00
14483     105.810627     518.871223 0.0000000e+00
14484     105.810627     514.871223 0.0000000e+00
14485     105.810627     510.871223 0.0000000e+00
14486     105.810627     506.871223 0.0000000e+00
14487     105.810627     502.871223 0.0000000e+00
14488     105.810627     498.871223 0.0000000e+00
14489     105.810627     494.871223 0.0000000e+00
14490     105.810627     490.871223 0.0000000e+00
14491     105.810627     486.871223 0.0000000e+00
14492     105.810627     482.871223 0.0000000e+00
14493     105.810627     478.871223 0.0000000e+00
14494     105.810627     474.871223 0.0000000e+00
14495     105.810627     470.871223 0.0000000e+00
14496     105.810627     466.871223 0.0000000e+00
14497     105.810627     462.871223 0.0000000e+00
14498     105.810627     458.871223 0.0000000e+00
14499     105.810627     454.871223 0.0000000e+00
14500     105.810627     450.871223 0.0000000e+00
14501     105.810627     446.871223 0.0000000e+00
14502     105.810627     442.871223 0.0000000e+00
14503     105.810627     438.871223 0.0000000e+00
14504     105.810627     434.871223 0.0000000e+00
14505     105.810627     430.871223 0.0000000e+00
14506     105.810627     426.871223 0.0000000e+00
14507     105.810627     422.871223 0.0000000e+00
14508     105.810627     418.871223 0.0000000e+00
14509     105.810627     414.871223 0.0000000e+00
14510     105.810627     410.871223 0.0000000e+00
14511     105.810627     406.871223 0.0000000e+00
14512     105.810627     402.871223 0.0000000e+00
14513     105.810627     398.871223 0.0000000e+00
14514     105.810627     394.871223 0.0000000e+00
14515     105.810627     390.871223 0.0000000e+00
14516     105.810627     386.871223 0.0000000e+00
14517     105.810627     382.871223 0.0000000e+00
14518     105.810627     378.871223 0.0000000e+00
14519     105.810627     374.871223 0.0000000e+00
14520     105.810627     370.871222 0.0000000e+00
14521     105.810631     366.871222 0.0000000e+00
14522     105.810636     362.871222 0.0000000e+00
14523     105.810651     358.871221 0.0000000e+00
14524     105.810705     354.871216 0.0000000e+00
14525     105.810770     350.871217 0.0000000e+00
14526     105.811219     346.871121 0.0000000e+00
14527     105.812342     342.870693 0.0000000e+00
14528     105.813940     338.866460 0.0000000e+00
14529     105.846464     334.833862 0.0000000e+00
14530     106.012162     330.716954 0.0000000e+00
14531     106.312470     326.500603 0.0000000e+00
14532     106.170438     322.261936 0.0000000e+00
14533     109.437434     321.084615 0.0000000e+00
14534     112.974085     321.308821 0.0000000e+00
14535     116.904661     321.011904 0.0000000e+00
14536     114.996226     317.502966 0.0000000e+00
14537     119.004066     317.415524 0.0000000e+00
14538     123.035057     317.365387 0.0000000e+00
14539     127.041509     317.363183 0.0000000e+00
14540     131.039902     317.363627 0.0000000e+00
14541     135.036631     317.364252 0.0000000e+00
14542     139.034415     317.366830 0.0000000e+00
14543     143.034832     317.379529 0.0000000e+00
14544     147.037388     317.423899 0.0000000e+00
14545     151.041986     317.531333 0.0000000e+00
14546     155.079162     317.709117 0.0000000e+00
14547     159.167001     317.929079 0.0000000e+00
14548     163.306274     318.164973 0.0000000e+00
14549     167.499262     318.406796 0.0000000e+00
14550     171.747762     318.652325 0.0000000e+00
14551     176.052968     318.901215 0.0000000e+00
14552     180.415789     319.153459 0.0000000e+00
14553     184.837043     319.409094 0.0000000e+00
14554     189.317533     319.668173 0.0000000e+00
14555     193.858141     319.930807 0.0000000e+00
14556     198.460163     320.197508 0.0000000e+00
14557     203.125784     320.470548 0.0000000e+00
14558     207.854051     320.755998 0.0000000e+00
14559     212.620750     321.051987 0.0000000e+00
14560     217.365919     321.203361 0.0000000e+00
14561     222.310654     321.798139 0.0000000e+00
14562     227.101316     322.945626 0.0000000e+00
14563     232.216874     324.258482 0.0000000e+00
14564     237.664576     325.785280 0.0000000e+00
14565     243.454438     327.458156 0.0000000e+00
14566     249.618419     329.248940 0.0000000e+00
14567     256.188850     331.153426 0.0000000e+00
14568     263.195250     333.176180 0.0000000e+00
14569     270.665385     335.325918 0.0000000e+00
14570     278.632432     337.601562 0.0000000e+00
14571     287.141224     339.971328 0.0000000e+00
14572     296.251717     342.364295 0.0000000e+00
14573     305.971892     344.728683 0.0000000e+00
14574     316.232041     347.074945 0.0000000e+00
14575     327.024072     349.468082 0.0000000e+00
14576     338.369359     351.953639 0.0000000e+00
14577     350.294514     354.557635 0.0000000e+00
14578     362.855807     357.330235 0.0000000e+00
14579     376.129279     360.472147 0.0000000e+00
14580     390.150045     363.015420 0.0000000e+00
14581     405.736845     364.958766 0.0000000e+00
14582     422.564554     368.063087 0.0000000e+00
14583     439.578042     368.598190 0.0000000e+00
14584     455.944225     369.979201 0.0000000e+00
14585     472.298202     371.414740 0.0000000e+00
14586     488.880578     372.856781 0.0000000e+00
14587     505.769601     374.322253 0.0000000e+00
14588     522.992120     375.816181 0.0000000e+00
14589     540.560694     377.340581 0.0000000e+00
14590     558.488981     378.900358 0.0000000e+00
14591     576.798560     380.518694 0.0000000e+00
14592     595.450932     382.244718 0.0000000e+00
14593     614.075904     383.926488 0.0000000e+00
14594     631.221431     382.909465 0.0000000e+00
14595     648.333124     387.525080 0.0000000e+00
14596     668.124596     390.479944 0.0000000e+00
14597     689.052818     393.892593 0.0000000e+00
14598     710.804364     397.981320 0.0000000e+00
14599     733.014162     402.245476 0.0000000e+00
14600     755.464274     405.880204 0.0000000e+00
14601     778.729682     412.984422 0.0000000e+00
14602     779.036938     438.623727 0.0000000e+00
14603     778.187570     462.375266 0.0000000e+00
14604     779.372236     487.937867 0.0000000e+00
14605     779.363853     513.253121 0.0000000e+00
14606     779.324582     538.469519 0.0000000e+00
14607     779.355882     563.865604 0.0000000e+00
14608     779.297774     589.917346 0.0000000e+00
14609     777.410274     617.424210 0.0000000e+00
14610     779.346866     644.849573 0.0000000e+00
14611     779.469886     670.769393 0.0000000e+00
14612     779.448612     696.158967 0.0000000e+00
14613     779.416960     721.422179 0.0000000e+00
14614     779.232320     746.705522 0.0000000e+00
14615     779.142598     771.835051 0.0000000e+00
14616     779.255854     796.964470 0.0000000e+00
14617     779.435105     822.219836 0.0000000e+00
14618     779.459860     847.475367 0.0000000e+00
14619     779.388282     872.790497 0.0000000e+00
14620     778.662344     898.164815 0.0000000e+00
14621     777.618057     922.489788 0.0000000e+00
14622     778.106443     948.295899 0.0000000e+00
14623     779.402733     973.116405 0.0000000e+00
14624     779.574449     998.158628 0.0000000e+00
14625     779.483201    1022.775500 0.0000000e+00
14626     775.982183    1044.800200 0.0000000e+00
14627     779.545789    1066.349260 0.0000000e+00
14628     779.334534    1090.729760 0.0000000e+00
14629     779.150638    1115.904270 0.0000000e+00
14630     779.198581    1141.156410 0.0000000e+00
14631     779.395549    1166.113700 0.0000000e+00
14632     779.418317    1191.202030 0.0000000e+00
14633     779.447118    1216.377110 0.0000000e+00
14634     779.442496    1241.593850 0.0000000e+00
14635     779.443891    1267.000830 0.0000000e+00
14636     779.343186    1293.052680 0.0000000e+00
14637     777.445573    1320.582430 0.0000000e+00
14638     779.355378    1347.970350 0.0000000e+00
14639     779.462767    1373.876180 0.0000000e+00
14640     779.376762    1399.238000 0.0000000e+00
14641     779.608083    1424.155770 0.0000000e+00
14642     779.394504    1448.981140 0.0000000e+00
14643     780.796573    1471.490310 0.0000000e+00
14644     770.285336    1490.366160 0.0000000e+00
14645     749.530696    1499.845360 0.0000000e+00
14646     727.178483    1500.385490 0.0000000e+00
14647     705.227829    1503.255150 0.0000000e+00
14648     684.028656    1506.681400 0.0000000e+00
14649     663.350731    1510.102520 0.0000000e+00
14650     643.339124    1512.944240 0.0000000e+00
14651     623.771904    1515.213150 0.0000000e+00
14652     604.549326    1517.097120 0.0000000e+00
14653     585.702993    1518.794730 0.0000000e+00
14654     567.235870    1520.411340 0.0000000e+00
14655     549.138883    1521.983740 0.0000000e+00
14656     531.401628    1523.522260 0.0000000e+00
14657     514.015273    1525.029840 0.0000000e+00
14658     496.972306    1526.507710 0.0000000e+00
14659     480.266177    1527.957010 0.0000000e+00
14660     463.890389    1529.380350 0.0000000e+00
14661     447.825569    1530.788840 0.0000000e+00
14662     431.982420    1532.231530 0.0000000e+00
14663     416.081066    1533.785450 0.0000000e+00
14664     399.462869    1534.824280 0.0000000e+00
14665     383.984395    1538.528810 0.0000000e+00
14666     370.024649    1541.312830 0.0000000e+00
14667     357.044903    1544.023560 0.0000000e+00
14668     344.774969    1546.664120 0.0000000e+00
14669     333.110419    1549.195850 0.0000000e+00
14670     321.997109    1551.616500 0.0000000e+00
14671     311.359962    1553.937940 0.0000000e+00
14672     301.066277    1556.088240 0.0000000e+00
14673     291.616768    1558.495360 0.0000000e+00
14674     282.763897    1561.213540 0.0000000e+00
14675     274.496768    1563.607140 0.0000000e+00
14676     266.773065    1565.848810 0.0000000e+00
14677     259.537959    1567.956670 0.0000000e+00
14678     252.753002    1569.934530 0.0000000e+00
14679     246.386726    1571.788990 0.0000000e+00
14680     240.406778    1573.524170 0.0000000e+00
14681     234.774953    1575.130970 0.0000000e+00
14682     229.452132    1576.556300 0.0000000e+00
14683     224.412627    1577.674320 0.0000000e+00
14684     219.541016    1578.426500 0.0000000e+00
14685     214.831527    1579.062900 0.0000000e+00
14686     209.971298    1579.416380 0.0000000e+00
14687     205.292209    1579.482110 0.0000000e+00
14688     200.621154    1579.739580 0.0000000e+00
14689     195.990753    1580.009960 0.0000000e+00
14690     191.415612    1580.274850 0.0000000e+00
14691     186.892709    1580.532770 0.0000000e+00
14692     182.396763    1580.771110 0.0000000e+00
14693     177.881706    1580.912550 0.0000000e+00
14694     173.520055    1581.158920 0.0000000e+00
14695     169.191919    1581.527790 0.0000000e+00
14696     164.991734    1581.793200 0.0000000e+00
14697     160.964546    1582.192760 0.0000000e+00
14698     156.817631    1582.445730 0.0000000e+00
14699     152.823209    1582.455970 0.0000000e+00
14700     148.827755    1582.577420 0.0000000e+00
14701     144.828569    1582.647260 0.0000000e+00
14702     140.824944    1582.671900 0.0000000e+00
14703     136.822326    1582.678400 0.0000000e+00
14704     132.820783    1582.679260 0.0000000e+00
14705     128.820157    1582.678750 0.0000000e+00
14706     124.819303    1582.677760 0.0000000e+00
14707     120.814242    1582.679770 0.0000000e+00
14708     116.769373    1582.673800 0.0000000e+00
14709     112.597664    1582.428480 0.0000000e+00
14710     108.670561    1582.291690 0.0000000e+00
14711     104.535570    1582.730850 0.0000000e+00
14712     101.825325    1579.860640 0.0000000e+00
14713     102.539809    1575.676170 0.0000000e+00
14714     102.310100    1571.752370 0.0000000e+00
14715     102.140948    1567.542060 0.0000000e+00
14716     102.263622    1563.577980 0.0000000e+00
14717     102.297965    1559.617090 0.0000000e+00
14718     102.307902    1555.634060 0.0000000e+00
14719     102.312997    1551.639490 0.0000000e+00
14720     102.316624    1547.643030 0.0000000e+00
14721     102.318071    1543.645180 0.0000000e+00
14722     102.318404    1539.646140 0.0000000e+00
14723     102.318414    1535.646470 0.0000000e+00
14724     102.318357    1531.646540 0.0000000e+00
14725     102.318316    1527.646540 0.0000000e+00
14726     102.318296    1523.646520 0.0000000e+00
14727     102.318288    1519.646510 0.0000000e+00
14728     102.318285    1515.646510 0.0000000e+00
14729     102.318284    1511.646510 0.0000000e+00
14730     102.318283    1507.646510 0.0000000e+00
14731     102.318283    1503.646510 0.0000000e+00
14732     102.318283    1499.646510 0.0000000e+00
14733     102.318283    1495.646510 0.0000000e+00
14734     102.318283    1491.646510 0.0000000e+00
14735     102.318283    1487.646510 0.0000000e+00
14736     102.318283    1483.646510 0.0000000e+00
14737     102.318283    1479.646510 0.0000000e+00
14738     102.318283    1475.646510 0.0000000e+00
14739     102.318283    1471.646510 0.0000000e+00
14740     102.318283    1467.646510 0.0000000e+00
14741     102.318283    1463.646510 0.0000000e+00
14742     102.318283    1459.646510 0.0000000e+00
14743     102.318283    1455.646510 0.0000000e+00
14744     102.318283    1451.646510 0.0000000e+00
14745     102.318283    1447.646510 0.0000000e+00
14746     102.318283    1443.646510 0.0000000e+00
14747     102.318283    1439.646510 0.0000000e+00
14748     102.318283    1435.646510 0.0000000e+00
14749     102.318283    1431.646510 0.0000000e+00
14750     102.318283    1427.646510 0.0000000e+00
14751     102.318283    1423.646510 0.0000000e+00
14752     102.318283    1419.646510 0.0000000e+00
14753     102.318283    1415.646510 0.0000000e+00
14754     102.318283    1411.646510 0.0000000e+00
14755     102.318283    1407.646510 0.0000000e+00
14756     102.318283    1403.646510 0.0000000e+00
14757     102.318283    1399.646510 0.0000000e+00
14758     102.318283    1395.646510 0.0000000e+00
14759     102.318283    1391.646510 0.0000000e+00
14760     102.318283    1387.646510 0.0000000e+00
14761     102.318283    1383.646510 0.0000000e+00
14762     102.318283    1379.646510 0.0000000e+00
14763     102.318283    1375.646510 0.0000000e+00
14764     102.318283    1371.646510 0.0000000e+00
14765     102.318283    1367.646510 0.0000000e+00
14766     102.318283    1363.646510 0.0000000e+00
14767     102.318283    1359.646510 0.0000000e+00
14768     102.318283    1355.646510 0.0000000e+00
14769     102.318283    1351.646510 0.0000000e+00
14770     102.318283    1347.646510 0.0000000e+00
14771     102.318283    1343.646510 0.0000000e+00
14772     102.318283    1339.646510 0.0000000e+00
14773     102.318283    1335.646510 0.0000000e+00
14774     102.318283    1331.646510 0.0000000e+00
14775     102.318283    1327.646510 0.0000000e+00
14776     102.318283    1323.646510 0.0000000e+00
14777     102.318283    1319.646510 0.0000000e+00
14778     102.318283    1315.646510 0.0000000e+00
14779     102.318283    1311.646510 0.0000000e+00
14780     102.318283    1307.646510 0.0000000e+00
14781     102.318283    1303.646510 0.0000000e+00
14782     102.318283    1299.646510 0.0000000e+00
14783     102.318283    1295.646510 0.0000000e+00
14784     102.318283    1291.646510 0.0000000e+00
14785     102.318283    1287.646510 0.0000000e+00
14786     102.318283    1283.646510 0.0000000e+00
14787     102.318283    1279.646510 0.0000000e+00
14788     102.318283    1275.646510 0.0000000e+00
14789     102.318283    1271.646510 0.0000000e+00
14790     102.318283    1267.646510 0.0000000e+00
14791     102.318283    1263.646510 0.0000000e+00
14792     102.318283    1259.646510 0.0000000e+00
14793     102.318283    1255.646510 0.0000000e+00
14794     102.318283    1251.646510 0.0000000e+00
14795     102.318283    1247.646510 0.0000000e+00
14796     102.318283    1243.646510 0.0000000e+00
14797     102.318283    1239.646510 0.0000000e+00
14798     102.318283    1235.646510 0.0000000e+00
14799     102.318283    1231.646510 0.0000000e+00
14800     102.318283    1227.646510 0.0000000e+00
14801     102.318283    1223.646510 0.0000000e+00
14802     102.318283    1219.646510 0.0000000e+00
14803     102.318283    1215.646510 0.0000000e+00
14804     102.318283    1211.646510 0.0000000e+00
14805     102.318283    1207.646510 0.0000000e+00
14806     102.318283    1203.646510 0.0000000e+00
14807     102.318283    1199.646510 0.0000000e+00
14808     102.318283    1195.646510 0.0000000e+00
14809     102.318283    1191.646510 0.0000000e+00
14810     102.318283    1187.646510 0.0000000e+00
14811     102.318283    1183.646510 0.0000000e+00
14812     102.318283    1179.646510 0.0000000e+00
14813     102.318283    1175.646510 0.0000000e+00
14814     102.318283    1171.646510 0.0000000e+00
14815     102.318283    1167.646510 0.0000000e+00
14816     102.318283    1163.646510 0.0000000e+00
14817     102.318283    1159.646510 0.0000000e+00
14818     102.318283    1155.646510 0.0000000e+00
14819     102.318283    1151.646510 0.0000000e+00
14820     102.318283    1147.646510 0.0000000e+00
14821     102.318283    1143.646510 0.0000000e+00
14822     102.318283    1139.646510 0.0000000e+00
14823     102.318283    1135.646510 0.0000000e+00
14824     102.318283    1131.646510 0.0000000e+00
14825     102.318283    1127.646510 0.0000000e+00
14826     102.318283    1123.646510 0.0000000e+00
14827     102.318283    1119.646510 0.0000000e+00
14828     102.318283    1115.646510 0.0000000e+00
14829     102.318283    1111.646510 0.0000000e+00
14830     102.318283    1107.646510 0.0000000e+00
14831     102.318283    1103.646510 0.0000000e+00
14832     102.318283    1099.646510 0.0000000e+00
14833     102.318283    1095.646510 0.0000000e+00
14834     102.318283    1091.646510 0.0000000e+00
14835     102.318283    1087.646510 0.0000000e+00
14836     102.318283    1083.646510 0.0000000e+00
14837     102.318283    1079.646510 0.0000000e+00
14838     102.318283    1075.646510 0.0000000e+00
14839     102.318283    1071.646510 0.0000000e+00
14840     102.318283    1067.646510 0.0000000e+00
14841     102.318283    1063.646510 0.0000000e+00
14842     102.318283    1059.646510 0.0000000e+00
14843     102.318283    1055.646510 0.0000000e+00
14844     102.318283    1051.646510 0.0000000e+00
14845     102.318283    1047.646510 0.0000000e+00
14846     102.318283    1043.646510 0.0000000e+00
14847     102.318283    1039.646510 0.0000000e+00
14848     102.318283    1035.646510 0.0000000e+00
14849     102.318283    1031.646510 0.0000000e+00
14850     102.318283    1027.646510 0.0000000e+00
14851     102.318283    1023.646510 0.0000000e+00
14852     102.318283    1019.646510 0.0000000e+00
14853     102.318283    1015.646510 0.0000000e+00
14854     102.318283    1011.646510 0.0000000e+00
14855     102.318283    1007.646510 0.0000000e+00
14856     102.318283    1003.646510 0.0000000e+00
14857     102.318283     999.646506 0.0000000e+00
14858     102.318283     995.646506 0.0000000e+00
14859     102.318283     991.646506 0.0000000e+00
14860     102.318283     987.646506 0.0000000e+00
14861     102.318283     983.646506 0.0000000e+00
14862     102.318283     979.646506 0.0000000e+00
14863     102.318283     975.646506 0.0000000e+00
14864     102.318283     971.646506 0.0000000e+00
14865     102.318283     967.646506 0.0000000e+00
14866     102.318283     963.646506 0.0000000e+00
14867     102.318283     959.646506 0.0000000e+00
14868     102.318283     955.646506 0.0000000e+00
14869     102.318283     951.646506 0.0000000e+00
14870     102.318283     947.646506 0.0000000e+00
14871     102.318283     943.646506 0.0000000e+00
14872     102.318283     939.646506 0.0000000e+00
14873     102.318283     935.646506 0.0000000e+00
14874     102.318283     931.646506 0.0000000e+00
14875     102.318283     927.646506 0.0000000e+00
14876     102.318283     923.646506 0.0000000e+00
14877     102.318283     919.646506 0.0000000e+00
14878     102.318283     915.646506 0.0000000e+00
14879     102.318283     911.646506 0.0000000e+00
14880     102.318283     907.646506 0.0000000e+00
14881     102.318283     903.646506 0.0000000e+00
14882     102.318283     899.646506 0.0000000e+00
14883     102.318283     895.646506 0.0000000e+00
14884     102.318283     891.646506 0.0000000e+00
14885     102.318283     887.646506 0.0000000e+00
14886     102.318283     883.646506 0.0000000e+00
14887     102.318283     879.646506 0.0000000e+00
14888     102.318283     875.646506 0.0000000e+00
14889     102.318283     871.646506 0.0000000e+00
14890     102.318283     867.646506 0.0000000e+00
14891     102.318283     863.646506 0.0000000e+00
14892     102.318283     859.646506 0.0000000e+00
14893     102.318283     855.646506 0.0000000e+00
14894     102.318283     851.646506 0.0000000e+00
14895     102.318283     847.646506 0.0000000e+00
14896     102.318283     843.646506 0.0000000e+00
14897     102.318283     839.646506 0.0000000e+00
14898     102.318283     835.646506 0.0000000e+00
14899     102.318283     831.646506 0.0000000e+00
14900     102.318283     827.646506 0.0000000e+00
14901     102.318283     823.646506 0.0000000e+00
14902     102.318283     819.646506 0.0000000e+00
14903     102.318283     815.646506 0.0000000e+00
14904     102.318283     811.646506 0.0000000e+00
14905     102.318283     807.646506 0.0000000e+00
14906     102.318283     803.646506 0.0000000e+00
14907     102.318283     799.646506 0.0000000e+00
14908     102.318283     795.646506 0.0000000e+00
14909     102.318283     791.646506 0.0000000e+00
14910     102.318283     787.646506 0.0000000e+00
14911     102.318283     783.646506 0.0000000e+00
14912     102.318283     779.646506 0.0000000e+00
14913     102.318283     775.646506 0.0000000e+00
14914     102.318283     771.646506 0.0000000e+00
14915     102.318283     767.646506 0.0000000e+00
14916     102.318283     763.646506 0.0000000e+00
14917     102.318283     759.646506 0.0000000e+00
14918     102.318283     755.646506 0.0000000e+00
14919     102.318283     751.646506 0.0000000e+00
14920     102.318283     747.646506 0.0000000e+00
14921     102.318283     743.646506 0.0000000e+00
14922     102.318283     739.646506 0.0000000e+00
14923     102.318283     735.646506 0.0000000e+00
14924     102.318283     731.646506 0.0000000e+00
14925     102.318283     727.646506 0.0000000e+00
14926     102.318283     723.646506 0.0000000e+00
14927     102.318283     719.646506 0.0000000e+00
14928     102.318283     715.646506 0.0000000e+00
14929     102.318283     711.646506 0.0000000e+00
14930     102.318283     707.646506 0.0000000e+00
14931     102.318283     703.646506 0.0000000e+00
14932     102.318283     699.646506 0.0000000e+00
14933     102.318283     695.646506 0.0000000e+00
14934     102.318283     691.646506 0.0000000e+00
14935     102.318283     687.646506 0.0000000e+00
14936     102.318283     683.646506 0.0000000e+00
14937     102.318283     679.646506 0.0000000e+00
14938     102.318283     675.646506 0.0000000e+00
14939     102.318283     671.646506 0.0000000e+00
14940     102.318283     667.646506 0.0000000e+00
14941     102.318283     663.646506 0.0000000e+00
14942     102.318283     659.646506 0.0000000e+00
14943     102.318283     655.646506 0.0000000e+00
14944     102.318283     651.646506 0.0000000e+00
14945     102.318283     647.646506 0.0000000e+00
14946     102.318283     643.646506 0.0000000e+00
14947     102.318283     639.646506 0.0000000e+00
14948     102.318283     635.646506 0.0000000e+00
14949     102.318283     631.646506 0.0000000e+00
14950     102.318283     627.646506 0.0000000e+00
14951     102.318283     623.646506 0.0000000e+00
14952     102.318283     619.646506 0.0000000e+00
14953     102.318283     615.646506 0.0000000e+00
14954     102.318283     611.646506 0.0000000e+00
14955     102.318283     607.646506 0.0000000e+00
14956     102.318283     603.646506 0.0000000e+00
14957     102.318283     599.646506 0.0000000e+00
14958     102.318283     595.646506 0.0000000e+00
14959     102.318283     591.646506 0.0000000e+00
14960     102.318283     587.646506 0.0000000e+00
14961     102.318283     583.646506 0.0000000e+00
14962     102.318283     579.646506 0.0000000e+00
14963     102.318283     575.646506 0.0000000e+00
14964     102.318283     571.646506 0.0000000e+00
14965     102.318283     567.646506 0.0000000e+00
14966     102.318283     563.646506 0.0000000e+00
14967     102.318283     559.646506 0.0000000e+00
14968     102.318283     555.646506 0.0000000e+00
14969     102.318283     551.646506 0.0000000e+00
14970     102.318283     547.646506 0.0000000e+00
14971     102.318283     543.646506 0.0000000e+00
14972     102.318283     539.646506 0.0000000e+00
14973     102.318283     535.646506 0.0000000e+00
14974     102.318283     531.646506 0.0000000e+00
14975     102.318283     527.646506 0.0000000e+00
14976     102.318283     523.646506 0.0000000e+00
14977     102.318283     519.646506 0.0000000e+00
14978     102.318283     515.646506 0.0000000e+00
14979     102.318283     511.646506 0.0000000e+00
14980     102.318283     507.646506 0.0000000e+00
14981     102.318283     503.646506 0.0000000e+00
14982     102.318283     499.646506 0.0000000e+00
14983     102.318283     495.646506 0.0000000e+00
14984     102.318283     491.646506 0.0000000e+00
14985     102.318283     487.646506 0.0000000e+00
14986     102.318283     483.646506 0.0000000e+00
14987     102.318283     479.646506 0.0000000e+00
14988     102.318283     475.646506 0.0000000e+00
14989     102.318283     471.646506 0.0000000e+00
14990     102.318283     467.646506 0.0000000e+00
14991     102.318283     463.646506 0.0000000e+00
14992     102.318283     459.646506 0.0000000e+00
14993     102.318283     455.646506 0.0000000e+00
14994     102.318283     451.646506 0.0000000e+00
14995     102.318283     447.646506 0.0000000e+00
14996     102.318283     443.646506 0.0000000e+00
14997     102.318283     439.646506 0.0000000e+00
14998     102.318283     435.646506 0.0000000e+00
14999     102.318283     431.646506 0.0000000e+00
15000     102.318283     427.646506 0.0000000e+00
15001     102.318283     423.646506 0.0000000e+00
15002     102.318283     419.646506 0.0000000e+00
15003     102.318283     415.646506 0.0000000e+00
15004     102.318283     411.646506 0.0000000e+00
15005     102.318283     407.646506 0.0000000e+00
15006     102.318283     403.646506 0.0000000e+00
15007     102.318283     399.646506 0.0000000e+00
15008     102.318283     395.646506 0.0000000e+00
15009     102.318283     391.646506 0.0000000e+00
15010     102.318283     387.646506 0.0000000e+00
15011     102.318283     383.646506 0.0000000e+00
15012     102.318283     379.646506 0.0000000e+00
15013     102.318283     375.646506 0.0000000e+00
15014     102.318283     371.646506 0.0000000e+00
15015     102.318284     367.646506 0.0000000e+00
15016     102.318285     363.646506 0.0000000e+00
15017     102.318288     359.646506 0.0000000e+00
15018     102.318300     355.646504 0.0000000e+00
15019     102.318318     351.646504 0.0000000e+00
15020     102.318415     347.646478 0.0000000e+00
15021     102.318705     343.646359 0.0000000e+00
15022     102.319400     339.645625 0.0000000e+00
15023     102.329083     335.638373 0.0000000e+00
15024     102.383034     331.600099 0.0000000e+00
15025     102.510280     327.479994 0.0000000e+00
15026     102.595203     323.194628 0.0000000e+00
15027     102.876168     318.460214 0.0000000e+00
15028     106.945913     317.850686 0.0000000e+00
15029     111.049389     317.477119 0.0000000e+00
15030     108.957711     314.055667 0.0000000e+00
15031     113.031275     313.941856 0.0000000e+00
15032     117.033105     313.935011 0.0000000e+00
15033     121.039023     313.909684 0.0000000e+00
15034     125.044601     313.896703 0.0000000e+00
15035     129.042707     313.895459 0.0000000e+00
15036     133.038359     313.895462 0.0000000e+00
15037     137.033933     313.896168 0.0000000e+00
15038     141.031272     313.900164 0.0000000e+00
15039     145.031706     313.918235 0.0000000e+00
15040     149.032558     313.974735 0.0000000e+00
15041     153.048826     314.090583 0.0000000e+00
15042     157.111853     314.253949 0.0000000e+00
15043     161.225720     314.438231 0.0000000e+00
15044     165.392289     314.629608 0.0000000e+00
15045     169.613674     314.824375 0.0000000e+00
15046     173.891305     315.021876 0.0000000e+00
15047     178.226182     315.222039 0.0000000e+00
15048     182.619146     315.424884 0.0000000e+00
15049     187.070997     315.630446 0.0000000e+00
15050     191.582549     315.838773 0.0000000e+00
15051     196.154721     316.050030 0.0000000e+00
15052     200.788765     316.264853 0.0000000e+00
15053     205.485776     316.484757 0.0000000e+00
15054     210.242212     316.708889 0.0000000e+00
15055     215.048000     316.908495 0.0000000e+00
15056     219.975861     317.246774 0.0000000e+00
15057     224.936293     317.873413 0.0000000e+00
15058     229.991947     318.850110 0.0000000e+00
15059     235.373459     320.018141 0.0000000e+00
15060     241.098273     321.323146 0.0000000e+00
15061     247.196683     322.730221 0.0000000e+00
15062     253.700954     324.230964 0.0000000e+00
15063     260.643326     325.824371 0.0000000e+00
15064     268.053114     327.515673 0.0000000e+00
15065     275.959138     329.315265 0.0000000e+00
15066     284.396912     331.214110 0.0000000e+00
15067     293.415347     333.161496 0.0000000e+00
15068     303.057198     335.088666 0.0000000e+00
15069     313.257905     336.974766 0.0000000e+00
15070     323.990845     338.879031 0.0000000e+00
15071     335.278358     340.849141 0.0000000e+00
15072     347.143307     342.909914 0.0000000e+00
15073     359.615332     345.079781 0.0000000e+00
15074     372.724742     347.401006 0.0000000e+00
15075     386.453380     349.592433 0.0000000e+00
15076     401.001938     351.482603 0.0000000e+00
15077     416.388981     353.374742 0.0000000e+00
15078     431.892427     354.594132 0.0000000e+00
15079     447.968704     355.358156 0.0000000e+00
15080     464.172450     356.432048 0.0000000e+00
15081     480.616232     357.564250 0.0000000e+00
15082     497.363785     358.721506 0.0000000e+00
15083     514.440683     359.902641 0.0000000e+00
15084     531.859673     361.107850 0.0000000e+00
15085     549.630421     362.338795 0.0000000e+00
15086     567.763240     363.602406 0.0000000e+00
15087     586.253864     364.910615 0.0000000e+00
15088     605.014642     366.201135 0.0000000e+00
15089     623.845756     366.713892 0.0000000e+00
15090     643.625248     368.496900 0.0000000e+00
15091     663.088075     371.429396 0.0000000e+00
15092     683.715938     374.098969 0.0000000e+00
15093     705.306305     377.086719 0.0000000e+00
15094     727.696438     380.271334 0.0000000e+00
15095     750.773318     383.443640 0.0000000e+00
15096     774.539730     388.138115 0.0000000e+00
15097     798.612990     394.525655 0.0000000e+00
15098     801.347472     420.779386 0.0000000e+00
15099     801.887684     446.709040 0.0000000e+00
15100     801.720032     472.520632 0.0000000e+00
15101     802.015038     498.689191 0.0000000e+00
15102     802.010265     524.798755 0.0000000e+00
15103     801.975158     550.912193 0.0000000e+00
15104     801.858519     577.163681 0.0000000e+00
15105     801.161347     603.740589 0.0000000e+00
15106     801.159192     629.872071 0.0000000e+00
15107     801.896939     656.402447 0.0000000e+00
15108     802.011197     682.667676 0.0000000e+00
15109     802.030679     708.809685 0.0000000e+00
15110     802.001979     734.923387 0.0000000e+00
15111     801.980847     760.992077 0.0000000e+00
15112     802.003941     787.026376 0.0000000e+00
15113     802.053450     813.028018 0.0000000e+00
15114     801.871796     838.916703 0.0000000e+00
15115     801.720140     865.118515 0.0000000e+00
15116     801.647775     891.272552 0.0000000e+00
15117     801.835898     916.350474 0.0000000e+00
15118     798.249403     938.224164 0.0000000e+00
15119     801.865775     961.607433 0.0000000e+00
15120     802.072743     987.491669 0.0000000e+00
15121     801.932955    1014.463690 0.0000000e+00
15122     799.947972    1043.186540 0.0000000e+00
15123     801.849417    1071.280370 0.0000000e+00
15124     800.749327    1097.625990 0.0000000e+00
15125     801.030489    1124.090290 0.0000000e+00
15126     802.117955    1149.210580 0.0000000e+00
15127     802.140458    1174.939130 0.0000000e+00
15128     802.112622    1200.915030 0.0000000e+00
15129     802.090830    1226.970140 0.0000000e+00
15130     802.046544    1253.077770 0.0000000e+00
15131     801.908310    1279.340200 0.0000000e+00
15132     801.201514    1305.937830 0.0000000e+00
15133     801.162042    1332.064840 0.0000000e+00
15134     801.889046    1358.562090 0.0000000e+00
15135     801.981042    1384.808820 0.0000000e+00
15136     802.064807    1410.876350 0.0000000e+00
15137     802.116878    1436.874360 0.0000000e+00
15138     802.709881    1462.431030 0.0000000e+00
15139     799.284174    1487.949530 0.0000000e+00
15140     792.712807    1510.558180 0.0000000e+00
15141     767.130364    1514.797620 0.0000000e+00
15142     742.116058    1519.077120 0.0000000e+00
15143     719.126619    1521.174150 0.0000000e+00
15144     697.136434    1523.909510 0.0000000e+00
15145     675.916148    1526.685440 0.0000000e+00
15146     655.417685    1529.215670 0.0000000e+00
15147     635.545668    1531.259950 0.0000000e+00
15148     616.065379    1532.889910 0.0000000e+00
15149     596.963919    1534.299550 0.0000000e+00
15150     578.247882    1535.617670 0.0000000e+00
15151     559.908473    1536.893420 0.0000000e+00
15152     541.934655    1538.140170 0.0000000e+00
15153     524.317101    1539.361400 0.0000000e+00
15154     507.047951    1540.558320 0.0000000e+00
15155     490.120202    1541.731720 0.0000000e+00
15156     473.527486    1542.882540 0.0000000e+00
15157     457.262598    1544.012330 0.0000000e+00
15158     441.307490    1545.124990 0.0000000e+00
15159     425.597256    1546.223990 0.0000000e+00
15160     409.993172    1547.187850 0.0000000e+00
15161     395.076561    1548.853400 0.0000000e+00
15162     380.691675    1551.326890 0.0000000e+00
15163     367.132613    1553.582630 0.0000000e+00
15164     354.285410    1555.780260 0.0000000e+00
15165     342.070640    1557.895550 0.0000000e+00
15166     330.444759    1559.914410 0.0000000e+00
15167     319.370801    1561.837510 0.0000000e+00
15168     308.807078    1563.659610 0.0000000e+00
15169     298.841204    1565.534780 0.0000000e+00
15170     289.493018    1567.529570 0.0000000e+00
15171     280.714704    1569.569110 0.0000000e+00
15172     272.499283    1571.467350 0.0000000e+00
15173     264.807423    1573.251570 0.0000000e+00
15174     257.600226    1574.925760 0.0000000e+00
15175     250.845304    1576.494820 0.0000000e+00
15176     244.511976    1577.964040 0.0000000e+00
15177     238.567352    1579.334690 0.0000000e+00
15178     232.974292    1580.589890 0.0000000e+00
15179     227.702172    1581.661390 0.0000000e+00
15180     222.694591    1582.441010 0.0000000e+00
15181     217.794667    1582.966800 0.0000000e+00
15182     212.904114    1583.291880 0.0000000e+00
15183     208.073048    1583.513200 0.0000000e+00
15184     203.355770    1583.677310 0.0000000e+00
15185     198.689088    1583.888250 0.0000000e+00
15186     194.077688    1584.101520 0.0000000e+00
15187     189.523996    1584.310600 0.0000000e+00
15188     185.023106    1584.510080 0.0000000e+00
15189     180.565989    1584.678750 0.0000000e+00
15190     176.193764    1584.863260 0.0000000e+00
15191     171.886172    1585.079340 0.0000000e+00
15192     167.622521    1585.315710 0.0000000e+00
15193     163.446699    1585.558960 0.0000000e+00
15194     159.286806    1585.770040 0.0000000e+00
15195     155.169557    1585.930300 0.0000000e+00
15196     151.143226    1586.020310 0.0000000e+00
15197     147.140886    1586.097700 0.0000000e+00
15198     143.137289    1586.130970 0.0000000e+00
15199     139.134044    1586.140500 0.0000000e+00
15200     135.132366    1586.142490 0.0000000e+00
15201     131.131685    1586.142700 0.0000000e+00
15202     127.131289    1586.142410 0.0000000e+00
15203     123.130033    1586.141990 0.0000000e+00
15204     119.119410    1586.136530 0.0000000e+00
15205     115.078102    1586.073680 0.0000000e+00
15206     111.107554    1586.016540 0.0000000e+00
15207     107.225829    1586.043210 0.0000000e+00
15208     103.414645    1586.288770 0.0000000e+00
15209      99.965425    1584.491940 0.0000000e+00
15210      98.237791    1580.459260 0.0000000e+00
15211      98.873276    1576.299250 0.0000000e+00
15212      98.905291    1572.300120 0.0000000e+00
15213      98.842626    1568.299230 0.0000000e+00
15214      98.822743    1564.238830 0.0000000e+00
15215      98.852201    1560.241690 0.0000000e+00
15216      98.862871    1556.251210 0.0000000e+00
15217      98.866674    1552.256340 0.0000000e+00
15218      98.868458    1548.258410 0.0000000e+00
15219      98.869458    1544.259500 0.0000000e+00
15220      98.869865    1540.260090 0.0000000e+00
15221      98.869977    1536.260340 0.0000000e+00
15222      98.869992    1532.260440 0.0000000e+00
15223      98.869984    1528.260460 0.0000000e+00
15224      98.869975    1524.260460 0.0000000e+00
15225      98.869971    1520.260460 0.0000000e+00
15226      98.869969    1516.260460 0.0000000e+00
15227      98.869968    1512.260460 0.0000000e+00
15228      98.869968    1508.260450 0.0000000e+00
15229      98.869967    1504.260450 0.0000000e+00
15230      98.869967    1500.260450 0.0000000e+00
15231      98.869967    1496.260450 0.0000000e+00
15232      98.869967    1492.260450 0.0000000e+00
15233      98.869967    1488.260450 0.0000000e+00
15234      98.869967    1484.260450 0.0000000e+00
15235      98.869967    1480.260450 0.0000000e+00
15236      98.869967    1476.260450 0.0000000e+00
15237      98.869967    1472.260450 0.0000000e+00
15238      98.869967    1468.260450 0.0000000e+00
15239      98.869967    1464.260450 0.0000000e+00
15240      98.869967    1460.260450 0.0000000e+00
15241      98.869967    1456.260450 0.0000000e+00
15242      98.869967    1452.260450 0.0000000e+00
15243      98.869967    1448.260450 0.0000000e+00
15244      98.869967    1444.260450 0.0000000e+00
15245      98.869967    1440.260450 0.0000000e+00
15246      98.869967    1436.260450 0.0000000e+00
15247      98.869967    1432.260450 0.0000000e+00
15248      98.869967    1428.260450 0.0000000e+00
15249      98.869967    1424.260450 0.0000000e+00
15250      98.869967    1420.260450 0.0000000e+00
15251      98.869967    1416.260450 0.0000000e+00
15252      98.869967    1412.260450 0.0000000e+00
15253      98.869967    1408.260450 0.0000000e+00
15254      98.869967    1404.260450 0.0000000e+00
15255      98.869967    1400.260450 0.0000000e+00
15256      98.869967    1396.260450 0.0000000e+00
15257      98.869967    1392.260450 0.0000000e+00
15258      98.869967    1388.260450 0.0000000e+00
15259      98.869967    1384.260450 0.0000000e+00
15260      98.869967    1380.260450 0.0000000e+00
15261      98.869967    1376.260450 0.0000000e+00
15262      98.869967    1372.260450 0.0000000e+00
15263      98.869967    1368.260450 0.0000000e+00
15264      98.869967    1364.260450 0.0000000e+00
15265      98.869967    1360.260450 0.0000000e+00
15266      98.869967    1356.260450 0.0000000e+00
15267      98.869967    1352.260450 0.0000000e+00
15268      98.869967    1348.260450 0.0000000e+00
15269      98.869967    1344.260450 0.0000000e+00
15270      98.869967    1340.260450 0.0000000e+00
15271      98.869967    1336.260450 0.0000000e+00
15272      98.869967    1332.260450 0.0000000e+00
15273      98.869967    1328.260450 0.0000000e+00
15274      98.869967    1324.260450 0.0000000e+00
15275      98.869967    1320.260450 0.0000000e+00
15276      98.869967    1316.260450 0.0000000e+00
15277      98.869967    1312.260450 0.0000000e+00
15278      98.869967    1308.260450 0.0000000e+00
15279      98.869967    1304.260450 0.0000000e+00
15280      98.869967    1300.260450 0.0000000e+00
15281      98.869967    1296.260450 0.0000000e+00
15282      98.869967    1292.260450 0.0000000e+00
15283      98.869967    1288.260450 0.0000000e+00
15284      98.869967    1284.260450 0.0000000e+00
15285      98.869967    1280.260450 0.0000000e+00
15286      98.869967    1276.260450 0.0000000e+00
15287      98.869967    1272.260450 0.0000000e+00
15288      98.869967    1268.260450 0.0000000e+00
15289      98.869967    1264.260450 0.0000000e+00
15290      98.869967    1260.260450 0.0000000e+00
15291      98.869967    1256.260450 0.0000000e+00
15292      98.869967    1252.260450 0.0000000e+00
15293      98.869967    1248.260450 0.0000000e+00
15294      98.869967    1244.260450 0.0000000e+00
15295      98.869967    1240.260450 0.0000000e+00
15296      98.869967    1236.260450 0.0000000e+00
15297      98.869967    1232.260450 0.0000000e+00
15298      98.869967    1228.260450 0.0000000e+00
15299      98.869967    1224.260450 0.0000000e+00
15300      98.869967    1220.260450 0.0000000e+00
15301      98.869967    1216.260450 0.0000000e+00
15302      98.869967    1212.260450 0.0000000e+00
15303      98.869967    1208.260450 0.0000000e+00
15304      98.869967    1204.260450 0.0000000e+00
15305      98.869967    1200.260450 0.0000000e+00
15306      98.869967    1196.260450 0.0000000e+00
15307      98.869967    1192.260450 0.0000000e+00
15308      98.869967    1188.260450 0.0000000e+00
15309      98.869967    1184.260450 0.0000000e+00
15310      98.869967    1180.260450 0.0000000e+00
15311      98.869967    1176.260450 0.0000000e+00
15312      98.869967    1172.260450 0.0000000e+00
15313      98.869967    1168.260450 0.0000000e+00
15314      98.869967    1164.260450 0.0000000e+00
15315      98.869967    1160.260450 0.0000000e+00
15316      98.869967    1156.260450 0.0000000e+00
15317      98.869967    1152.260450 0.0000000e+00
15318      98.869967    1148.260450 0.0000000e+00
15319      98.869967    1144.260450 0.0000000e+00
15320      98.869967    1140.260450 0.0000000e+00
15321      98.869967    1136.260450 0.0000000e+00
15322      98.869967    1132.260450 0.0000000e+00
15323      98.869967    1128.260450 0.0000000e+00
15324      98.869967    1124.260450 0.0000000e+00
15325      98.869967    1120.260450 0.0000000e+00
15326      98.869967    1116.260450 0.0000000e+00
15327      98.869967    1112.260450 0.0000000e+00
15328      98.869967    1108.260450 0.0000000e+00
15329      98.869967    1104.260450 0.0000000e+00
15330      98.869967    1100.260450 0.0000000e+00
15331      98.869967    1096.260450 0.0000000e+00
15332      98.869967    1092.260450 0.0000000e+00
15333      98.869967    1088.260450 0.0000000e+00
15334      98.869967    1084.260450 0.0000000e+00
15335      98.869967    1080.260450 0.0000000e+00
15336      98.869967    1076.260450 0.0000000e+00
15337      98.869967    1072.260450 0.0000000e+00
15338      98.869967    1068.260450 0.0000000e+00
15339      98.869967    1064.260450 0.0000000e+00
15340      98.869967    1060.260450 0.0000000e+00
15341      98.869967    1056.260450 0.0000000e+00
15342      98.869967    1052.260450 0.0000000e+00
15343      98.869967    1048.260450 0.0000000e+00
15344      98.869967    1044.260450 0.0000000e+00
15345      98.869967    1040.260450 0.0000000e+00
15346      98.869967    1036.260450 0.0000000e+00
15347      98.869967    1032.260450 0.0000000e+00
15348      98.869967    1028.260450 0.0000000e+00
15349      98.869967    1024.260450 0.0000000e+00
15350      98.869967    1020.260450 0.0000000e+00
15351      98.869967    1016.260450 0.0000000e+00
15352      98.869967    1012.260450 0.0000000e+00
15353      98.869967    1008.260450 0.0000000e+00
15354      98.869967    1004.260450 0.0000000e+00
15355      98.869967    1000.260450 0.0000000e+00
15356      98.869967     996.260455 0.0000000e+00
15357      98.869967     992.260455 0.0000000e+00
15358      98.869967     988.260455 0.0000000e+00
15359      98.869967     984.260455 0.0000000e+00
15360      98.869967     980.260455 0.0000000e+00
15361      98.869967     976.260455 0.0000000e+00
15362      98.869967     972.260455 0.0000000e+00
15363      98.869967     968.260455 0.0000000e+00
15364      98.869967     964.260455 0.0000000e+00
15365      98.869967     960.260455 0.0000000e+00
15366      98.869967     956.260455 0.0000000e+00
15367      98.869967     952.260455 0.0000000e+00
15368      98.869967     948.260455 0.0000000e+00
15369      98.869967     944.260455 0.0000000e+00
15370      98.869967     940.260455 0.0000000e+00
15371      98.869967     936.260455 0.0000000e+00
15372      98.869967     932.260455 0.0000000e+00
15373      98.869967     928.260455 0.0000000e+00
15374      98.869967     924.260455 0.0000000e+00
15375      98.869967     920.260455 0.0000000e+00
15376      98.869967     916.260455 0.0000000e+00
15377      98.869967     912.260455 0.0000000e+00
15378      98.869967     908.260455 0.0000000e+00
15379      98.869967     904.260455 0.0000000e+00
15380      98.869967     900.260455 0.0000000e+00
15381      98.869967     896.260455 0.0000000e+00
15382      98.869967     892.260455 0.0000000e+00
15383      98.869967     888.260455 0.0000000e+00
15384      98.869967     884.260455 0.0000000e+00
15385      98.869967     880.260455 0.0000000e+00
15386      98.869967     876.260455 0.0000000e+00
15387      98.869967     872.260455 0.0000000e+00
15388      98.869967     868.260455 0.0000000e+00
15389      98.869967     864.260455 0.0000000e+00
15390      98.869967     860.260455 0.0000000e+00
15391      98.869967     856.260455 0.0000000e+00
15392      98.869967     852.260455 0.0000000e+00
15393      98.869967     848.260455 0.0000000e+00
15394      98.869967     844.260455 0.0000000e+00
15395      98.869967     840.260455 0.0000000e+00
15396      98.869967     836.260455 0.0000000e+00
15397      98.869967     832.260455 0.0000000e+00
15398      98.869967     828.260455 0.0000000e+00
15399      98.869967     824.260455 0.0000000e+00
15400      98.869967     820.260455 0.0000000e+00
15401      98.869967     816.260455 0.0000000e+00
15402      98.869967     812.260455 0.0000000e+00
15403      98.869967     808.260455 0.0000000e+00
15404      98.869967     804.260455 0.0000000e+00
15405      98.869967     800.260455 0.0000000e+00
15406      98.869967     796.260455 0.0000000e+00
15407      98.869967     792.260455 0.0000000e+00
15408      98.869967     788.260455 0.0000000e+00
15409      98.869967     784.260455 0.0000000e+00
15410      98.869967     780.260455 0.0000000e+00
15411      98.869967     776.260455 0.0000000e+00
15412      98.869967     772.260455 0.0000000e+00
15413      98.869967     768.260455 0.0000000e+00
15414      98.869967     764.260455 0.0000000e+00
15415      98.869967     760.260455 0.0000000e+00
15416      98.869967     756.260455 0.0000000e+00
15417      98.869967     752.260455 0.0000000e+00
15418      98.869967     748.260455 0.0000000e+00
15419      98.869967     744.260455 0.0000000e+00
15420      98.869967     740.260455 0.0000000e+00
15421      98.869967     736.260455 0.0000000e+00
15422      98.869967     732.260455 0.0000000e+00
15423      98.869967     728.260455 0.0000000e+00
15424      98.869967     724.260455 0.0000000e+00
15425      98.869967     720.260455 0.0000000e+00
15426      98.869967     716.260455 0.0000000e+00
15427      98.869967     712.260455 0.0000000e+00
15428      98.869967     708.260455 0.0000000e+00
15429      98.869967     704.260455 0.0000000e+00
15430      98.869967     700.260455 0.0000000e+00
15431      98.869967     696.260455 0.0000000e+00
15432      98.869967     692.260455 0.0000000e+00
15433      98.869967     688.260455 0.0000000e+00
15434      98.869967     684.260455 0.0000000e+00
15435      98.869967     680.260455 0.0000000e+00
15436      98.869967     676.260455 0.0000000e+00
15437      98.869967     672.260455 0.0000000e+00
15438      98.869967     668.260455 0.0000000e+00
15439      98.869967     664.260455 0.0000000e+00
15440      98.869967     660.260455 0.0000000e+00
15441      98.869967     656.260455 0.0000000e+00
15442      98.869967     652.260455 0.0000000e+00
15443      98.869967     648.260455 0.0000000e+00
15444      98.869967     644.260455 0.0000000e+00
15445      98.869967     640.260455 0.0000000e+00
15446      98.869967     636.260455 0.0000000e+00
15447      98.869967     632.260455 0.0000000e+00
15448      98.869967     628.260455 0.0000000e+00
15449      98.869967     624.260455 0.0000000e+00
15450      98.869967     620.260455 0.0000000e+00
15451      98.869967     616.260455 0.0000000e+00
15452      98.869967     612.260455 0.0000000e+00
15453      98.869967     608.260455 0.0000000e+00
15454      98.869967     604.260455 0.0000000e+00
15455      98.869967     600.260455 0.0000000e+00
15456      98.869967     596.260455 0.0000000e+00
15457      98.869967     592.260455 0.0000000e+00
15458      98.869967     588.260455 0.0000000e+00
15459      98.869967     584.260455 0.0000000e+00
15460      98.869967     580.260455 0.0000000e+00
15461      98.869967     576.260455 0.0000000e+00
15462      98.869967     572.260455 0.0000000e+00
15463      98.869967     568.260455 0.0000000e+00
15464      98.869967     564.260455 0.0000000e+00
15465      98.869967     560.260455 0.0000000e+00
15466      98.869967     556.260455 0.0000000e+00
15467      98.869967     552.260455 0.0000000e+00
15468      98.869967     548.260455 0.0000000e+00
15469      98.869967     544.260455 0.0000000e+00
15470      98.869967     540.260455 0.0000000e+00
15471      98.869967     536.260455 0.0000000e+00
15472      98.869967     532.260455 0.0000000e+00
15473      98.869967     528.260455 0.0000000e+00
15474      98.869967     524.260455 0.0000000e+00
15475      98.869967     520.260455 0.0000000e+00
15476      98.869967     516.260455 0.0000000e+00
15477      98.869967     512.260455 0.0000000e+00
15478      98.869967     508.260455 0.0000000e+00
15479      98.869967     504.260455 0.0000000e+00
15480      98.869967     500.260455 0.0000000e+00
15481      98.869967     496.260455 0.0000000e+00
15482      98.869967     492.260455 0.0000000e+00
15483      98.869967     488.260455 0.0000000e+00
15484      98.869967     484.260455 0.0000000e+00
15485      98.869967     480.260455 0.0000000e+00
15486      98.869967     476.260455 0.0000000e+00
15487      98.869967     472.260455 0.0000000e+00
15488      98.869967     468.260455 0.0000000e+00
15489      98.869967     464.260455 0.0000000e+00
15490      98.869967     460.260455 0.0000000e+00
15491      98.869967     456.260455 0.0000000e+00
15492      98.869967     452.260455 0.0000000e+00
15493      98.869967     448.260455 0.0000000e+00
15494      98.869967     444.260455 0.0000000e+00
15495      98.869967     440.260455 0.0000000e+00
15496      98.869967     436.260455 0.0000000e+00
15497      98.869967     432.260455 0.0000000e+00
15498      98.869967     428.260455 0.0000000e+00
15499      98.869967     424.260455 0.0000000e+00
15500      98.869967     420.260455 0.0000000e+00
15501      98.869967     416.260455 0.0000000e+00
15502      98.869967     412.260455 0.0000000e+00
15503      98.869967     408.260455 0.0000000e+00
15504      98.869967     404.260455 0.0000000e+00
15505      98.869967     400.260455 0.0000000e+00
15506      98.869967     396.260455 0.0000000e+00
15507      98.869967     392.260455 0.0000000e+00
15508      98.869967     388.260455 0.0000000e+00
15509      98.869967     384.260455 0.0000000e+00
15510      98.869967     380.260455 0.0000000e+00
15511      98.869967     376.260455 0.0000000e+00
15512      98.869967     372.260455 0.0000000e+00
15513      98.869968     368.260455 0.0000000e+00
15514      98.869968     364.260455 0.0000000e+00
15515      98.869968     360.260455 0.0000000e+00
15516      98.869971     356.260454 0.0000000e+00
15517      98.869975     352.260454 0.0000000e+00
15518      98.869996     348.260451 0.0000000e+00
15519      98.870066     344.260434 0.0000000e+00
15520      98.870261     340.260354 0.0000000e+00
15521      98.872716     336.259656 0.0000000e+00
15522      98.887938     332.255631 0.0000000e+00
15523      98.932644     328.240214 0.0000000e+00
15524      98.989830     324.198679 0.0000000e+00
15525      99.147176     320.096569 0.0000000e+00
15526      98.794631     316.207042 0.0000000e+00
15527     100.868505     313.878890 0.0000000e+00
15528     104.867383     314.336904 0.0000000e+00
15529     103.183327     310.526269 0.0000000e+00
15530     107.056074     310.565953 0.0000000e+00
15531     111.062016     310.474222 0.0000000e+00
15532     115.083160     310.439739 0.0000000e+00
15533     119.088596     310.433906 0.0000000e+00
15534     123.093766     310.426672 0.0000000e+00
15535     127.097939     310.423294 0.0000000e+00
15536     131.100181     310.422765 0.0000000e+00
15537     135.101946     310.422807 0.0000000e+00
15538     139.104554     310.423813 0.0000000e+00
15539     143.109909     310.429667 0.0000000e+00
15540     147.118491     310.453988 0.0000000e+00
15541     151.131806     310.518377 0.0000000e+00
15542     155.180959     310.627154 0.0000000e+00
15543     159.281610     310.760218 0.0000000e+00
15544     163.434217     310.901949 0.0000000e+00
15545     167.640989     311.046962 0.0000000e+00
15546     171.903624     311.194145 0.0000000e+00
15547     176.223256     311.343324 0.0000000e+00
15548     180.600769     311.494496 0.0000000e+00
15549     185.036974     311.647678 0.0000000e+00
15550     189.532670     311.802899 0.0000000e+00
15551     194.088680     311.960214 0.0000000e+00
15552     198.705927     312.119817 0.0000000e+00
15553     203.385496     312.282138 0.0000000e+00
15554     208.128211     312.446979 0.0000000e+00
15555     212.935332     312.609193 0.0000000e+00
15556     217.829054     312.818477 0.0000000e+00
15557     222.796312     313.168486 0.0000000e+00
15558     227.857717     313.757634 0.0000000e+00
15559     233.181351     314.577603 0.0000000e+00
15560     238.846168     315.526219 0.0000000e+00
15561     244.881215     316.560526 0.0000000e+00
15562     251.318745     317.668068 0.0000000e+00
15563     258.190575     318.846789 0.0000000e+00
15564     265.527928     320.095260 0.0000000e+00
15565     273.359793     321.422187 0.0000000e+00
15566     281.717944     322.835410 0.0000000e+00
15567     290.640325     324.307764 0.0000000e+00
15568     300.179188     325.779915 0.0000000e+00
15569     310.297166     327.212958 0.0000000e+00
15570     320.946338     328.638370 0.0000000e+00
15571     332.151504     330.102345 0.0000000e+00
15572     343.934168     331.630563 0.0000000e+00
15573     356.318009     333.234624 0.0000000e+00
15574     369.327171     334.922000 0.0000000e+00
15575     382.972703     336.596802 0.0000000e+00
15576     397.320837     338.104684 0.0000000e+00
15577     412.288837     339.444212 0.0000000e+00
15578     427.580781     340.449489 0.0000000e+00
15579     443.214760     341.239594 0.0000000e+00
15580     459.284152     341.977523 0.0000000e+00
15581     475.643571     342.805843 0.0000000e+00
15582     492.310010     343.664908 0.0000000e+00
15583     509.303939     344.543776 0.0000000e+00
15584     526.637814     345.441041 0.0000000e+00
15585     544.320671     346.356903 0.0000000e+00
15586     562.360836     347.293360 0.0000000e+00
15587     580.765710     348.254019 0.0000000e+00
15588     599.529947     349.221690 0.0000000e+00
15589     618.619771     350.004664 0.0000000e+00
15590     638.248208     351.150136 0.0000000e+00
15591     658.342472     352.800344 0.0000000e+00
15592     678.889467     354.883065 0.0000000e+00
15593     700.340091     357.055087 0.0000000e+00
15594     722.674027     359.365612 0.0000000e+00
15595     745.904494     361.752485 0.0000000e+00
15596     770.088735     364.651090 0.0000000e+00
15597     794.989530     368.712919 0.0000000e+00
15598     820.329257     373.963446 0.0000000e+00
15599     823.640794     400.468801 0.0000000e+00
15600     825.163831     427.345508 0.0000000e+00
15601     825.348452     454.344340 0.0000000e+00
15602     825.325488     481.313203 0.0000000e+00
15603     825.397190     508.348766 0.0000000e+00
15604     825.390369     535.377111 0.0000000e+00
15605     825.343675     562.432926 0.0000000e+00
15606     825.129339     589.558844 0.0000000e+00
15607     825.026647     616.532808 0.0000000e+00
15608     825.141191     643.491699 0.0000000e+00
15609     825.359808     670.610673 0.0000000e+00
15610     825.405968     697.676087 0.0000000e+00
15611     825.411768     724.710627 0.0000000e+00
15612     825.411715     751.727760 0.0000000e+00
15613     825.422186     778.732933 0.0000000e+00
15614     825.457545     805.703309 0.0000000e+00
15615     825.423037     832.411660 0.0000000e+00
15616     824.257866     858.419435 0.0000000e+00
15617     823.896125     885.866981 0.0000000e+00
15618     824.966990     913.160587 0.0000000e+00
15619     822.865750     941.886118 0.0000000e+00
15620     824.898377     971.860470 0.0000000e+00
15621     825.002935    1000.048610 0.0000000e+00
15622     824.534837    1027.696740 0.0000000e+00
15623     824.636097    1054.718690 0.0000000e+00
15624     825.273526    1081.710560 0.0000000e+00
15625     821.755533    1106.109810 0.0000000e+00
15626     825.525527    1128.787110 0.0000000e+00
15627     825.581469    1154.844870 0.0000000e+00
15628     825.493714    1181.670840 0.0000000e+00
15629     825.459628    1208.647960 0.0000000e+00
15630     825.436230    1235.659820 0.0000000e+00
15631     825.379079    1262.714740 0.0000000e+00
15632     825.160059    1289.846610 0.0000000e+00
15633     825.037095    1316.817720 0.0000000e+00
15634     825.132902    1343.772020 0.0000000e+00
15635     825.346801    1370.876920 0.0000000e+00
15636     825.403216    1397.921620 0.0000000e+00
15637     825.441760    1424.937290 0.0000000e+00
15638     825.654025    1451.920560 0.0000000e+00
15639     824.814290    1479.214140 0.0000000e+00
15640     821.377378    1505.798360 0.0000000e+00
15641     813.976165    1531.059840 0.0000000e+00
15642     783.787497    1533.683480 0.0000000e+00
15643     757.705635    1536.932720 0.0000000e+00
15644     733.406899    1539.635340 0.0000000e+00
15645     710.602209    1541.717310 0.0000000e+00
15646     688.747753    1543.868540 0.0000000e+00
15647     667.700829    1545.902330 0.0000000e+00
15648     647.418338    1547.643120 0.0000000e+00
15649     627.673131    1549.014810 0.0000000e+00
15650     608.311518    1550.135690 0.0000000e+00
15651     589.345688    1551.149810 0.0000000e+00
15652     570.765419    1552.121680 0.0000000e+00
15653     552.557471    1553.069420 0.0000000e+00
15654     534.711332    1553.997290 0.0000000e+00
15655     517.218628    1554.906530 0.0000000e+00
15656     500.072003    1555.797760 0.0000000e+00
15657     483.264657    1556.671540 0.0000000e+00
15658     466.790100    1557.528430 0.0000000e+00
15659     450.641220    1558.368490 0.0000000e+00
15660     434.806321    1559.189410 0.0000000e+00
15661     419.268421    1559.974880 0.0000000e+00
15662     404.149108    1560.997240 0.0000000e+00
15663     389.512059    1562.436200 0.0000000e+00
15664     375.493994    1564.171660 0.0000000e+00
15665     362.176145    1565.865630 0.0000000e+00
15666     349.508438    1567.504030 0.0000000e+00
15667     337.452684    1569.070500 0.0000000e+00
15668     325.979839    1570.562290 0.0000000e+00
15669     315.063905    1571.983370 0.0000000e+00
15670     304.702400    1573.394830 0.0000000e+00
15671     294.898930    1574.860620 0.0000000e+00
15672     285.711126    1576.371050 0.0000000e+00
15673     277.098965    1577.854620 0.0000000e+00
15674     269.033688    1579.251810 0.0000000e+00
15675     261.480154    1580.563060 0.0000000e+00
15676     254.405533    1581.791740 0.0000000e+00
15677     247.778996    1582.942280 0.0000000e+00
15678     241.569498    1584.018150 0.0000000e+00
15679     235.742813    1585.016600 0.0000000e+00
15680     230.262449    1585.905990 0.0000000e+00
15681     225.105184    1586.603380 0.0000000e+00
15682     220.129192    1587.063700 0.0000000e+00
15683     215.201850    1587.341690 0.0000000e+00
15684     210.343967    1587.534390 0.0000000e+00
15685     205.562127    1587.695720 0.0000000e+00
15686     200.860314    1587.846490 0.0000000e+00
15687     196.218537    1588.005740 0.0000000e+00
15688     191.636242    1588.163980 0.0000000e+00
15689     187.112707    1588.318180 0.0000000e+00
15690     182.645585    1588.462700 0.0000000e+00
15691     178.242518    1588.607960 0.0000000e+00
15692     173.902409    1588.758900 0.0000000e+00
15693     169.618952    1588.916230 0.0000000e+00
15694     165.390809    1589.082870 0.0000000e+00
15695     161.213356    1589.235800 0.0000000e+00
15696     157.083584    1589.374370 0.0000000e+00
15697     153.006677    1589.487430 0.0000000e+00
15698     148.988472    1589.559250 0.0000000e+00
15699     144.983556    1589.596330 0.0000000e+00
15700     140.978459    1589.608820 0.0000000e+00
15701     136.975785    1589.611750 0.0000000e+00
15702     132.974736    1589.612290 0.0000000e+00
15703     128.974353    1589.612310 0.0000000e+00
15704     124.974042    1589.612070 0.0000000e+00
15705     120.972067    1589.610090 0.0000000e+00
15706     116.962727    1589.593980 0.0000000e+00
15707     112.959377    1589.578380 0.0000000e+00
15708     108.962403    1589.584020 0.0000000e+00
15709     104.918554    1589.636000 0.0000000e+00
15710     100.597007    1589.066630 0.0000000e+00
15711      96.326466    1588.581640 0.0000000e+00
15712      95.872855    1584.274580 0.0000000e+00
15713      94.812224    1580.482090 0.0000000e+00
15714      95.337835    1576.844330 0.0000000e+00
15715      95.433421    1572.977900 0.0000000e+00
15716      95.422098    1569.020340 0.0000000e+00
15717      95.410706    1565.026060 0.0000000e+00
15718      95.408135    1561.015330 0.0000000e+00
15719      95.414734    1557.015640 0.0000000e+00
15720      95.417807    1553.017700 0.0000000e+00
15721      95.419064    1549.018970 0.0000000e+00
15722      95.419636    1545.019550 0.0000000e+00
15723      95.419914    1541.019850 0.0000000e+00
15724      95.420028    1537.019990 0.0000000e+00
15725      95.420063    1533.020060 0.0000000e+00
15726      95.420070    1529.020080 0.0000000e+00
15727      95.420070    1525.020090 0.0000000e+00
15728      95.420068    1521.020090 0.0000000e+00
15729      95.420067    1517.020090 0.0000000e+00
15730      95.420067    1513.020090 0.0000000e+00
15731      95.420066    1509.020090 0.0000000e+00
15732      95.420066    1505.020090 0.0000000e+00
15733      95.420066    1501.020090 0.0000000e+00
15734      95.420066    1497.020090 0.0000000e+00
15735      95.420066    1493.020090 0.0000000e+00
15736      95.420066    1489.020090 0.0000000e+00
15737      95.420066    1485.020090 0.0000000e+00
15738      95.420066    1481.020090 0.0000000e+00
15739      95.420066    1477.020090 0.0000000e+00
15740      95.420066    1473.020090 0.0000000e+00
15741      95.420066    1469.020090 0.0000000e+00
15742      95.420066    1465.020090 0.0000000e+00
15743      95.420066    1461.020090 0.0000000e+00
15744      95.420066    1457.020090 0.0000000e+00
15745      95.420066    1453.020090 0.0000000e+00
15746      95.420066    1449.020090 0.0000000e+00
15747      95.420066    1445.020090 0.0000000e+00
15748      95.420066    1441.020090 0.0000000e+00
15749      95.420066    1437.020090 0.0000000e+00
15750      95.420066    1433.020090 0.0000000e+00
15751      95.420066    1429.020090 0.0000000e+00
15752      95.420066    1425.020090 0.0000000e+00
15753      95.420066    1421.020090 0.0000000e+00
15754      95.420066    1417.020090 0.0000000e+00
15755      95.420066    1413.020090 0.0000000e+00
15756      95.420066    1409.020090 0.0000000e+00
15757      95.420066    1405.020090 0.0000000e+00
15758      95.420066    1401.020090 0.0000000e+00
15759      95.420066    1397.020090 0.0000000e+00
15760      95.420066    1393.020090 0.0000000e+00
15761      95.420066    1389.020090 0.0000000e+00
15762      95.420066    1385.020090 0.0000000e+00
15763      95.420066    1381.020090 0.0000000e+00
15764      95.420066    1377.020090 0.0000000e+00
15765      95.420066    1373.020090 0.0000000e+00
15766      95.420066    1369.020090 0.0000000e+00
15767      95.420066    1365.020090 0.0000000e+00
15768      95.420066    1361.020090 0.0000000e+00
15769      95.420066    1357.020090 0.0000000e+00
15770      95.420066    1353.020090 0.0000000e+00
15771      95.420066    1349.020090 0.0000000e+00
15772      95.420066    1345.020090 0.0000000e+00
15773      95.420066    1341.020090 0.0000000e+00
15774      95.420066    1337.020090 0.0000000e+00
15775      95.420066    1333.020090 0.0000000e+00
15776      95.420066    1329.020090 0.0000000e+00
15777      95.420066    1325.020090 0.0000000e+00
15778      95.420066    1321.020090 0.0000000e+00
15779      95.420066    1317.020090 0.0000000e+00
15780      95.420066    1313.020090 0.0000000e+00
15781      95.420066    1309.020090 0.0000000e+00
15782      95.420066    1305.020090 0.0000000e+00
15783      95.420066    1301.020090 0.0000000e+00
15784      95.420066    1297.020090 0.0000000e+00
15785      95.420066    1293.020090 0.0000000e+00
15786      95.420066    1289.020090 0.0000000e+00
15787      95.420066    1285.020090 0.0000000e+00
15788      95.420066    1281.020090 0.0000000e+00
15789      95.420066    1277.020090 0.0000000e+00
15790      95.420066    1273.020090 0.0000000e+00
15791      95.420066    1269.020090 0.0000000e+00
15792      95.420066    1265.020090 0.0000000e+00
15793      95.420066    1261.020090 0.0000000e+00
15794      95.420066    1257.020090 0.0000000e+00
15795      95.420066    1253.020090 0.0000000e+00
15796      95.420066    1249.020090 0.0000000e+00
15797      95.420066    1245.020090 0.0000000e+00
15798      95.420066    1241.020090 0.0000000e+00
15799      95.420066    1237.020090 0.0000000e+00
15800      95.420066    1233.020090 0.0000000e+00
15801      95.420066    1229.020090 0.0000000e+00
15802      95.420066    1225.020090 0.0000000e+00
15803      95.420066    1221.020090 0.0000000e+00
15804      95.420066    1217.020090 0.0000000e+00
15805      95.420066    1213.020090 0.0000000e+00
15806      95.420066    1209.020090 0.0000000e+00
15807      95.420066    1205.020090 0.0000000e+00
15808      95.420066    1201.020090 0.0000000e+00
15809      95.420066    1197.020090 0.0000000e+00
15810      95.420066    1193.020090 0.0000000e+00
15811      95.420066    1189.020090 0.0000000e+00
15812      95.420066    1185.020090 0.0000000e+00
15813      95.420066    1181.020090 0.0000000e+00
15814      95.420066    1177.020090 0.0000000e+00
15815      95.420066    1173.020090 0.0000000e+00
15816      95.420066    1169.020090 0.0000000e+00
15817      95.420066    1165.020090 0.0000000e+00
15818      95.420066    1161.020090 0.0000000e+00
15819      95.420066    1157.020090 0.0000000e+00
15820      95.420066    1153.020090 0.0000000e+00
15821      95.420066    1149.020090 0.0000000e+00
15822      95.420066    1145.020090 0.0000000e+00
15823      95.420066    1141.020090 0.0000000e+00
15824      95.420066    1137.020090 0.0000000e+00
15825      95.420066    1133.020090 0.0000000e+00
15826      95.420066    1129.020090 0.0000000e+00
15827      95.420066    1125.020090 0.0000000e+00
15828      95.420066    1121.020090 0.0000000e+00
15829      95.420066    1117.020090 0.0000000e+00
15830      95.420066    1113.020090 0.0000000e+00
15831      95.420066    1109.020090 0.0000000e+00
15832      95.420066    1105.020090 0.0000000e+00
15833      95.420066    1101.020090 0.0000000e+00
15834      95.420066    1097.020090 0.0000000e+00
15835      95.420066    1093.020090 0.0000000e+00
15836      95.420066    1089.020090 0.0000000e+00
15837      95.420066    1085.020090 0.0000000e+00
15838      95.420066    1081.020090 0.0000000e+00
15839      95.420066    1077.020090 0.0000000e+00
15840      95.420066    1073.020090 0.0000000e+00
15841      95.420066    1069.020090 0.0000000e+00
15842      95.420066    1065.020090 0.0000000e+00
15843      95.420066    1061.020090 0.0000000e+00
15844      95.420066    1057.020090 0.0000000e+00
15845      95.420066    1053.020090 0.0000000e+00
15846      95.420066    1049.020090 0.0000000e+00
15847      95.420066    1045.020090 0.0000000e+00
15848      95.420066    1041.020090 0.0000000e+00
15849      95.420066    1037.020090 0.0000000e+00
15850      95.420066    1033.020090 0.0000000e+00
15851      95.420066    1029.020090 0.0000000e+00
15852      95.420066    1025.020090 0.0000000e+00
15853      95.420066    1021.020090 0.0000000e+00
15854      95.420066    1017.020090 0.0000000e+00
15855      95.420066    1013.020090 0.0000000e+00
15856      95.420066    1009.020090 0.0000000e+00
15857      95.420066    1005.020090 0.0000000e+00
15858      95.420066    1001.020090 0.0000000e+00
15859      95.420066     997.020086 0.0000000e+00
15860      95.420066     993.020086 0.0000000e+00
15861      95.420066     989.020086 0.0000000e+00
15862      95.420066     985.020086 0.0000000e+00
15863      95.420066     981.020086 0.0000000e+00
15864      95.420066     977.020086 0.0000000e+00
15865      95.420066     973.020086 0.0000000e+00
15866      95.420066     969.020086 0.0000000e+00
15867      95.420066     965.020086 0.0000000e+00
15868      95.420066     961.020086 0.0000000e+00
15869      95.420066     957.020086 0.0000000e+00
15870      95.420066     953.020086 0.0000000e+00
15871      95.420066     949.020086 0.0000000e+00
15872      95.420066     945.020086 0.0000000e+00
15873      95.420066     941.020086 0.0000000e+00
15874      95.420066     937.020086 0.0000000e+00
15875      95.420066     933.020086 0.0000000e+00
15876      95.420066     929.020086 0.0000000e+00
15877      95.420066     925.020086 0.0000000e+00
15878      95.420066     921.020086 0.0000000e+00
15879      95.420066     917.020086 0.0000000e+00
15880      95.420066     913.020086 0.0000000e+00
15881      95.420066     909.020086 0.0000000e+00
15882      95.420066     905.020086 0.0000000e+00
15883      95.420066     901.020086 0.0000000e+00
15884      95.420066     897.020086 0.0000000e+00
15885      95.420066     893.020086 0.0000000e+00
15886      95.420066     889.020086 0.0000000e+00
15887      95.420066     885.020086 0.0000000e+00
15888      95.420066     881.020086 0.0000000e+00
15889      95.420066     877.020086 0.0000000e+00
15890      95.420066     873.020086 0.0000000e+00
15891      95.420066     869.020086 0.0000000e+00
15892      95.420066     865.020086 0.0000000e+00
15893      95.420066     861.020086 0.0000000e+00
15894      95.420066     857.020086 0.0000000e+00
15895      95.420066     853.020086 0.0000000e+00
15896      95.420066     849.020086 0.0000000e+00
15897      95.420066     845.020086 0.0000000e+00
15898      95.420066     841.020086 0.0000000e+00
15899      95.420066     837.020086 0.0000000e+00
15900      95.420066     833.020086 0.0000000e+00
15901      95.420066     829.020086 0.0000000e+00
15902      95.420066     825.020086 0.0000000e+00
15903      95.420066     821.020086 0.0000000e+00
15904      95.420066     817.020086 0.0000000e+00
15905      95.420066     813.020086 0.0000000e+00
15906      95.420066     809.020086 0.0000000e+00
15907      95.420066     805.020086 0.0000000e+00
15908      95.420066     801.020086 0.0000000e+00
15909      95.420066     797.020086 0.0000000e+00
15910      95.420066     793.020086 0.0000000e+00
15911      95.420066     789.020086 0.0000000e+00
15912      95.420066     785.020086 0.0000000e+00
15913      95.420066     781.020086 0.0000000e+00
15914      95.420066     777.020086 0.0000000e+00
15915      95.420066     773.020086 0.0000000e+00
15916      95.420066     769.020086 0.0000000e+00
15917      95.420066     765.020086 0.0000000e+00
15918      95.420066     761.020086 0.0000000e+00
15919      95.420066     757.020086 0.0000000e+00
15920      95.420066     753.020086 0.0000000e+00
15921      95.420066     749.020086 0.0000000e+00
15922      95.420066     745.020086 0.0000000e+00
15923      95.420066     741.020086 0.0000000e+00
15924      95.420066     737.020086 0.0000000e+00
15925      95.420066     733.020086 0.0000000e+00
15926      95.420066     729.020086 0.0000000e+00
15927      95.420066     725.020086 0.0000000e+00
15928      95.420066     721.020086 0.0000000e+00
15929      95.420066     717.020086 0.0000000e+00
15930      95.420066     713.020086 0.0000000e+00
15931      95.420066     709.020086 0.0000000e+00
15932      95.420066     705.020086 0.0000000e+00
15933      95.420066     701.020086 0.0000000e+00
15934      95.420066     697.020086 0.0000000e+00
15935      95.420066     693.020086 0.0000000e+00
15936      95.420066     689.020086 0.0000000e+00
15937      95.420066     685.020086 0.0000000e+00
15938      95.420066     681.020086 0.0000000e+00
15939      95.420066     677.020086 0.0000000e+00
15940      95.420066     673.020086 0.0000000e+00
15941      95.420066     669.020086 0.0000000e+00
15942      95.420066     665.020086 0.0000000e+00
15943      95.420066     661.020086 0.0000000e+00
15944      95.420066     657.020086 0.0000000e+00
15945      95.420066     653.020086 0.0000000e+00
15946      95.420066     649.020086 0.0000000e+00
15947      95.420066     645.020086 0.0000000e+00
15948      95.420066     641.020086 0.0000000e+00
15949      95.420066     637.020086 0.0000000e+00
15950      95.420066     633.020086 0.0000000e+00
15951      95.420066     629.020086 0.0000000e+00
15952      95.420066     625.020086 0.0000000e+00
15953      95.420066     621.020086 0.0000000e+00
15954      95.420066     617.020086 0.0000000e+00
15955      95.420066     613.020086 0.0000000e+00
15956      95.420066     609.020086 0.0000000e+00
15957      95.420066     605.020086 0.0000000e+00
15958      95.420066     601.020086 0.0000000e+00
15959      95.420066     597.020086 0.0000000e+00
15960      95.420066     593.020086 0.0000000e+00
15961      95.420066     589.020086 0.0000000e+00
15962      95.420066     585.020086 0.0000000e+00
15963      95.420066     581.020086 0.0000000e+00
15964      95.420066     577.020086 0.0000000e+00
15965      95.420066     573.020086 0.0000000e+00
15966      95.420066     569.020086 0.0000000e+00
15967      95.420066     565.020086 0.0000000e+00
15968      95.420066     561.020086 0.0000000e+00
15969      95.420066     557.020086 0.0000000e+00
15970      95.420066     553.020086 0.0000000e+00
15971      95.420066     549.020086 0.0000000e+00
15972      95.420066     545.020086 0.0000000e+00
15973      95.420066     541.020086 0.0000000e+00
15974      95.420066     537.020086 0.0000000e+00
15975      95.420066     533.020086 0.0000000e+00
15976      95.420066     529.020086 0.0000000e+00
15977      95.420066     525.020086 0.0000000e+00
15978      95.420066     521.020086 0.0000000e+00
15979      95.420066     517.020086 0.0000000e+00
15980      95.420066     513.020086 0.0000000e+00
15981      95.420066     509.020086 0.0000000e+00
15982      95.420066     505.020086 0.0000000e+00
15983      95.420066     501.020086 0.0000000e+00
15984      95.420066     497.020086 0.0000000e+00
15985      95.420066     493.020086 0.0000000e+00
15986      95.420066     489.020086 0.0000000e+00
15987      95.420066     485.020086 0.0000000e+00
15988      95.420066     481.020086 0.0000000e+00
15989      95.420066     477.020086 0.0000000e+00
15990      95.420066     473.020086 0.0000000e+00
15991      95.420066     469.020086 0.0000000e+00
15992      95.420066     465.020086 0.0000000e+00
15993      95.420066     461.020086 0.0000000e+00
15994      95.420066     457.020086 0.0000000e+00
15995      95.420066     453.020086 0.0000000e+00
15996      95.420066     449.020086 0.0000000e+00
15997      95.420066     445.020086 0.0000000e+00
15998      95.420066     441.020086 0.0000000e+00
15999      95.420066     437.020086 0.0000000e+00
16000      95.420066     433.020086 0.0000000e+00
16001      95.420066     429.020086 0.0000000e+00
16002      95.420066     425.020086 0.0000000e+00
16003      95.420066     421.020086 0.0000000e+00
16004      95.420066     417.020086 0.0000000e+00
16005      95.420066     413.020086 0.0000000e+00
16006      95.420066     409.020086 0.0000000e+00
16007      95.420066     405.020086 0.0000000e+00
16008      95.420066     401.020086 0.0000000e+00
16009      95.420066     397.020086 0.0000000e+00
16010      95.420066     393.020086 0.0000000e+00
16011      95.420066     389.020086 0.0000000e+00
16012      95.420066     385.020086 0.0000000e+00
16013      95.420066     381.020086 0.0000000e+00
16014      95.420066     377.020086 0.0000000e+00
16015      95.420066     373.020086 0.0000000e+00
16016      95.420066     369.020086 0.0000000e+00
16017      95.420066     365.020086 0.0000000e+00
16018      95.420066     361.020086 0.0000000e+00
16019      95.420067     357.020086 0.0000000e+00
16020      95.420068     353.020086 0.0000000e+00
16021      95.420072     349.020085 0.0000000e+00
16022      95.420088     345.020081 0.0000000e+00
16023      95.420137     341.020054 0.0000000e+00
16024      95.420687     337.019808 0.0000000e+00
16025      95.424405     333.018709 0.0000000e+00
16026      95.437481     329.015651 0.0000000e+00
16027      95.460781     325.003874 0.0000000e+00
16028      95.525720     320.939156 0.0000000e+00
16029      95.495068     316.746017 0.0000000e+00
16030      95.969813     312.096464 0.0000000e+00
16031      99.363434     310.350180 0.0000000e+00
16032      97.037587     307.395316 0.0000000e+00
16033     101.131645     306.939943 0.0000000e+00
16034     105.127727     306.980823 0.0000000e+00
16035     109.117651     306.987368 0.0000000e+00
16036     113.136134     306.963791 0.0000000e+00
16037     117.156813     306.954392 0.0000000e+00
16038     121.173631     306.952014 0.0000000e+00
16039     125.190004     306.950066 0.0000000e+00
16040     129.205958     306.949217 0.0000000e+00
16041     133.221506     306.949084 0.0000000e+00
16042     137.237365     306.949332 0.0000000e+00
16043     141.255166     306.950999 0.0000000e+00
16044     145.277457     306.959441 0.0000000e+00
16045     149.303291     306.988443 0.0000000e+00
16046     153.350426     307.048696 0.0000000e+00
16047     157.447745     307.131924 0.0000000e+00
16048     161.597481     307.224823 0.0000000e+00
16049     165.801117     307.321040 0.0000000e+00
16050     170.060421     307.418965 0.0000000e+00
16051     174.376641     307.518285 0.0000000e+00
16052     178.750716     307.618953 0.0000000e+00
16053     183.183476     307.720973 0.0000000e+00
16054     187.675723     307.824360 0.0000000e+00
16055     192.228265     307.929137 0.0000000e+00
16056     196.841935     308.035364 0.0000000e+00
16057     201.517643     308.143181 0.0000000e+00
16058     206.256500     308.252638 0.0000000e+00
16059     211.061105     308.362809 0.0000000e+00
16060     215.942876     308.487407 0.0000000e+00
16061     220.909424     308.669559 0.0000000e+00
16062     225.959812     308.987382 0.0000000e+00
16063     231.235699     309.476600 0.0000000e+00
16064     236.852219     310.084487 0.0000000e+00
16065     242.835302     310.761192 0.0000000e+00
16066     249.218000     311.490194 0.0000000e+00
16067     256.031644     312.268955 0.0000000e+00
16068     263.305756     313.094926 0.0000000e+00
16069     271.068996     313.969023 0.0000000e+00
16070     279.351495     314.902658 0.0000000e+00
16071     288.188144     315.888176 0.0000000e+00
16072     297.625669     316.884469 0.0000000e+00
16073     307.660057     317.860781 0.0000000e+00
16074     318.229315     318.820194 0.0000000e+00
16075     329.349838     319.794700 0.0000000e+00
16076     341.046661     320.807891 0.0000000e+00
16077     353.343524     321.869791 0.0000000e+00
16078     366.263440     322.983800 0.0000000e+00
16079     379.824128     324.117474 0.0000000e+00
16080     394.065870     325.172575 0.0000000e+00
16081     408.936432     326.084275 0.0000000e+00
16082     424.181127     326.799446 0.0000000e+00
16083     439.751053     327.385120 0.0000000e+00
16084     455.667450     327.924279 0.0000000e+00
16085     471.941708     328.465181 0.0000000e+00
16086     488.541562     329.033813 0.0000000e+00
16087     505.472003     329.618434 0.0000000e+00
16088     522.742132     330.216009 0.0000000e+00
16089     540.360151     330.826048 0.0000000e+00
16090     558.333784     331.449015 0.0000000e+00
16091     576.670929     332.086219 0.0000000e+00
16092     595.378960     332.734204 0.0000000e+00
16093     614.461584     333.346635 0.0000000e+00
16094     633.973834     334.070640 0.0000000e+00
16095     653.931049     335.046857 0.0000000e+00
16096     674.528478     336.298859 0.0000000e+00
16097     695.889944     337.738871 0.0000000e+00
16098     718.110175     339.260816 0.0000000e+00
16099     741.238630     340.849809 0.0000000e+00
16100     765.397510     342.602178 0.0000000e+00
16101     790.735000     344.788701 0.0000000e+00
16102     817.236510     347.290919 0.0000000e+00
16103     843.584947     351.685188 0.0000000e+00
16104     847.141343     378.621617 0.0000000e+00
16105     848.940345     406.326554 0.0000000e+00
16106     849.468147     434.376018 0.0000000e+00
16107     849.526073     462.410436 0.0000000e+00
16108     849.533048     490.413853 0.0000000e+00
16109     849.553915     518.425229 0.0000000e+00
16110     849.547591     546.439242 0.0000000e+00
16111     849.495880     574.469070 0.0000000e+00
16112     849.453603     602.460943 0.0000000e+00
16113     849.461840     630.426264 0.0000000e+00
16114     849.515749     658.408865 0.0000000e+00
16115     849.578231     686.429919 0.0000000e+00
16116     849.597544     714.436274 0.0000000e+00
16117     849.607720     742.429994 0.0000000e+00
16118     849.621016     770.418660 0.0000000e+00
16119     849.659450     798.419586 0.0000000e+00
16120     849.784884     826.347436 0.0000000e+00
16121     849.760635     853.396039 0.0000000e+00
16122     845.836068     876.802383 0.0000000e+00
16123     849.342757     901.919286 0.0000000e+00
16124     848.680888     929.685038 0.0000000e+00
16125     847.387945     957.070323 0.0000000e+00
16126     848.295426     985.731193 0.0000000e+00
16127     849.356203    1013.182250 0.0000000e+00
16128     849.344753    1041.128340 0.0000000e+00
16129     849.372829    1070.042430 0.0000000e+00
16130     847.403005    1101.375690 0.0000000e+00
16131     849.374266    1131.239740 0.0000000e+00
16132     849.521838    1159.899710 0.0000000e+00
16133     849.514886    1188.088490 0.0000000e+00
16134     849.520263    1216.139740 0.0000000e+00
16135     849.518008    1244.165810 0.0000000e+00
16136     849.473682    1272.203340 0.0000000e+00
16137     849.433549    1300.200160 0.0000000e+00
16138     849.440046    1328.170080 0.0000000e+00
16139     849.496322    1356.157070 0.0000000e+00
16140     849.568442    1384.177040 0.0000000e+00
16141     849.601597    1412.182310 0.0000000e+00
16142     849.671622    1440.186550 0.0000000e+00
16143     849.512655    1468.350580 0.0000000e+00
16144     848.480768    1496.498370 0.0000000e+00
16145     845.208759    1523.732150 0.0000000e+00
16146     842.962707    1548.912660 0.0000000e+00
16147     819.046619    1555.688200 0.0000000e+00
16148     795.192296    1554.432630 0.0000000e+00
16149     770.141655    1556.748940 0.0000000e+00
16150     745.756096    1558.728920 0.0000000e+00
16151     722.339580    1560.399040 0.0000000e+00
16152     699.943516    1561.876680 0.0000000e+00
16153     678.413350    1563.298330 0.0000000e+00
16154     657.693443    1564.572230 0.0000000e+00
16155     637.670621    1565.604380 0.0000000e+00
16156     618.087196    1566.415110 0.0000000e+00
16157     598.904871    1567.115610 0.0000000e+00
16158     580.117103    1567.774370 0.0000000e+00
16159     561.708520    1568.413720 0.0000000e+00
16160     543.666911    1569.039000 0.0000000e+00
16161     525.983156    1569.651550 0.0000000e+00
16162     508.649574    1570.251890 0.0000000e+00
16163     491.659089    1570.840390 0.0000000e+00
16164     475.004992    1571.417370 0.0000000e+00
16165     458.681142    1571.982970 0.0000000e+00
16166     442.683203    1572.536640 0.0000000e+00
16167     427.012668    1573.078340 0.0000000e+00
16168     411.701448    1573.698040 0.0000000e+00
16169     396.759116    1574.513860 0.0000000e+00
16170     382.396016    1575.558040 0.0000000e+00
16171     368.706625    1576.701090 0.0000000e+00
16172     355.671681    1577.818460 0.0000000e+00
16173     343.263681    1578.890350 0.0000000e+00
16174     331.456543    1579.912260 0.0000000e+00
16175     320.226560    1580.886190 0.0000000e+00
16176     309.556304    1581.835280 0.0000000e+00
16177     299.421337    1582.800260 0.0000000e+00
16178     289.871938    1583.802800 0.0000000e+00
16179     280.936089    1584.804480 0.0000000e+00
16180     272.564189    1585.766650 0.0000000e+00
16181     264.724507    1586.671330 0.0000000e+00
16182     257.384996    1587.519110 0.0000000e+00
16183     250.514344    1588.312930 0.0000000e+00
16184     244.081755    1589.055630 0.0000000e+00
16185     238.054923    1589.748390 0.0000000e+00
16186     232.398551    1590.380900 0.0000000e+00
16187     227.085120    1590.904350 0.0000000e+00
16188     222.039213    1591.271700 0.0000000e+00
16189     217.084554    1591.489550 0.0000000e+00
16190     212.201227    1591.633120 0.0000000e+00
16191     207.393505    1591.749650 0.0000000e+00
16192     202.656928    1591.857720 0.0000000e+00
16193     197.988089    1591.963040 0.0000000e+00
16194     193.380959    1592.068870 0.0000000e+00
16195     188.834247    1592.173160 0.0000000e+00
16196     184.346910    1592.274170 0.0000000e+00
16197     179.919705    1592.373900 0.0000000e+00
16198     175.552300    1592.474080 0.0000000e+00
16199     171.243385    1592.575160 0.0000000e+00
16200     166.991543    1592.678410 0.0000000e+00
16201     162.793242    1592.779630 0.0000000e+00
16202     158.648182    1592.874970 0.0000000e+00
16203     154.554066    1592.960730 0.0000000e+00
16204     150.512320    1593.025530 0.0000000e+00
16205     146.503739    1593.060220 0.0000000e+00
16206     142.497579    1593.073580 0.0000000e+00
16207     138.493948    1593.077320 0.0000000e+00
16208     134.492437    1593.078150 0.0000000e+00
16209     130.491911    1593.078310 0.0000000e+00
16210     126.491715    1593.078270 0.0000000e+00
16211     122.491342    1593.077740 0.0000000e+00
16212     118.489541    1593.073800 0.0000000e+00
16213     114.488132    1593.068650 0.0000000e+00
16214     110.485962    1593.067650 0.0000000e+00
16215     106.462174    1593.072510 0.0000000e+00
16216     102.325958    1592.892440 0.0000000e+00
16217      98.185420    1592.618770 0.0000000e+00
16218      94.019422    1592.986540 0.0000000e+00
16219      91.797166    1590.270070 0.0000000e+00
16220      92.334775    1586.249010 0.0000000e+00
16221      91.874127    1582.234480 0.0000000e+00
16222      91.740135    1578.052310 0.0000000e+00
16223      91.897117    1574.117190 0.0000000e+00
16224      91.925853    1570.163400 0.0000000e+00
16225      91.925682    1566.179540 0.0000000e+00
16226      91.924736    1562.182770 0.0000000e+00
16227      91.924549    1558.181590 0.0000000e+00
16228      91.926024    1554.181880 0.0000000e+00
16229      91.926830    1550.182410 0.0000000e+00
16230      91.927186    1546.182740 0.0000000e+00
16231      91.927348    1542.182910 0.0000000e+00
16232      91.927421    1538.182990 0.0000000e+00
16233      91.927451    1534.183030 0.0000000e+00
16234      91.927460    1530.183050 0.0000000e+00
16235      91.927463    1526.183050 0.0000000e+00
16236      91.927463    1522.183050 0.0000000e+00
16237      91.927463    1518.183050 0.0000000e+00
16238      91.927462    1514.183050 0.0000000e+00
16239      91.927462    1510.183050 0.0000000e+00
16240      91.927462    1506.183050 0.0000000e+00
16241      91.927462    1502.183050 0.0000000e+00
16242      91.927462    1498.183050 0.0000000e+00
16243      91.927462    1494.183050 0.0000000e+00
16244      91.927462    1490.183050 0.0000000e+00
16245      91.927462    1486.183050 0.0000000e+00
16246      91.927462    1482.183050 0.0000000e+00
16247      91.927462    1478.183050 0.0000000e+00
16248      91.927462    1474.183050 0.0000000e+00
16249      91.927462    1470.183050 0.0000000e+00
16250      91.927462    1466.183050 0.0000000e+00
16251      91.927462    1462.183050 0.0000000e+00
16252      91.927462    1458.183050 0.0000000e+00
16253      91.927462    1454.183050 0.0000000e+00
16254      91.927462    1450.183050 0.0000000e+00
16255      91.927462    1446.183050 0.0000000e+00
16256      91.927462    1442.183050 0.0000000e+00
16257      91.927462    1438.183050 0.0000000e+00
16258      91.927462    1434.183050 0.0000000e+00
16259      91.927462    1430.183050 0.0000000e+00
16260      91.927462    1426.183050 0.0000000e+00
16261      91.927462    1422.183050 0.0000000e+00
16262      91.927462    1418.183050 0.0000000e+00
16263      91.927462    1414.183050 0.0000000e+00
16264      91.927462    1410.183050 0.0000000e+00
16265      91.927462    1406.183050 0.0000000e+00
16266      91.927462    1402.183050 0.0000000e+00
16267      91.927462    1398.183050 0.0000000e+00
16268      91.927462    1394.183050 0.0000000e+00
16269      91.927462    1390.183050 0.0000000e+00
16270      91.927462    1386.183050 0.0000000e+00
16271      91.927462    1382.183050 0.0000000e+00
16272      91.927462    1378.183050 0.0000000e+00
16273      91.927462    1374.183050 0.0000000e+00
16274      91.927462    1370.183050 0.0000000e+00
16275      91.927462    1366.183050 0.0000000e+00
16276      91.927462    1362.183050 0.0000000e+00
16277      91.927462    1358.183050 0.0000000e+00
16278      91.927462    1354.183050 0.0000000e+00
16279      91.927462    1350.183050 0.0000000e+00
16280      91.927462    1346.183050 0.0000000e+00
16281      91.927462    1342.183050 0.0000000e+00
16282      91.927462    1338.183050 0.0000000e+00
16283      91.927462    1334.183050 0.0000000e+00
16284      91.927462    1330.183050 0.0000000e+00
16285      91.927462    1326.183050 0.0000000e+00
16286      91.927462    1322.183050 0.0000000e+00
16287      91.927462    1318.183050 0.0000000e+00
16288      91.927462    1314.183050 0.0000000e+00
16289      91.927462    1310.183050 0.0000000e+00
16290      91.927462    1306.183050 0.0000000e+00
16291      91.927462    1302.183050 0.0000000e+00
16292      91.927462    1298.183050 0.0000000e+00
16293      91.927462    1294.183050 0.0000000e+00
16294      91.927462    1290.183050 0.0000000e+00
16295      91.927462    1286.183050 0.0000000e+00
16296      91.927462    1282.183050 0.0000000e+00
16297      91.927462    1278.183050 0.0000000e+00
16298      91.927462    1274.183050 0.0000000e+00
16299      91.927462    1270.183050 0.0000000e+00
16300      91.927462    1266.183050 0.0000000e+00
16301      91.927462    1262.183050 0.0000000e+00
16302      91.927462    1258.183050 0.0000000e+00
16303      91.927462    1254.183050 0.0000000e+00
16304      91.927462    1250.183050 0.0000000e+00
16305      91.927462    1246.183050 0.0000000e+00
16306      91.927462    1242.183050 0.0000000e+00
16307      91.927462    1238.183050 0.0000000e+00
16308      91.927462    1234.183050 0.0000000e+00
16309      91.927462    1230.183050 0.0000000e+00
16310      91.927462    1226.183050 0.0000000e+00
16311      91.927462    1222.183050 0.0000000e+00
16312      91.927462    1218.183050 0.0000000e+00
16313      91.927462    1214.183050 0.0000000e+00
16314      91.927462    1210.183050 0.0000000e+00
16315      91.927462    1206.183050 0.0000000e+00
16316      91.927462    1202.183050 0.0000000e+00
16317      91.927462    1198.183050 0.0000000e+00
16318      91.927462    1194.183050 0.0000000e+00
16319      91.927462    1190.183050 0.0000000e+00
16320      91.927462    1186.183050 0.0000000e+00
16321      91.927462    1182.183050 0.0000000e+00
16322      91.927462    1178.183050 0.0000000e+00
16323      91.927462    1174.183050 0.0000000e+00
16324      91.927462    1170.183050 0.0000000e+00
16325      91.927462    1166.183050 0.0000000e+00
16326      91.927462    1162.183050 0.0000000e+00
16327      91.927462    1158.183050 0.0000000e+00
16328      91.927462    1154.183050 0.0000000e+00
16329      91.927462    1150.183050 0.0000000e+00
16330      91.927462    1146.183050 0.0000000e+00
16331      91.927462    1142.183050 0.0000000e+00
16332      91.927462    1138.183050 0.0000000e+00
16333      91.927462    1134.183050 0.0000000e+00
16334      91.927462    1130.183050 0.0000000e+00
16335      91.927462    1126.183050 0.0000000e+00
16336      91.927462    1122.183050 0.0000000e+00
16337      91.927462    1118.183050 0.0000000e+00
16338      91.927462    1114.183050 0.0000000e+00
16339      91.927462    1110.183050 0.0000000e+00
16340      91.927462    1106.183050 0.0000000e+00
16341      91.927462    1102.183050 0.0000000e+00
16342      91.927462    1098.183050 0.0000000e+00
16343      91.927462    1094.183050 0.0000000e+00
16344      91.927462    1090.183050 0.0000000e+00
16345      91.927462    1086.183050 0.0000000e+00
16346      91.927462    1082.183050 0.0000000e+00
16347      91.927462    1078.183050 0.0000000e+00
16348      91.927462    1074.183050 0.0000000e+00
16349      91.927462    1070.183050 0.0000000e+00
16350      91.927462    1066.183050 0.0000000e+00
16351      91.927462    1062.183050 0.0000000e+00
16352      91.927462    1058.183050 0.0000000e+00
16353      91.927462    1054.183050 0.0000000e+00
16354      91.927462    1050.183050 0.0000000e+00
16355      91.927462    1046.183050 0.0000000e+00
16356      91.927462    1042.183050 0.0000000e+00
16357      91.927462    1038.183050 0.0000000e+00
16358      91.927462    1034.183050 0.0000000e+00
16359      91.927462    1030.183050 0.0000000e+00
16360      91.927462    1026.183050 0.0000000e+00
16361      91.927462    1022.183050 0.0000000e+00
16362      91.927462    1018.183050 0.0000000e+00
16363      91.927462    1014.183050 0.0000000e+00
16364      91.927462    1010.183050 0.0000000e+00
16365      91.927462    1006.183050 0.0000000e+00
16366      91.927462    1002.183050 0.0000000e+00
16367      91.927462     998.183053 0.0000000e+00
16368      91.927462     994.183053 0.0000000e+00
16369      91.927462     990.183053 0.0000000e+00
16370      91.927462     986.183053 0.0000000e+00
16371      91.927462     982.183053 0.0000000e+00
16372      91.927462     978.183053 0.0000000e+00
16373      91.927462     974.183053 0.0000000e+00
16374      91.927462     970.183053 0.0000000e+00
16375      91.927462     966.183053 0.0000000e+00
16376      91.927462     962.183053 0.0000000e+00
16377      91.927462     958.183053 0.0000000e+00
16378      91.927462     954.183053 0.0000000e+00
16379      91.927462     950.183053 0.0000000e+00
16380      91.927462     946.183053 0.0000000e+00
16381      91.927462     942.183053 0.0000000e+00
16382      91.927462     938.183053 0.0000000e+00
16383      91.927462     934.183053 0.0000000e+00
16384      91.927462     930.183053 0.0000000e+00
16385      91.927462     926.183053 0.0000000e+00
16386      91.927462     922.183053 0.0000000e+00
16387      91.927462     918.183053 0.0000000e+00
16388      91.927462     914.183053 0.0000000e+00
16389      91.927462     910.183053 0.0000000e+00
16390      91.927462     906.183053 0.0000000e+00
16391      91.927462     902.183053 0.0000000e+00
16392      91.927462     898.183053 0.0000000e+00
16393      91.927462     894.183053 0.0000000e+00
16394      91.927462     890.183053 0.0000000e+00
16395      91.927462     886.183053 0.0000000e+00
16396      91.927462     882.183053 0.0000000e+00
16397      91.927462     878.183053 0.0000000e+00
16398      91.927462     874.183053 0.0000000e+00
16399      91.927462     870.183053 0.0000000e+00
16400      91.927462     866.183053 0.0000000e+00
16401      91.927462     862.183053 0.0000000e+00
16402      91.927462     858.183053 0.0000000e+00
16403      91.927462     854.183053 0.0000000e+00
16404      91.927462     850.183053 0.0000000e+00
16405      91.927462     846.183053 0.0000000e+00
16406      91.927462     842.183053 0.0000000e+00
16407      91.927462     838.183053 0.0000000e+00
16408      91.927462     834.183053 0.0000000e+00
16409      91.927462     830.183053 0.0000000e+00
16410      91.927462     826.183053 0.0000000e+00
16411      91.927462     822.183053 0.0000000e+00
16412      91.927462     818.183053 0.0000000e+00
16413      91.927462     814.183053 0.0000000e+00
16414      91.927462     810.183053 0.0000000e+00
16415      91.927462     806.183053 0.0000000e+00
16416      91.927462     802.183053 0.0000000e+00
16417      91.927462     798.183053 0.0000000e+00
16418      91.927462     794.183053 0.0000000e+00
16419      91.927462     790.183053 0.0000000e+00
16420      91.927462     786.183053 0.0000000e+00
16421      91.927462     782.183053 0.0000000e+00
16422      91.927462     778.183053 0.0000000e+00
16423      91.927462     774.183053 0.0000000e+00
16424      91.927462     770.183053 0.0000000e+00
16425      91.927462     766.183053 0.0000000e+00
16426      91.927462     762.183053 0.0000000e+00
16427      91.927462     758.183053 0.0000000e+00
16428      91.927462     754.183053 0.0000000e+00
16429      91.927462     750.183053 0.0000000e+00
16430      91.927462     746.183053 0.0000000e+00
16431      91.927462     742.183053 0.0000000e+00
16432      91.927462     738.183053 0.0000000e+00
16433      91.927462     734.183053 0.0000000e+00
16434      91.927462     730.183053 0.0000000e+00
16435      91.927462     726.183053 0.0000000e+00
16436      91.927462     722.183053 0.0000000e+00
16437      91.927462     718.183053 0.0000000e+00
16438      91.927462     714.183053 0.0000000e+00
16439      91.927462     710.183053 0.0000000e+00
16440      91.927462     706.183053 0.0000000e+00
16441      91.927462     702.183053 0.0000000e+00
16442      91.927462     698.183053 0.0000000e+00
16443      91.927462     694.183053 0.0000000e+00
16444      91.927462     690.183053 0.0000000e+00
16445      91.927462     686.183053 0.0000000e+00
16446      91.927462     682.183053 0.0000000e+00
16447      91.927462     678.183053 0.0000000e+00
16448      91.927462     674.183053 0.0000000e+00
16449      91.927462     670.183053 0.0000000e+00
16450      91.927462     666.183053 0.0000000e+00
16451      91.927462     662.183053 0.0000000e+00
16452      91.927462     658.183053 0.0000000e+00
16453      91.927462     654.183053 0.0000000e+00
16454      91.927462     650.183053 0.0000000e+00
16455      91.927462     646.183053 0.0000000e+00
16456      91.927462     642.183053 0.0000000e+00
16457      91.927462     638.183053 0.0000000e+00
16458      91.927462     634.183053 0.0000000e+00
16459      91.927462     630.183053 0.0000000e+00
16460      91.927462     626.183053 0.0000000e+00
16461      91.927462     622.183053 0.0000000e+00
16462      91.927462     618.183053 0.0000000e+00
16463      91.927462     614.183053 0.0000000e+00
16464      91.927462     610.183053 0.0000000e+00
16465      91.927462     606.183053 0.0000000e+00
16466      91.927462     602.183053 0.0000000e+00
16467      91.927462     598.183053 0.0000000e+00
16468      91.927462     594.183053 0.0000000e+00
16469      91.927462     590.183053 0.0000000e+00
16470      91.927462     586.183053 0.0000000e+00
16471      91.927462     582.183053 0.0000000e+00
16472      91.927462     578.183053 0.0000000e+00
16473      91.927462     574.183053 0.0000000e+00
16474      91.927462     570.183053 0.0000000e+00
16475      91.927462     566.183053 0.0000000e+00
16476      91.927462     562.183053 0.0000000e+00
16477      91.927462     558.183053 0.0000000e+00
16478      91.927462     554.183053 0.0000000e+00
16479      91.927462     550.183053 0.0000000e+00
16480      91.927462     546.183053 0.0000000e+00
16481      91.927462     542.183053 0.0000000e+00
16482      91.927462     538.183053 0.0000000e+00
16483      91.927462     534.183053 0.0000000e+00
16484      91.927462     530.183053 0.0000000e+00
16485      91.927462     526.183053 0.0000000e+00
16486      91.927462     522.183053 0.0000000e+00
16487      91.927462     518.183053 0.0000000e+00
16488      91.927462     514.183053 0.0000000e+00
16489      91.927462     510.183053 0.0000000e+00
16490      91.927462     506.183053 0.0000000e+00
16491      91.927462     502.183053 0.0000000e+00
16492      91.927462     498.183053 0.0000000e+00
16493      91.927462     494.183053 0.0000000e+00
16494      91.927462     490.183053 0.0000000e+00
16495      91.927462     486.183053 0.0000000e+00
16496      91.927462     482.183053 0.0000000e+00
16497      91.927462     478.183053 0.0000000e+00
16498      91.927462     474.183053 0.0000000e+00
16499      91.927462     470.183053 0.0000000e+00
16500      91.927462     466.183053 0.0000000e+00
16501      91.927462     462.183053 0.0000000e+00
16502      91.927462     458.183053 0.0000000e+00
16503      91.927462     454.183053 0.0000000e+00
16504      91.927462     450.183053 0.0000000e+00
16505      91.927462     446.183053 0.0000000e+00
16506      91.927462     442.183053 0.0000000e+00
16507      91.927462     438.183053 0.0000000e+00
16508      91.927462     434.183053 0.0000000e+00
16509      91.927462     430.183053 0.0000000e+00
16510      91.927462     426.183053 0.0000000e+00
16511      91.927462     422.183053 0.0000000e+00
16512      91.927462     418.183053 0.0000000e+00
16513      91.927462     414.183053 0.0000000e+00
16514      91.927462     410.183053 0.0000000e+00
16515      91.927462     406.183053 0.0000000e+00
16516      91.927462     402.183053 0.0000000e+00
16517      91.927462     398.183053 0.0000000e+00
16518      91.927462     394.183053 0.0000000e+00
16519      91.927462     390.183053 0.0000000e+00
16520      91.927462     386.183053 0.0000000e+00
16521      91.927462     382.183053 0.0000000e+00
16522      91.927462     378.183053 0.0000000e+00
16523      91.927462     374.183053 0.0000000e+00
16524      91.927462     370.183053 0.0000000e+00
16525      91.927462     366.183053 0.0000000e+00
16526      91.927462     362.183053 0.0000000e+00
16527      91.927462     358.183053 0.0000000e+00
16528      91.927463     354.183053 0.0000000e+00
16529      91.927463     350.183053 0.0000000e+00
16530      91.927467     346.183052 0.0000000e+00
16531      91.927479     342.183046 0.0000000e+00
16532      91.927597     338.182987 0.0000000e+00
16533      91.928421     334.182635 0.0000000e+00
16534      91.931682     330.181554 0.0000000e+00
16535      91.939065     326.179624 0.0000000e+00
16536      91.962743     322.173304 0.0000000e+00
16537      91.984141     318.163820 0.0000000e+00
16538      92.157195     314.109699 0.0000000e+00
16539      91.911384     310.413220 0.0000000e+00
16540      93.330855     307.427201 0.0000000e+00
16541      91.292822     303.677823 0.0000000e+00
16542      95.119334     303.642258 0.0000000e+00
16543      99.030237     303.580275 0.0000000e+00
16544     103.085710     303.477182 0.0000000e+00
16545     107.107553     303.486147 0.0000000e+00
16546     111.122630     303.486206 0.0000000e+00
16547     115.142519     303.480424 0.0000000e+00
16548     119.162443     303.477962 0.0000000e+00
16549     123.181443     303.477097 0.0000000e+00
16550     127.200258     303.476468 0.0000000e+00
16551     131.218972     303.476121 0.0000000e+00
16552     135.237773     303.475997 0.0000000e+00
16553     139.257537     303.476334 0.0000000e+00
16554     143.280407     303.478630 0.0000000e+00
16555     147.307930     303.487423 0.0000000e+00
16556     151.343417     303.510013 0.0000000e+00
16557     155.417568     303.545837 0.0000000e+00
16558     159.545645     303.589891 0.0000000e+00
16559     163.727593     303.636809 0.0000000e+00
16560     167.964926     303.684905 0.0000000e+00
16561     172.258892     303.733754 0.0000000e+00
16562     176.610449     303.783260 0.0000000e+00
16563     181.020434     303.833409 0.0000000e+00
16564     185.489650     303.884200 0.0000000e+00
16565     190.018897     303.935642 0.0000000e+00
16566     194.608990     303.987751 0.0000000e+00
16567     199.260775     304.040570 0.0000000e+00
16568     203.975203     304.094155 0.0000000e+00
16569     208.754208     304.148522 0.0000000e+00
16570     213.605066     304.206922 0.0000000e+00
16571     218.539855     304.281827 0.0000000e+00
16572     223.555668     304.399231 0.0000000e+00
16573     228.713419     304.600911 0.0000000e+00
16574     234.190542     304.876359 0.0000000e+00
16575     240.030798     305.197443 0.0000000e+00
16576     246.263112     305.548649 0.0000000e+00
16577     252.918296     305.925617 0.0000000e+00
16578     260.024645     306.327075 0.0000000e+00
16579     267.610408     306.751444 0.0000000e+00
16580     275.705946     307.203575 0.0000000e+00
16581     284.342968     307.686031 0.0000000e+00
16582     293.560113     308.185888 0.0000000e+00
16583     303.389189     308.681334 0.0000000e+00
16584     313.780029     309.166887 0.0000000e+00
16585     324.708292     309.651017 0.0000000e+00
16586     336.202971     310.149923 0.0000000e+00
16587     348.289224     310.671023 0.0000000e+00
16588     360.991374     311.216953 0.0000000e+00
16589     374.327540     311.780467 0.0000000e+00
16590     388.319823     312.330249 0.0000000e+00
16591     402.991623     312.815126 0.0000000e+00
16592     418.149082     313.211385 0.0000000e+00
16593     433.620172     313.528442 0.0000000e+00
16594     449.422679     313.812285 0.0000000e+00
16595     465.559418     314.089121 0.0000000e+00
16596     482.031218     314.368988 0.0000000e+00
16597     498.836088     314.657828 0.0000000e+00
16598     515.979721     314.953673 0.0000000e+00
16599     533.469235     315.255862 0.0000000e+00
16600     551.311911     315.564383 0.0000000e+00
16601     569.515266     315.879616 0.0000000e+00
16602     588.087242     316.201362 0.0000000e+00
16603     607.038176     316.520261 0.0000000e+00
16604     626.403419     316.866420 0.0000000e+00
16605     646.183286     317.299669 0.0000000e+00
16606     666.494514     317.860536 0.0000000e+00
16607     687.591713     318.532313 0.0000000e+00
16608     709.519724     319.274612 0.0000000e+00
16609     732.334116     320.056305 0.0000000e+00
16610     756.144824     320.898670 0.0000000e+00
16611     781.242526     321.891096 0.0000000e+00
16612     808.257618     323.057147 0.0000000e+00
16613     837.399413     323.929112 0.0000000e+00
16614     866.118351     328.636307 0.0000000e+00
16615     872.559985     355.887925 0.0000000e+00
16616     873.798995     384.561973 0.0000000e+00
16617     874.353954     413.648684 0.0000000e+00
16618     874.478434     442.766364 0.0000000e+00
16619     874.487350     471.846688 0.0000000e+00
16620     874.485744     500.914665 0.0000000e+00
16621     874.484097     529.987350 0.0000000e+00
16622     874.468931     559.066353 0.0000000e+00
16623     874.452151     588.140820 0.0000000e+00
16624     874.444653     617.208185 0.0000000e+00
16625     874.449679     646.275202 0.0000000e+00
16626     874.462056     675.349485 0.0000000e+00
16627     874.472263     704.432101 0.0000000e+00
16628     874.472871     733.510306 0.0000000e+00
16629     874.471816     762.586385 0.0000000e+00
16630     874.474103     791.693997 0.0000000e+00
16631     874.495274     820.996657 0.0000000e+00
16632     874.457771     850.908429 0.0000000e+00
16633     872.540795     881.821374 0.0000000e+00
16634     874.342184     913.922316 0.0000000e+00
16635     874.162416     943.133213 0.0000000e+00
16636     871.133557     968.760218 0.0000000e+00
16637     874.742038     993.340309 0.0000000e+00
16638     874.660617    1021.321910 0.0000000e+00
16639     874.495388    1050.336540 0.0000000e+00
16640     873.758785    1080.040300 0.0000000e+00
16641     873.658403    1109.082300 0.0000000e+00
16642     874.332333    1138.404470 0.0000000e+00
16643     874.402290    1167.573530 0.0000000e+00
16644     874.419691    1196.673830 0.0000000e+00
16645     874.431640    1225.759540 0.0000000e+00
16646     874.431772    1254.846790 0.0000000e+00
16647     874.428722    1283.926650 0.0000000e+00
16648     874.432661    1312.996820 0.0000000e+00
16649     874.449158    1342.063860 0.0000000e+00
16650     874.475727    1371.135350 0.0000000e+00
16651     874.502595    1400.211950 0.0000000e+00
16652     874.529918    1429.284210 0.0000000e+00
16653     874.506369    1458.404730 0.0000000e+00
16654     874.261457    1487.644510 0.0000000e+00
16655     873.292085    1516.927110 0.0000000e+00
16656     872.091544    1545.716290 0.0000000e+00
16657     863.988639    1573.013760 0.0000000e+00
16658     834.412055    1576.197540 0.0000000e+00
16659     806.570057    1577.843010 0.0000000e+00
16660     781.218801    1577.958780 0.0000000e+00
16661     756.576838    1578.971610 0.0000000e+00
16662     732.796291    1579.857350 0.0000000e+00
16663     709.942560    1580.651960 0.0000000e+00
16664     687.993037    1581.382810 0.0000000e+00
16665     666.880011    1582.058100 0.0000000e+00
16666     646.558047    1582.631320 0.0000000e+00
16667     626.780257    1583.076450 0.0000000e+00
16668     607.404274    1583.447080 0.0000000e+00
16669     588.430823    1583.784510 0.0000000e+00
16670     569.843541    1584.108140 0.0000000e+00
16671     551.628337    1584.423600 0.0000000e+00
16672     533.775077    1584.732370 0.0000000e+00
16673     516.275648    1585.034910 0.0000000e+00
16674     499.122768    1585.331440 0.0000000e+00
16675     482.309523    1585.622130 0.0000000e+00
16676     465.829384    1585.907150 0.0000000e+00
16677     449.677166    1586.186720 0.0000000e+00
16678     433.852753    1586.462040 0.0000000e+00
16679     418.368544    1586.756780 0.0000000e+00
16680     403.213885    1587.124740 0.0000000e+00
16681     388.533047    1587.592550 0.0000000e+00
16682     374.527481    1588.140960 0.0000000e+00
16683     361.181523    1588.705110 0.0000000e+00
16684     348.472992    1589.250730 0.0000000e+00
16685     336.378512    1589.772290 0.0000000e+00
16686     324.873598    1590.269810 0.0000000e+00
16687     313.936268    1590.749840 0.0000000e+00
16688     303.539708    1591.232230 0.0000000e+00
16689     293.700071    1591.725430 0.0000000e+00
16690     284.474707    1592.228480 0.0000000e+00
16691     275.837268    1592.718070 0.0000000e+00
16692     267.749434    1593.182400 0.0000000e+00
16693     260.179147    1593.618040 0.0000000e+00
16694     253.094701    1594.026000 0.0000000e+00
16695     246.465121    1594.407690 0.0000000e+00
16696     240.259519    1594.763980 0.0000000e+00
16697     234.444512    1595.092580 0.0000000e+00
16698     228.987162    1595.378300 0.0000000e+00
16699     223.851900    1595.593940 0.0000000e+00
16700     218.869956    1595.719750 0.0000000e+00
16701     213.959204    1595.802880 0.0000000e+00
16702     209.125894    1595.865900 0.0000000e+00
16703     204.364509    1595.922080 0.0000000e+00
16704     199.669843    1595.975920 0.0000000e+00
16705     195.038951    1596.028740 0.0000000e+00
16706     190.469510    1596.081080 0.0000000e+00
16707     185.960407    1596.132360 0.0000000e+00
16708     181.511125    1596.182810 0.0000000e+00
16709     177.121023    1596.232940 0.0000000e+00
16710     172.789242    1596.283000 0.0000000e+00
16711     168.514959    1596.333270 0.0000000e+00
16712     164.296728    1596.383060 0.0000000e+00
16713     160.133152    1596.431300 0.0000000e+00
16714     156.022654    1596.476230 0.0000000e+00
16715     151.964333    1596.512650 0.0000000e+00
16716     147.947424    1596.537330 0.0000000e+00
16717     143.941114    1596.547360 0.0000000e+00
16718     139.936812    1596.550890 0.0000000e+00
16719     135.934823    1596.551880 0.0000000e+00
16720     131.934087    1596.552120 0.0000000e+00
16721     127.933841    1596.552170 0.0000000e+00
16722     123.933711    1596.552060 0.0000000e+00
16723     119.933333    1596.551220 0.0000000e+00
16724     115.932969    1596.549740 0.0000000e+00
16725     111.932699    1596.548660 0.0000000e+00
16726     107.928357    1596.547880 0.0000000e+00
16727     103.899463    1596.499090 0.0000000e+00
16728      99.886469    1596.402360 0.0000000e+00
16729      95.972077    1596.420450 0.0000000e+00
16730      92.081790    1596.683920 0.0000000e+00
16731      89.172051    1594.621340 0.0000000e+00
16732      88.160532    1590.721860 0.0000000e+00
16733      88.572369    1586.996580 0.0000000e+00
16734      88.520404    1583.176830 0.0000000e+00
16735      88.421453    1579.174360 0.0000000e+00
16736      88.412198    1575.119400 0.0000000e+00
16737      88.447495    1571.130590 0.0000000e+00
16738      88.455010    1567.142560 0.0000000e+00
16739      88.455944    1563.147380 0.0000000e+00
16740      88.456103    1559.148730 0.0000000e+00
16741      88.456230    1555.148770 0.0000000e+00
16742      88.456573    1551.148900 0.0000000e+00
16743      88.456771    1547.149040 0.0000000e+00
16744      88.456862    1543.149130 0.0000000e+00
16745      88.456904    1539.149170 0.0000000e+00
16746      88.456923    1535.149200 0.0000000e+00
16747      88.456930    1531.149210 0.0000000e+00
16748      88.456933    1527.149210 0.0000000e+00
16749      88.456933    1523.149210 0.0000000e+00
16750      88.456933    1519.149210 0.0000000e+00
16751      88.456933    1515.149210 0.0000000e+00
16752      88.456933    1511.149210 0.0000000e+00
16753      88.456933    1507.149210 0.0000000e+00
16754      88.456933    1503.149210 0.0000000e+00
16755      88.456933    1499.149210 0.0000000e+00
16756      88.456933    1495.149210 0.0000000e+00
16757      88.456933    1491.149210 0.0000000e+00
16758      88.456933    1487.149210 0.0000000e+00
16759      88.456933    1483.149210 0.0000000e+00
16760      88.456933    1479.149210 0.0000000e+00
16761      88.456933    1475.149210 0.0000000e+00
16762      88.456933    1471.149210 0.0000000e+00
16763      88.456933    1467.149210 0.0000000e+00
16764      88.456933    1463.149210 0.0000000e+00
16765      88.456933    1459.149210 0.0000000e+00
16766      88.456933    1455.149210 0.0000000e+00
16767      88.456933    1451.149210 0.0000000e+00
16768      88.456933    1447.149210 0.0000000e+00
16769      88.456933    1443.149210 0.0000000e+00
16770      88.456933    1439.149210 0.0000000e+00
16771      88.456933    1435.149210 0.0000000e+00
16772      88.456933    1431.149210 0.0000000e+00
16773      88.456933    1427.149210 0.0000000e+00
16774      88.456933    1423.149210 0.0000000e+00
16775      88.456933    1419.149210 0.0000000e+00
16776      88.456933    1415.149210 0.0000000e+00
16777      88.456933    1411.149210 0.0000000e+00
16778      88.456933    1407.149210 0.0000000e+00
16779      88.456933    1403.149210 0.0000000e+00
16780      88.456933    1399.149210 0.0000000e+00
16781      88.456933    1395.149210 0.0000000e+00
16782      88.456933    1391.149210 0.0000000e+00
16783      88.456933    1387.149210 0.0000000e+00
16784      88.456933    1383.149210 0.0000000e+00
16785      88.456933    1379.149210 0.0000000e+00
16786      88.456933    1375.149210 0.0000000e+00
16787      88.456933    1371.149210 0.0000000e+00
16788      88.456933    1367.149210 0.0000000e+00
16789      88.456933    1363.149210 0.0000000e+00
16790      88.456933    1359.149210 0.0000000e+00
16791      88.456933    1355.149210 0.0000000e+00
16792      88.456933    1351.149210 0.0000000e+00
16793      88.456933    1347.149210 0.0000000e+00
16794      88.456933    1343.149210 0.0000000e+00
16795      88.456933    1339.149210 0.0000000e+00
16796      88.456933    1335.149210 0.0000000e+00
16797      88.456933    1331.149210 0.0000000e+00
16798      88.456933    1327.149210 0.0000000e+00
16799      88.456933    1323.149210 0.0000000e+00
16800      88.456933    1319.149210 0.0000000e+00
16801      88.456933    1315.149210 0.0000000e+00
16802      88.456933    1311.149210 0.0000000e+00
16803      88.456933    1307.149210 0.0000000e+00
16804      88.456933    1303.149210 0.0000000e+00
16805      88.456933    1299.149210 0.0000000e+00
16806      88.456933    1295.149210 0.0000000e+00
16807      88.456933    1291.149210 0.0000000e+00
16808      88.456933    1287.149210 0.0000000e+00
16809      88.456933    1283.149210 0.0000000e+00
16810      88.456933    1279.149210 0.0000000e+00
16811      88.456933    1275.149210 0.0000000e+00
16812      88.456933    1271.149210 0.0000000e+00
16813      88.456933    1267.149210 0.0000000e+00
16814      88.456933    1263.149210 0.0000000e+00
16815      88.456933    1259.149210 0.0000000e+00
16816      88.456933    1255.149210 0.0000000e+00
16817      88.456933    1251.149210 0.0000000e+00
16818      88.456933    1247.149210 0.0000000e+00
16819      88.456933    1243.149210 0.0000000e+00
16820      88.456933    1239.149210 0.0000000e+00
16821      88.456933    1235.149210 0.0000000e+00
16822      88.456933    1231.149210 0.0000000e+00
16823      88.456933    1227.149210 0.0000000e+00
16824      88.456933    1223.149210 0.0000000e+00
16825      88.456933    1219.149210 0.0000000e+00
16826      88.456933    1215.149210 0.0000000e+00
16827      88.456933    1211.149210 0.0000000e+00
16828      88.456933    1207.149210 0.0000000e+00
16829      88.456933    1203.149210 0.0000000e+00
16830      88.456933    1199.149210 0.0000000e+00
16831      88.456933    1195.149210 0.0000000e+00
16832      88.456933    1191.149210 0.0000000e+00
16833      88.456933    1187.149210 0.0000000e+00
16834      88.456933    1183.149210 0.0000000e+00
16835      88.456933    1179.149210 0.0000000e+00
16836      88.456933    1175.149210 0.0000000e+00
16837      88.456933    1171.149210 0.0000000e+00
16838      88.456933    1167.149210 0.0000000e+00
16839      88.456933    1163.149210 0.0000000e+00
16840      88.456933    1159.149210 0.0000000e+00
16841      88.456933    1155.149210 0.0000000e+00
16842      88.456933    1151.149210 0.0000000e+00
16843      88.456933    1147.149210 0.0000000e+00
16844      88.456933    1143.149210 0.0000000e+00
16845      88.456933    1139.149210 0.0000000e+00
16846      88.456933    1135.149210 0.0000000e+00
16847      88.456933    1131.149210 0.0000000e+00
16848      88.456933    1127.149210 0.0000000e+00
16849      88.456933    1123.149210 0.0000000e+00
16850      88.456933    1119.149210 0.0000000e+00
16851      88.456933    1115.149210 0.0000000e+00
16852      88.456933    1111.149210 0.0000000e+00
16853      88.456933    1107.149210 0.0000000e+00
16854      88.456933    1103.149210 0.0000000e+00
16855      88.456933    1099.149210 0.0000000e+00
16856      88.456933    1095.149210 0.0000000e+00
16857      88.456933    1091.149210 0.0000000e+00
16858      88.456933    1087.149210 0.0000000e+00
16859      88.456933    1083.149210 0.0000000e+00
16860      88.456933    1079.149210 0.0000000e+00
16861      88.456933    1075.149210 0.0000000e+00
16862      88.456933    1071.149210 0.0000000e+00
16863      88.456933    1067.149210 0.0000000e+00
16864      88.456933    1063.149210 0.0000000e+00
16865      88.456933    1059.149210 0.0000000e+00
16866      88.456933    1055.149210 0.0000000e+00
16867      88.456933    1051.149210 0.0000000e+00
16868      88.456933    1047.149210 0.0000000e+00
16869      88.456933    1043.149210 0.0000000e+00
16870      88.456933    1039.149210 0.0000000e+00
16871      88.456933    1035.149210 0.0000000e+00
16872      88.456933    1031.149210 0.0000000e+00
16873      88.456933    1027.149210 0.0000000e+00
16874      88.456933    1023.149210 0.0000000e+00
16875      88.456933    1019.149210 0.0000000e+00
16876      88.456933    1015.149210 0.0000000e+00
16877      88.456933    1011.149210 0.0000000e+00
16878      88.456933    1007.149210 0.0000000e+00
16879      88.456933    1003.149210 0.0000000e+00
16880      88.456933     999.149212 0.0000000e+00
16881      88.456933     995.149212 0.0000000e+00
16882      88.456933     991.149212 0.0000000e+00
16883      88.456933     987.149212 0.0000000e+00
16884      88.456933     983.149212 0.0000000e+00
16885      88.456933     979.149212 0.0000000e+00
16886      88.456933     975.149212 0.0000000e+00
16887      88.456933     971.149212 0.0000000e+00
16888      88.456933     967.149212 0.0000000e+00
16889      88.456933     963.149212 0.0000000e+00
16890      88.456933     959.149212 0.0000000e+00
16891      88.456933     955.149212 0.0000000e+00
16892      88.456933     951.149212 0.0000000e+00
16893      88.456933     947.149212 0.0000000e+00
16894      88.456933     943.149212 0.0000000e+00
16895      88.456933     939.149212 0.0000000e+00
16896      88.456933     935.149212 0.0000000e+00
16897      88.456933     931.149212 0.0000000e+00
16898      88.456933     927.149212 0.0000000e+00
16899      88.456933     923.149212 0.0000000e+00
16900      88.456933     919.149212 0.0000000e+00
16901      88.456933     915.149212 0.0000000e+00
16902      88.456933     911.149212 0.0000000e+00
16903      88.456933     907.149212 0.0000000e+00
16904      88.456933     903.149212 0.0000000e+00
16905      88.456933     899.149212 0.0000000e+00
16906      88.456933     895.149212 0.0000000e+00
16907      88.456933     891.149212 0.0000000e+00
16908      88.456933     887.149212 0.0000000e+00
16909      88.456933     883.149212 0.0000000e+00
16910      88.456933     879.149212 0.0000000e+00
16911      88.456933     875.149212 0.0000000e+00
16912      88.456933     871.149212 0.0000000e+00
16913      88.456933     867.149212 0.0000000e+00
16914      88.456933     863.149212 0.0000000e+00
16915      88.456933     859.149212 0.0000000e+00
16916      88.456933     855.149212 0.0000000e+00
16917      88.456933     851.149212 0.0000000e+00
16918      88.456933     847.149212 0.0000000e+00
16919      88.456933     843.149212 0.0000000e+00
16920      88.456933     839.149212 0.0000000e+00
16921      88.456933     835.149212 0.0000000e+00
16922      88.456933     831.149212 0.0000000e+00
16923      88.456933     827.149212 0.0000000e+00
16924      88.456933     823.149212 0.0000000e+00
16925      88.456933     819.149212 0.0000000e+00
16926      88.456933     815.149212 0.0000000e+00
16927      88.456933     811.149212 0.0000000e+00
16928      88.456933     807.149212 0.0000000e+00
16929      88.456933     803.149212 0.0000000e+00
16930      88.456933     799.149212 0.0000000e+00
16931      88.456933     795.149212 0.0000000e+00
16932      88.456933     791.149212 0.0000000e+00
16933      88.456933     787.149212 0.0000000e+00
16934      88.456933     783.149212 0.0000000e+00
16935      88.456933     779.149212 0.0000000e+00
16936      88.456933     775.149212 0.0000000e+00
16937      88.456933     771.149212 0.0000000e+00
16938      88.456933     767.149212 0.0000000e+00
16939      88.456933     763.149212 0.0000000e+00
16940      88.456933     759.149212 0.0000000e+00
16941      88.456933     755.149212 0.0000000e+00
16942      88.456933     751.149212 0.0000000e+00
16943      88.456933     747.149212 0.0000000e+00
16944      88.456933     743.149212 0.0000000e+00
16945      88.456933     739.149212 0.0000000e+00
16946      88.456933     735.149212 0.0000000e+00
16947      88.456933     731.149212 0.0000000e+00
16948      88.456933     727.149212 0.0000000e+00
16949      88.456933     723.149212 0.0000000e+00
16950      88.456933     719.149212 0.0000000e+00
16951      88.456933     715.149212 0.0000000e+00
16952      88.456933     711.149212 0.0000000e+00
16953      88.456933     707.149212 0.0000000e+00
16954      88.456933     703.149212 0.0000000e+00
16955      88.456933     699.149212 0.0000000e+00
16956      88.456933     695.149212 0.0000000e+00
16957      88.456933     691.149212 0.0000000e+00
16958      88.456933     687.149212 0.0000000e+00
16959      88.456933     683.149212 0.0000000e+00
16960      88.456933     679.149212 0.0000000e+00
16961      88.456933     675.149212 0.0000000e+00
16962      88.456933     671.149212 0.0000000e+00
16963      88.456933     667.149212 0.0000000e+00
16964      88.456933     663.149212 0.0000000e+00
16965      88.456933     659.149212 0.0000000e+00
16966      88.456933     655.149212 0.0000000e+00
16967      88.456933     651.149212 0.0000000e+00
16968      88.456933     647.149212 0.0000000e+00
16969      88.456933     643.149212 0.0000000e+00
16970      88.456933     639.149212 0.0000000e+00
16971      88.456933     635.149212 0.0000000e+00
16972      88.456933     631.149212 0.0000000e+00
16973      88.456933     627.149212 0.0000000e+00
16974      88.456933     623.149212 0.0000000e+00
16975      88.456933     619.149212 0.0000000e+00
16976      88.456933     615.149212 0.0000000e+00
16977      88.456933     611.149212 0.0000000e+00
16978      88.456933     607.149212 0.0000000e+00
16979      88.456933     603.149212 0.0000000e+00
16980      88.456933     599.149212 0.0000000e+00
16981      88.456933     595.149212 0.0000000e+00
16982      88.456933     591.149212 0.0000000e+00
16983      88.456933     587.149212 0.0000000e+00
16984      88.456933     583.149212 0.0000000e+00
16985      88.456933     579.149212 0.0000000e+00
16986      88.456933     575.149212 0.0000000e+00
16987      88.456933     571.149212 0.0000000e+00
16988      88.456933     567.149212 0.0000000e+00
16989      88.456933     563.149212 0.0000000e+00
16990      88.456933     559.149212 0.0000000e+00
16991      88.456933     555.149212 0.0000000e+00
16992      88.456933     551.149212 0.0000000e+00
16993      88.456933     547.149212 0.0000000e+00
16994      88.456933     543.149212 0.0000000e+00
16995      88.456933     539.149212 0.0000000e+00
16996      88.456933     535.149212 0.0000000e+00
16997      88.456933     531.149212 0.0000000e+00
16998      88.456933     527.149212 0.0000000e+00
16999      88.456933     523.149212 0.0000000e+00
17000      88.456933     519.149212 0.0000000e+00
17001      88.456933     515.149212 0.0000000e+00
17002      88.456933     511.149212 0.0000000e+00
17003      88.456933     507.149212 0.0000000e+00
17004      88.456933     503.149212 0.0000000e+00
17005      88.456933     499.149212 0.0000000e+00
17006      88.456933     495.149212 0.0000000e+00
17007      88.456933     491.149212 0.0000000e+00
17008      88.456933     487.149212 0.0000000e+00
17009      88.456933     483.149212 0.0000000e+00
17010      88.456933     479.149212 0.0000000e+00
17011      88.456933     475.149212 0.0000000e+00
17012      88.456933     471.149212 0.0000000e+00
17013      88.456933     467.149212 0.0000000e+00
17014      88.456933     463.149212 0.0000000e+00
17015      88.456933     459.149212 0.0000000e+00
17016      88.456933     455.149212 0.0000000e+00
17017      88.456933     451.149212 0.0000000e+00
17018      88.456933     447.149212 0.0000000e+00
17019      88.456933     443.149212 0.0000000e+00
17020      88.456933     439.149212 0.0000000e+00
17021      88.456933     435.149212 0.0000000e+00
17022      88.456933     431.149212 0.0000000e+00
17023      88.456933     427.149212 0.0000000e+00
17024      88.456933     423.149212 0.0000000e+00
17025      88.456933     419.149212 0.0000000e+00
17026      88.456933     415.149212 0.0000000e+00
17027      88.456933     411.149212 0.0000000e+00
17028      88.456933     407.149212 0.0000000e+00
17029      88.456933     403.149212 0.0000000e+00
17030      88.456933     399.149212 0.0000000e+00
17031      88.456933     395.149212 0.0000000e+00
17032      88.456933     391.149212 0.0000000e+00
17033      88.456933     387.149212 0.0000000e+00
17034      88.456933     383.149212 0.0000000e+00
17035      88.456933     379.149212 0.0000000e+00
17036      88.456933     375.149212 0.0000000e+00
17037      88.456933     371.149212 0.0000000e+00
17038      88.456933     367.149212 0.0000000e+00
17039      88.456933     363.149212 0.0000000e+00
17040      88.456933     359.149212 0.0000000e+00
17041      88.456933     355.149212 0.0000000e+00
17042      88.456934     351.149212 0.0000000e+00
17043      88.456934     347.149212 0.0000000e+00
17044      88.456937     343.149211 0.0000000e+00
17045      88.456961     339.149201 0.0000000e+00
17046      88.457136     335.149141 0.0000000e+00
17047      88.457895     331.148911 0.0000000e+00
17048      88.459735     327.148299 0.0000000e+00
17049      88.466029     323.146149 0.0000000e+00
17050      88.474517     319.140226 0.0000000e+00
17051      88.527000     315.111972 0.0000000e+00
17052      88.461034     311.087326 0.0000000e+00
17053      88.883338     306.998728 0.0000000e+00
17054      87.823882     303.122126 0.0000000e+00
